-- MySQL dump 10.13  Distrib 8.0.31, for macos12.6 (arm64)
--
-- Host: localhost    Database: wowy
-- ------------------------------------------------------
-- Server version	8.0.31

/*!40101 SET @OLD_CHARACTER_SET_CLIENT=@@CHARACTER_SET_CLIENT */;
/*!40101 SET @OLD_CHARACTER_SET_RESULTS=@@CHARACTER_SET_RESULTS */;
/*!40101 SET @OLD_COLLATION_CONNECTION=@@COLLATION_CONNECTION */;
/*!50503 SET NAMES utf8mb4 */;
/*!40103 SET @OLD_TIME_ZONE=@@TIME_ZONE */;
/*!40103 SET TIME_ZONE='+00:00' */;
/*!40014 SET @OLD_UNIQUE_CHECKS=@@UNIQUE_CHECKS, UNIQUE_CHECKS=0 */;
/*!40014 SET @OLD_FOREIGN_KEY_CHECKS=@@FOREIGN_KEY_CHECKS, FOREIGN_KEY_CHECKS=0 */;
/*!40101 SET @OLD_SQL_MODE=@@SQL_MODE, SQL_MODE='NO_AUTO_VALUE_ON_ZERO' */;
/*!40111 SET @OLD_SQL_NOTES=@@SQL_NOTES, SQL_NOTES=0 */;

--
-- Table structure for table `activations`
--

DROP TABLE IF EXISTS `activations`;
/*!40101 SET @saved_cs_client     = @@character_set_client */;
/*!50503 SET character_set_client = utf8mb4 */;
CREATE TABLE `activations` (
  `id` bigint unsigned NOT NULL AUTO_INCREMENT,
  `user_id` int unsigned NOT NULL,
  `code` varchar(120) COLLATE utf8mb4_unicode_ci NOT NULL,
  `completed` tinyint(1) NOT NULL DEFAULT '0',
  `completed_at` timestamp NULL DEFAULT NULL,
  `created_at` timestamp NULL DEFAULT NULL,
  `updated_at` timestamp NULL DEFAULT NULL,
  PRIMARY KEY (`id`),
  KEY `activations_user_id_index` (`user_id`)
) ENGINE=InnoDB AUTO_INCREMENT=2 DEFAULT CHARSET=utf8mb4 COLLATE=utf8mb4_unicode_ci;
/*!40101 SET character_set_client = @saved_cs_client */;

--
-- Dumping data for table `activations`
--

LOCK TABLES `activations` WRITE;
/*!40000 ALTER TABLE `activations` DISABLE KEYS */;
INSERT INTO `activations` VALUES (1,1,'qiBY6Q88j87qoKPjkhZFH8BV188OfqrC',1,'2023-01-02 21:22:37','2023-01-02 21:22:37','2023-01-02 21:22:37');
/*!40000 ALTER TABLE `activations` ENABLE KEYS */;
UNLOCK TABLES;

--
-- Table structure for table `ads`
--

DROP TABLE IF EXISTS `ads`;
/*!40101 SET @saved_cs_client     = @@character_set_client */;
/*!50503 SET character_set_client = utf8mb4 */;
CREATE TABLE `ads` (
  `id` bigint unsigned NOT NULL AUTO_INCREMENT,
  `name` varchar(255) COLLATE utf8mb4_unicode_ci NOT NULL,
  `expired_at` datetime DEFAULT NULL,
  `location` varchar(120) COLLATE utf8mb4_unicode_ci DEFAULT NULL,
  `key` varchar(120) COLLATE utf8mb4_unicode_ci NOT NULL,
  `image` varchar(255) COLLATE utf8mb4_unicode_ci DEFAULT NULL,
  `url` varchar(255) COLLATE utf8mb4_unicode_ci DEFAULT NULL,
  `clicked` bigint NOT NULL DEFAULT '0',
  `order` int DEFAULT '0',
  `status` varchar(60) COLLATE utf8mb4_unicode_ci NOT NULL DEFAULT 'published',
  `created_at` timestamp NULL DEFAULT NULL,
  `updated_at` timestamp NULL DEFAULT NULL,
  PRIMARY KEY (`id`),
  UNIQUE KEY `ads_key_unique` (`key`)
) ENGINE=InnoDB AUTO_INCREMENT=7 DEFAULT CHARSET=utf8mb4 COLLATE=utf8mb4_unicode_ci;
/*!40101 SET character_set_client = @saved_cs_client */;

--
-- Dumping data for table `ads`
--

LOCK TABLES `ads` WRITE;
/*!40000 ALTER TABLE `ads` DISABLE KEYS */;
INSERT INTO `ads` VALUES (1,'Smart Offer','2028-01-03 00:00:00','not_set','IZ6WU8KUALYD','promotion/1.png','/products',0,1,'published','2023-01-02 21:22:37','2023-01-02 21:22:37'),(2,'Sale off','2028-01-03 00:00:00','not_set','ILSFJVYFGCPZ','promotion/2.png','/products',0,2,'published','2023-01-02 21:22:37','2023-01-02 21:22:37'),(3,'New Arrivals','2028-01-03 00:00:00','not_set','ILSDKVYFGXPH','promotion/3.png','/products',0,3,'published','2023-01-02 21:22:37','2023-01-02 21:22:37'),(4,'Gaming Area','2028-01-03 00:00:00','not_set','ILSDKVYFGXPJ','promotion/4.png','/products',0,4,'published','2023-01-02 21:22:37','2023-01-02 21:22:37'),(5,'Smart Offer','2028-01-03 00:00:00','not_set','IZ6WU8KUALYE','promotion/5.png','/products',0,5,'published','2023-01-02 21:22:37','2023-01-02 21:22:37'),(6,'Repair Services','2028-01-03 00:00:00','banner-big','IZ6WU8KUALYF','promotion/6.png','/products',0,6,'published','2023-01-02 21:22:37','2023-01-02 21:22:37');
/*!40000 ALTER TABLE `ads` ENABLE KEYS */;
UNLOCK TABLES;

--
-- Table structure for table `ads_translations`
--

DROP TABLE IF EXISTS `ads_translations`;
/*!40101 SET @saved_cs_client     = @@character_set_client */;
/*!50503 SET character_set_client = utf8mb4 */;
CREATE TABLE `ads_translations` (
  `lang_code` varchar(191) COLLATE utf8mb4_unicode_ci NOT NULL,
  `ads_id` int NOT NULL,
  `name` varchar(255) COLLATE utf8mb4_unicode_ci DEFAULT NULL,
  `image` varchar(255) COLLATE utf8mb4_unicode_ci DEFAULT NULL,
  `url` varchar(255) COLLATE utf8mb4_unicode_ci DEFAULT NULL,
  PRIMARY KEY (`lang_code`,`ads_id`)
) ENGINE=InnoDB DEFAULT CHARSET=utf8mb4 COLLATE=utf8mb4_unicode_ci;
/*!40101 SET character_set_client = @saved_cs_client */;

--
-- Dumping data for table `ads_translations`
--

LOCK TABLES `ads_translations` WRITE;
/*!40000 ALTER TABLE `ads_translations` DISABLE KEYS */;
INSERT INTO `ads_translations` VALUES ('vi',1,'Smart Offer','promotion/1.png','/vi/products'),('vi',2,'Sale off','promotion/2.png','/vi/products'),('vi',3,'New Arrivals','promotion/3.png','/vi/products'),('vi',4,'Gaming Area','promotion/4.png','/vi/products'),('vi',5,'Smart Offer','promotion/5.png','/vi/products'),('vi',6,'Repair Services','promotion/6.png','/vi/products');
/*!40000 ALTER TABLE `ads_translations` ENABLE KEYS */;
UNLOCK TABLES;

--
-- Table structure for table `audit_histories`
--

DROP TABLE IF EXISTS `audit_histories`;
/*!40101 SET @saved_cs_client     = @@character_set_client */;
/*!50503 SET character_set_client = utf8mb4 */;
CREATE TABLE `audit_histories` (
  `id` bigint unsigned NOT NULL AUTO_INCREMENT,
  `user_id` int unsigned NOT NULL,
  `module` varchar(60) COLLATE utf8mb4_unicode_ci NOT NULL,
  `request` text COLLATE utf8mb4_unicode_ci,
  `action` varchar(120) COLLATE utf8mb4_unicode_ci NOT NULL,
  `user_agent` text COLLATE utf8mb4_unicode_ci,
  `ip_address` varchar(39) COLLATE utf8mb4_unicode_ci DEFAULT NULL,
  `reference_user` int unsigned NOT NULL,
  `reference_id` int unsigned NOT NULL,
  `reference_name` varchar(255) COLLATE utf8mb4_unicode_ci NOT NULL,
  `type` varchar(20) COLLATE utf8mb4_unicode_ci NOT NULL,
  `created_at` timestamp NULL DEFAULT NULL,
  `updated_at` timestamp NULL DEFAULT NULL,
  PRIMARY KEY (`id`),
  KEY `audit_histories_user_id_index` (`user_id`),
  KEY `audit_histories_module_index` (`module`)
) ENGINE=InnoDB DEFAULT CHARSET=utf8mb4 COLLATE=utf8mb4_unicode_ci;
/*!40101 SET character_set_client = @saved_cs_client */;

--
-- Dumping data for table `audit_histories`
--

LOCK TABLES `audit_histories` WRITE;
/*!40000 ALTER TABLE `audit_histories` DISABLE KEYS */;
/*!40000 ALTER TABLE `audit_histories` ENABLE KEYS */;
UNLOCK TABLES;

--
-- Table structure for table `categories`
--

DROP TABLE IF EXISTS `categories`;
/*!40101 SET @saved_cs_client     = @@character_set_client */;
/*!50503 SET character_set_client = utf8mb4 */;
CREATE TABLE `categories` (
  `id` bigint unsigned NOT NULL AUTO_INCREMENT,
  `name` varchar(120) COLLATE utf8mb4_unicode_ci NOT NULL,
  `parent_id` int unsigned NOT NULL DEFAULT '0',
  `description` varchar(400) COLLATE utf8mb4_unicode_ci DEFAULT NULL,
  `status` varchar(60) COLLATE utf8mb4_unicode_ci NOT NULL DEFAULT 'published',
  `author_id` int NOT NULL,
  `author_type` varchar(255) CHARACTER SET utf8mb4 COLLATE utf8mb4_unicode_ci NOT NULL DEFAULT 'Botble\\ACL\\Models\\User',
  `icon` varchar(60) COLLATE utf8mb4_unicode_ci DEFAULT NULL,
  `order` tinyint NOT NULL DEFAULT '0',
  `is_featured` tinyint NOT NULL DEFAULT '0',
  `is_default` tinyint unsigned NOT NULL DEFAULT '0',
  `created_at` timestamp NULL DEFAULT NULL,
  `updated_at` timestamp NULL DEFAULT NULL,
  PRIMARY KEY (`id`),
  KEY `parent_id` (`parent_id`),
  KEY `status` (`status`),
  KEY `created_at` (`created_at`)
) ENGINE=InnoDB AUTO_INCREMENT=5 DEFAULT CHARSET=utf8mb4 COLLATE=utf8mb4_unicode_ci;
/*!40101 SET character_set_client = @saved_cs_client */;

--
-- Dumping data for table `categories`
--

LOCK TABLES `categories` WRITE;
/*!40000 ALTER TABLE `categories` DISABLE KEYS */;
INSERT INTO `categories` VALUES (1,'Ecommerce',0,'Dolore inventore nemo commodi est. Labore architecto qui deleniti nulla sunt. Iste et eveniet tempora sunt.','published',1,'Botble\\ACL\\Models\\User',NULL,0,0,1,'2023-01-02 21:22:35','2023-01-02 21:22:35'),(2,'Fashion',0,'Suscipit accusamus et est necessitatibus expedita. Doloribus sit reprehenderit vel et sed. Distinctio recusandae porro et eius eligendi esse in.','published',1,'Botble\\ACL\\Models\\User',NULL,0,1,0,'2023-01-02 21:22:35','2023-01-02 21:22:35'),(3,'Electronic',0,'Quod sint sed voluptatum autem. Dolor expedita adipisci aut commodi dignissimos. Illum perferendis quidem molestiae perspiciatis. Consectetur facilis ut repudiandae sunt tempora.','published',1,'Botble\\ACL\\Models\\User',NULL,0,1,0,'2023-01-02 21:22:35','2023-01-02 21:22:35'),(4,'Commercial',0,'Eos tempore odio consectetur saepe dolores vero tempore. Consequatur provident voluptas iure qui nam. Sit laborum nam necessitatibus ex qui et. Excepturi ut id quos modi.','published',1,'Botble\\ACL\\Models\\User',NULL,0,1,0,'2023-01-02 21:22:35','2023-01-02 21:22:35');
/*!40000 ALTER TABLE `categories` ENABLE KEYS */;
UNLOCK TABLES;

--
-- Table structure for table `categories_translations`
--

DROP TABLE IF EXISTS `categories_translations`;
/*!40101 SET @saved_cs_client     = @@character_set_client */;
/*!50503 SET character_set_client = utf8mb4 */;
CREATE TABLE `categories_translations` (
  `lang_code` varchar(191) COLLATE utf8mb4_unicode_ci NOT NULL,
  `categories_id` int NOT NULL,
  `name` varchar(255) COLLATE utf8mb4_unicode_ci DEFAULT NULL,
  `description` varchar(400) COLLATE utf8mb4_unicode_ci DEFAULT NULL,
  PRIMARY KEY (`lang_code`,`categories_id`)
) ENGINE=InnoDB DEFAULT CHARSET=utf8mb4 COLLATE=utf8mb4_unicode_ci;
/*!40101 SET character_set_client = @saved_cs_client */;

--
-- Dumping data for table `categories_translations`
--

LOCK TABLES `categories_translations` WRITE;
/*!40000 ALTER TABLE `categories_translations` DISABLE KEYS */;
INSERT INTO `categories_translations` VALUES ('vi',1,'Thương mại điện tử',NULL),('vi',2,'Thời trang',NULL),('vi',3,'Điện tử',NULL),('vi',4,'Thương mại',NULL);
/*!40000 ALTER TABLE `categories_translations` ENABLE KEYS */;
UNLOCK TABLES;

--
-- Table structure for table `cities`
--

DROP TABLE IF EXISTS `cities`;
/*!40101 SET @saved_cs_client     = @@character_set_client */;
/*!50503 SET character_set_client = utf8mb4 */;
CREATE TABLE `cities` (
  `id` bigint unsigned NOT NULL AUTO_INCREMENT,
  `name` varchar(120) COLLATE utf8mb4_unicode_ci NOT NULL,
  `state_id` int unsigned NOT NULL,
  `country_id` int unsigned DEFAULT NULL,
  `record_id` varchar(40) COLLATE utf8mb4_unicode_ci DEFAULT NULL,
  `order` tinyint NOT NULL DEFAULT '0',
  `is_default` tinyint unsigned NOT NULL DEFAULT '0',
  `status` varchar(60) COLLATE utf8mb4_unicode_ci NOT NULL DEFAULT 'published',
  `created_at` timestamp NULL DEFAULT NULL,
  `updated_at` timestamp NULL DEFAULT NULL,
  PRIMARY KEY (`id`)
) ENGINE=InnoDB DEFAULT CHARSET=utf8mb4 COLLATE=utf8mb4_unicode_ci;
/*!40101 SET character_set_client = @saved_cs_client */;

--
-- Dumping data for table `cities`
--

LOCK TABLES `cities` WRITE;
/*!40000 ALTER TABLE `cities` DISABLE KEYS */;
/*!40000 ALTER TABLE `cities` ENABLE KEYS */;
UNLOCK TABLES;

--
-- Table structure for table `cities_translations`
--

DROP TABLE IF EXISTS `cities_translations`;
/*!40101 SET @saved_cs_client     = @@character_set_client */;
/*!50503 SET character_set_client = utf8mb4 */;
CREATE TABLE `cities_translations` (
  `lang_code` varchar(191) COLLATE utf8mb4_unicode_ci NOT NULL,
  `cities_id` int NOT NULL,
  `name` varchar(120) COLLATE utf8mb4_unicode_ci DEFAULT NULL,
  PRIMARY KEY (`lang_code`,`cities_id`)
) ENGINE=InnoDB DEFAULT CHARSET=utf8mb4 COLLATE=utf8mb4_unicode_ci;
/*!40101 SET character_set_client = @saved_cs_client */;

--
-- Dumping data for table `cities_translations`
--

LOCK TABLES `cities_translations` WRITE;
/*!40000 ALTER TABLE `cities_translations` DISABLE KEYS */;
/*!40000 ALTER TABLE `cities_translations` ENABLE KEYS */;
UNLOCK TABLES;

--
-- Table structure for table `contact_replies`
--

DROP TABLE IF EXISTS `contact_replies`;
/*!40101 SET @saved_cs_client     = @@character_set_client */;
/*!50503 SET character_set_client = utf8mb4 */;
CREATE TABLE `contact_replies` (
  `id` bigint unsigned NOT NULL AUTO_INCREMENT,
  `message` longtext COLLATE utf8mb4_unicode_ci NOT NULL,
  `contact_id` int NOT NULL,
  `created_at` timestamp NULL DEFAULT NULL,
  `updated_at` timestamp NULL DEFAULT NULL,
  PRIMARY KEY (`id`)
) ENGINE=InnoDB DEFAULT CHARSET=utf8mb4 COLLATE=utf8mb4_unicode_ci;
/*!40101 SET character_set_client = @saved_cs_client */;

--
-- Dumping data for table `contact_replies`
--

LOCK TABLES `contact_replies` WRITE;
/*!40000 ALTER TABLE `contact_replies` DISABLE KEYS */;
/*!40000 ALTER TABLE `contact_replies` ENABLE KEYS */;
UNLOCK TABLES;

--
-- Table structure for table `contacts`
--

DROP TABLE IF EXISTS `contacts`;
/*!40101 SET @saved_cs_client     = @@character_set_client */;
/*!50503 SET character_set_client = utf8mb4 */;
CREATE TABLE `contacts` (
  `id` bigint unsigned NOT NULL AUTO_INCREMENT,
  `name` varchar(60) COLLATE utf8mb4_unicode_ci NOT NULL,
  `email` varchar(60) COLLATE utf8mb4_unicode_ci NOT NULL,
  `phone` varchar(60) COLLATE utf8mb4_unicode_ci DEFAULT NULL,
  `address` varchar(120) COLLATE utf8mb4_unicode_ci DEFAULT NULL,
  `subject` varchar(120) COLLATE utf8mb4_unicode_ci DEFAULT NULL,
  `content` longtext COLLATE utf8mb4_unicode_ci NOT NULL,
  `status` varchar(60) COLLATE utf8mb4_unicode_ci NOT NULL DEFAULT 'unread',
  `created_at` timestamp NULL DEFAULT NULL,
  `updated_at` timestamp NULL DEFAULT NULL,
  PRIMARY KEY (`id`)
) ENGINE=InnoDB DEFAULT CHARSET=utf8mb4 COLLATE=utf8mb4_unicode_ci;
/*!40101 SET character_set_client = @saved_cs_client */;

--
-- Dumping data for table `contacts`
--

LOCK TABLES `contacts` WRITE;
/*!40000 ALTER TABLE `contacts` DISABLE KEYS */;
/*!40000 ALTER TABLE `contacts` ENABLE KEYS */;
UNLOCK TABLES;

--
-- Table structure for table `countries`
--

DROP TABLE IF EXISTS `countries`;
/*!40101 SET @saved_cs_client     = @@character_set_client */;
/*!50503 SET character_set_client = utf8mb4 */;
CREATE TABLE `countries` (
  `id` bigint unsigned NOT NULL AUTO_INCREMENT,
  `name` varchar(120) COLLATE utf8mb4_unicode_ci NOT NULL,
  `nationality` varchar(120) CHARACTER SET utf8mb4 COLLATE utf8mb4_unicode_ci DEFAULT NULL,
  `order` tinyint NOT NULL DEFAULT '0',
  `is_default` tinyint unsigned NOT NULL DEFAULT '0',
  `status` varchar(60) COLLATE utf8mb4_unicode_ci NOT NULL DEFAULT 'published',
  `created_at` timestamp NULL DEFAULT NULL,
  `updated_at` timestamp NULL DEFAULT NULL,
  `code` varchar(10) COLLATE utf8mb4_unicode_ci DEFAULT NULL,
  PRIMARY KEY (`id`)
) ENGINE=InnoDB DEFAULT CHARSET=utf8mb4 COLLATE=utf8mb4_unicode_ci;
/*!40101 SET character_set_client = @saved_cs_client */;

--
-- Dumping data for table `countries`
--

LOCK TABLES `countries` WRITE;
/*!40000 ALTER TABLE `countries` DISABLE KEYS */;
/*!40000 ALTER TABLE `countries` ENABLE KEYS */;
UNLOCK TABLES;

--
-- Table structure for table `countries_translations`
--

DROP TABLE IF EXISTS `countries_translations`;
/*!40101 SET @saved_cs_client     = @@character_set_client */;
/*!50503 SET character_set_client = utf8mb4 */;
CREATE TABLE `countries_translations` (
  `lang_code` varchar(191) COLLATE utf8mb4_unicode_ci NOT NULL,
  `countries_id` int NOT NULL,
  `name` varchar(120) COLLATE utf8mb4_unicode_ci DEFAULT NULL,
  `nationality` varchar(120) COLLATE utf8mb4_unicode_ci DEFAULT NULL,
  PRIMARY KEY (`lang_code`,`countries_id`)
) ENGINE=InnoDB DEFAULT CHARSET=utf8mb4 COLLATE=utf8mb4_unicode_ci;
/*!40101 SET character_set_client = @saved_cs_client */;

--
-- Dumping data for table `countries_translations`
--

LOCK TABLES `countries_translations` WRITE;
/*!40000 ALTER TABLE `countries_translations` DISABLE KEYS */;
/*!40000 ALTER TABLE `countries_translations` ENABLE KEYS */;
UNLOCK TABLES;

--
-- Table structure for table `dashboard_widget_settings`
--

DROP TABLE IF EXISTS `dashboard_widget_settings`;
/*!40101 SET @saved_cs_client     = @@character_set_client */;
/*!50503 SET character_set_client = utf8mb4 */;
CREATE TABLE `dashboard_widget_settings` (
  `id` bigint unsigned NOT NULL AUTO_INCREMENT,
  `settings` text COLLATE utf8mb4_unicode_ci,
  `user_id` int unsigned NOT NULL,
  `widget_id` int unsigned NOT NULL,
  `order` tinyint unsigned NOT NULL DEFAULT '0',
  `status` tinyint unsigned NOT NULL DEFAULT '1',
  `created_at` timestamp NULL DEFAULT NULL,
  `updated_at` timestamp NULL DEFAULT NULL,
  PRIMARY KEY (`id`),
  KEY `dashboard_widget_settings_user_id_index` (`user_id`),
  KEY `dashboard_widget_settings_widget_id_index` (`widget_id`)
) ENGINE=InnoDB DEFAULT CHARSET=utf8mb4 COLLATE=utf8mb4_unicode_ci;
/*!40101 SET character_set_client = @saved_cs_client */;

--
-- Dumping data for table `dashboard_widget_settings`
--

LOCK TABLES `dashboard_widget_settings` WRITE;
/*!40000 ALTER TABLE `dashboard_widget_settings` DISABLE KEYS */;
/*!40000 ALTER TABLE `dashboard_widget_settings` ENABLE KEYS */;
UNLOCK TABLES;

--
-- Table structure for table `dashboard_widgets`
--

DROP TABLE IF EXISTS `dashboard_widgets`;
/*!40101 SET @saved_cs_client     = @@character_set_client */;
/*!50503 SET character_set_client = utf8mb4 */;
CREATE TABLE `dashboard_widgets` (
  `id` bigint unsigned NOT NULL AUTO_INCREMENT,
  `name` varchar(120) COLLATE utf8mb4_unicode_ci NOT NULL,
  `created_at` timestamp NULL DEFAULT NULL,
  `updated_at` timestamp NULL DEFAULT NULL,
  PRIMARY KEY (`id`)
) ENGINE=InnoDB DEFAULT CHARSET=utf8mb4 COLLATE=utf8mb4_unicode_ci;
/*!40101 SET character_set_client = @saved_cs_client */;

--
-- Dumping data for table `dashboard_widgets`
--

LOCK TABLES `dashboard_widgets` WRITE;
/*!40000 ALTER TABLE `dashboard_widgets` DISABLE KEYS */;
/*!40000 ALTER TABLE `dashboard_widgets` ENABLE KEYS */;
UNLOCK TABLES;

--
-- Table structure for table `ec_brands`
--

DROP TABLE IF EXISTS `ec_brands`;
/*!40101 SET @saved_cs_client     = @@character_set_client */;
/*!50503 SET character_set_client = utf8mb4 */;
CREATE TABLE `ec_brands` (
  `id` bigint unsigned NOT NULL AUTO_INCREMENT,
  `name` varchar(191) COLLATE utf8mb4_unicode_ci NOT NULL,
  `description` mediumtext COLLATE utf8mb4_unicode_ci,
  `website` varchar(255) COLLATE utf8mb4_unicode_ci DEFAULT NULL,
  `logo` varchar(255) COLLATE utf8mb4_unicode_ci DEFAULT NULL,
  `status` varchar(60) COLLATE utf8mb4_unicode_ci NOT NULL DEFAULT 'published',
  `order` tinyint unsigned NOT NULL DEFAULT '0',
  `is_featured` tinyint unsigned NOT NULL DEFAULT '0',
  `created_at` timestamp NULL DEFAULT NULL,
  `updated_at` timestamp NULL DEFAULT NULL,
  PRIMARY KEY (`id`)
) ENGINE=InnoDB AUTO_INCREMENT=8 DEFAULT CHARSET=utf8mb4 COLLATE=utf8mb4_unicode_ci;
/*!40101 SET character_set_client = @saved_cs_client */;

--
-- Dumping data for table `ec_brands`
--

LOCK TABLES `ec_brands` WRITE;
/*!40000 ALTER TABLE `ec_brands` DISABLE KEYS */;
INSERT INTO `ec_brands` VALUES (1,'Perxsion',NULL,NULL,'brands/1.png','published',0,1,'2023-01-02 21:22:23','2023-01-02 21:22:23'),(2,'Hiching',NULL,NULL,'brands/2.png','published',1,1,'2023-01-02 21:22:23','2023-01-02 21:22:23'),(3,'Kepslo',NULL,NULL,'brands/3.png','published',2,1,'2023-01-02 21:22:23','2023-01-02 21:22:23'),(4,'Groneba',NULL,NULL,'brands/4.png','published',3,1,'2023-01-02 21:22:23','2023-01-02 21:22:23'),(5,'Babian',NULL,NULL,'brands/5.png','published',4,1,'2023-01-02 21:22:23','2023-01-02 21:22:23'),(6,'Valorant',NULL,NULL,'brands/6.png','published',5,1,'2023-01-02 21:22:23','2023-01-02 21:22:23'),(7,'Pure',NULL,NULL,'brands/7.png','published',6,1,'2023-01-02 21:22:23','2023-01-02 21:22:23');
/*!40000 ALTER TABLE `ec_brands` ENABLE KEYS */;
UNLOCK TABLES;

--
-- Table structure for table `ec_brands_translations`
--

DROP TABLE IF EXISTS `ec_brands_translations`;
/*!40101 SET @saved_cs_client     = @@character_set_client */;
/*!50503 SET character_set_client = utf8mb4 */;
CREATE TABLE `ec_brands_translations` (
  `lang_code` varchar(191) COLLATE utf8mb4_unicode_ci NOT NULL,
  `ec_brands_id` int NOT NULL,
  `name` varchar(191) COLLATE utf8mb4_unicode_ci DEFAULT NULL,
  `description` varchar(191) COLLATE utf8mb4_unicode_ci DEFAULT NULL,
  PRIMARY KEY (`lang_code`,`ec_brands_id`)
) ENGINE=InnoDB DEFAULT CHARSET=utf8mb4 COLLATE=utf8mb4_unicode_ci;
/*!40101 SET character_set_client = @saved_cs_client */;

--
-- Dumping data for table `ec_brands_translations`
--

LOCK TABLES `ec_brands_translations` WRITE;
/*!40000 ALTER TABLE `ec_brands_translations` DISABLE KEYS */;
INSERT INTO `ec_brands_translations` VALUES ('vi',1,'Perxsion',NULL),('vi',2,'Hiching',NULL),('vi',3,'Kepslo',NULL),('vi',4,'Groneba',NULL),('vi',5,'Babian',NULL),('vi',6,'Valorant',NULL),('vi',7,'Pure',NULL);
/*!40000 ALTER TABLE `ec_brands_translations` ENABLE KEYS */;
UNLOCK TABLES;

--
-- Table structure for table `ec_cart`
--

DROP TABLE IF EXISTS `ec_cart`;
/*!40101 SET @saved_cs_client     = @@character_set_client */;
/*!50503 SET character_set_client = utf8mb4 */;
CREATE TABLE `ec_cart` (
  `identifier` varchar(191) COLLATE utf8mb4_unicode_ci NOT NULL,
  `instance` varchar(191) COLLATE utf8mb4_unicode_ci NOT NULL,
  `content` longtext COLLATE utf8mb4_unicode_ci NOT NULL,
  `created_at` timestamp NULL DEFAULT NULL,
  `updated_at` timestamp NULL DEFAULT NULL,
  PRIMARY KEY (`identifier`,`instance`)
) ENGINE=InnoDB DEFAULT CHARSET=utf8mb4 COLLATE=utf8mb4_unicode_ci;
/*!40101 SET character_set_client = @saved_cs_client */;

--
-- Dumping data for table `ec_cart`
--

LOCK TABLES `ec_cart` WRITE;
/*!40000 ALTER TABLE `ec_cart` DISABLE KEYS */;
/*!40000 ALTER TABLE `ec_cart` ENABLE KEYS */;
UNLOCK TABLES;

--
-- Table structure for table `ec_currencies`
--

DROP TABLE IF EXISTS `ec_currencies`;
/*!40101 SET @saved_cs_client     = @@character_set_client */;
/*!50503 SET character_set_client = utf8mb4 */;
CREATE TABLE `ec_currencies` (
  `id` bigint unsigned NOT NULL AUTO_INCREMENT,
  `title` varchar(191) COLLATE utf8mb4_unicode_ci NOT NULL,
  `symbol` varchar(10) COLLATE utf8mb4_unicode_ci NOT NULL,
  `is_prefix_symbol` tinyint unsigned NOT NULL DEFAULT '0',
  `decimals` tinyint unsigned DEFAULT '0',
  `order` int unsigned DEFAULT '0',
  `is_default` tinyint NOT NULL DEFAULT '0',
  `exchange_rate` double NOT NULL DEFAULT '1',
  `created_at` timestamp NULL DEFAULT NULL,
  `updated_at` timestamp NULL DEFAULT NULL,
  PRIMARY KEY (`id`)
) ENGINE=InnoDB AUTO_INCREMENT=4 DEFAULT CHARSET=utf8mb4 COLLATE=utf8mb4_unicode_ci;
/*!40101 SET character_set_client = @saved_cs_client */;

--
-- Dumping data for table `ec_currencies`
--

LOCK TABLES `ec_currencies` WRITE;
/*!40000 ALTER TABLE `ec_currencies` DISABLE KEYS */;
INSERT INTO `ec_currencies` VALUES (1,'USD','$',1,2,0,1,1,'2023-01-02 21:22:23','2023-01-02 21:22:23'),(2,'EUR','€',0,2,1,0,0.84,'2023-01-02 21:22:23','2023-01-02 21:22:23'),(3,'VND','₫',0,0,2,0,23203,'2023-01-02 21:22:23','2023-01-02 21:22:23');
/*!40000 ALTER TABLE `ec_currencies` ENABLE KEYS */;
UNLOCK TABLES;

--
-- Table structure for table `ec_customer_addresses`
--

DROP TABLE IF EXISTS `ec_customer_addresses`;
/*!40101 SET @saved_cs_client     = @@character_set_client */;
/*!50503 SET character_set_client = utf8mb4 */;
CREATE TABLE `ec_customer_addresses` (
  `id` bigint unsigned NOT NULL AUTO_INCREMENT,
  `name` varchar(191) COLLATE utf8mb4_unicode_ci NOT NULL,
  `email` varchar(60) COLLATE utf8mb4_unicode_ci DEFAULT NULL,
  `phone` varchar(20) CHARACTER SET utf8mb4 COLLATE utf8mb4_unicode_ci DEFAULT NULL,
  `country` varchar(120) COLLATE utf8mb4_unicode_ci DEFAULT NULL,
  `state` varchar(120) COLLATE utf8mb4_unicode_ci DEFAULT NULL,
  `city` varchar(120) COLLATE utf8mb4_unicode_ci DEFAULT NULL,
  `address` varchar(191) COLLATE utf8mb4_unicode_ci NOT NULL,
  `customer_id` int unsigned NOT NULL,
  `is_default` tinyint unsigned NOT NULL DEFAULT '0',
  `created_at` timestamp NULL DEFAULT NULL,
  `updated_at` timestamp NULL DEFAULT NULL,
  `zip_code` varchar(20) COLLATE utf8mb4_unicode_ci DEFAULT NULL,
  PRIMARY KEY (`id`)
) ENGINE=InnoDB AUTO_INCREMENT=13 DEFAULT CHARSET=utf8mb4 COLLATE=utf8mb4_unicode_ci;
/*!40101 SET character_set_client = @saved_cs_client */;

--
-- Dumping data for table `ec_customer_addresses`
--

LOCK TABLES `ec_customer_addresses` WRITE;
/*!40000 ALTER TABLE `ec_customer_addresses` DISABLE KEYS */;
INSERT INTO `ec_customer_addresses` VALUES (1,'Prof. Eulah Swift DVM','john.smith@botble.com','+19014507947','RU','New Jersey','Port Magdalena','98954 Wunsch Cape',1,1,'2023-01-02 21:22:31','2023-01-02 21:22:31','89501'),(2,'Prof. Eulah Swift DVM','john.smith@botble.com','+18623263308','OM','New Mexico','Port Estellaburgh','27897 Collins Motorway',1,0,'2023-01-02 21:22:31','2023-01-02 21:22:31','23084-3458'),(3,'Lonie Reilly V','customer@botble.com','+13608968609','CX','Colorado','Lake Okey','1322 Gaylord Junctions Apt. 654',2,1,'2023-01-02 21:22:31','2023-01-02 21:22:31','65086'),(4,'Lonie Reilly V','customer@botble.com','+18728791583','VE','Pennsylvania','Baumbachland','86443 Nikki Islands',2,0,'2023-01-02 21:22:31','2023-01-02 21:22:31','40565-9991'),(5,'Reinhold Anderson','rpollich@example.net','+15866270933','PE','Washington','O\'Reillyport','1942 Swift Shores Apt. 231',3,1,'2023-01-02 21:22:31','2023-01-02 21:22:31','74194'),(6,'Prof. Santino Stokes','schiller.earnestine@example.net','+15154751863','SR','Missouri','Walterfort','8582 Waters Lane',4,1,'2023-01-02 21:22:31','2023-01-02 21:22:31','96439'),(7,'Dr. Yoshiko Hayes','whaley@example.com','+13472961771','PH','Nebraska','Gisselleshire','3690 Leilani Station',5,1,'2023-01-02 21:22:31','2023-01-02 21:22:31','89792-4516'),(8,'Wellington Kessler DVM','donavon71@example.org','+18162124053','FJ','Arkansas','East Clemmie','5786 Madalyn Islands Apt. 700',6,1,'2023-01-02 21:22:32','2023-01-02 21:22:32','48600-8588'),(9,'Fleta Braun','rmiller@example.net','+12546307441','SC','Idaho','Loyborough','8808 Rolfson Extensions',7,1,'2023-01-02 21:22:32','2023-01-02 21:22:32','05366'),(10,'Jabari Schultz','qwindler@example.net','+15616969167','VG','Connecticut','Corastad','900 Rico Meadow Apt. 363',8,1,'2023-01-02 21:22:32','2023-01-02 21:22:32','04003'),(11,'Stanford Shanahan','soledad30@example.org','+16147652774','RS','South Dakota','Lake Laceyfurt','81139 Kub Creek',9,1,'2023-01-02 21:22:32','2023-01-02 21:22:32','34378-5172'),(12,'Shanon Prohaska Sr.','kohler.stevie@example.org','+17572547715','VU','Connecticut','Elsashire','187 Funk Highway Apt. 950',10,1,'2023-01-02 21:22:32','2023-01-02 21:22:32','16844');
/*!40000 ALTER TABLE `ec_customer_addresses` ENABLE KEYS */;
UNLOCK TABLES;

--
-- Table structure for table `ec_customer_password_resets`
--

DROP TABLE IF EXISTS `ec_customer_password_resets`;
/*!40101 SET @saved_cs_client     = @@character_set_client */;
/*!50503 SET character_set_client = utf8mb4 */;
CREATE TABLE `ec_customer_password_resets` (
  `email` varchar(191) COLLATE utf8mb4_unicode_ci NOT NULL,
  `token` varchar(191) COLLATE utf8mb4_unicode_ci NOT NULL,
  `created_at` timestamp NULL DEFAULT NULL,
  KEY `ec_customer_password_resets_email_index` (`email`),
  KEY `ec_customer_password_resets_token_index` (`token`)
) ENGINE=InnoDB DEFAULT CHARSET=utf8mb4 COLLATE=utf8mb4_unicode_ci;
/*!40101 SET character_set_client = @saved_cs_client */;

--
-- Dumping data for table `ec_customer_password_resets`
--

LOCK TABLES `ec_customer_password_resets` WRITE;
/*!40000 ALTER TABLE `ec_customer_password_resets` DISABLE KEYS */;
/*!40000 ALTER TABLE `ec_customer_password_resets` ENABLE KEYS */;
UNLOCK TABLES;

--
-- Table structure for table `ec_customer_recently_viewed_products`
--

DROP TABLE IF EXISTS `ec_customer_recently_viewed_products`;
/*!40101 SET @saved_cs_client     = @@character_set_client */;
/*!50503 SET character_set_client = utf8mb4 */;
CREATE TABLE `ec_customer_recently_viewed_products` (
  `id` bigint unsigned NOT NULL AUTO_INCREMENT,
  `customer_id` int unsigned NOT NULL,
  `product_id` int unsigned NOT NULL,
  PRIMARY KEY (`id`)
) ENGINE=InnoDB DEFAULT CHARSET=utf8mb4 COLLATE=utf8mb4_unicode_ci;
/*!40101 SET character_set_client = @saved_cs_client */;

--
-- Dumping data for table `ec_customer_recently_viewed_products`
--

LOCK TABLES `ec_customer_recently_viewed_products` WRITE;
/*!40000 ALTER TABLE `ec_customer_recently_viewed_products` DISABLE KEYS */;
/*!40000 ALTER TABLE `ec_customer_recently_viewed_products` ENABLE KEYS */;
UNLOCK TABLES;

--
-- Table structure for table `ec_customers`
--

DROP TABLE IF EXISTS `ec_customers`;
/*!40101 SET @saved_cs_client     = @@character_set_client */;
/*!50503 SET character_set_client = utf8mb4 */;
CREATE TABLE `ec_customers` (
  `id` bigint unsigned NOT NULL AUTO_INCREMENT,
  `name` varchar(191) COLLATE utf8mb4_unicode_ci NOT NULL,
  `email` varchar(191) COLLATE utf8mb4_unicode_ci NOT NULL,
  `password` varchar(191) COLLATE utf8mb4_unicode_ci NOT NULL,
  `avatar` varchar(255) COLLATE utf8mb4_unicode_ci DEFAULT NULL,
  `dob` date DEFAULT NULL,
  `phone` varchar(25) COLLATE utf8mb4_unicode_ci DEFAULT NULL,
  `remember_token` varchar(100) COLLATE utf8mb4_unicode_ci DEFAULT NULL,
  `created_at` timestamp NULL DEFAULT NULL,
  `updated_at` timestamp NULL DEFAULT NULL,
  `confirmed_at` datetime DEFAULT NULL,
  `email_verify_token` varchar(120) COLLATE utf8mb4_unicode_ci DEFAULT NULL,
  `status` varchar(60) COLLATE utf8mb4_unicode_ci NOT NULL DEFAULT 'activated',
  PRIMARY KEY (`id`),
  UNIQUE KEY `ec_customers_email_unique` (`email`)
) ENGINE=InnoDB AUTO_INCREMENT=11 DEFAULT CHARSET=utf8mb4 COLLATE=utf8mb4_unicode_ci;
/*!40101 SET character_set_client = @saved_cs_client */;

--
-- Dumping data for table `ec_customers`
--

LOCK TABLES `ec_customers` WRITE;
/*!40000 ALTER TABLE `ec_customers` DISABLE KEYS */;
INSERT INTO `ec_customers` VALUES (1,'Prof. Eulah Swift DVM','john.smith@botble.com','$2y$10$TMPdsvAQOrghrnhNTP2SzugVPdHGiPYPqsFFdY7cURSzVgmROhALG','customers/6.jpg','1981-12-04','+15029247193',NULL,'2023-01-02 21:22:31','2023-01-02 21:22:31','2023-01-03 04:22:31',NULL,'activated'),(2,'Lonie Reilly V','customer@botble.com','$2y$10$1hqxHKKXoA0GMdaduubZNuudyDh7l6fLHGW5chOQ.vTpsgGX5iHUK','customers/5.jpg','1997-12-30','+19714055408',NULL,'2023-01-02 21:22:31','2023-01-02 21:22:31','2023-01-03 04:22:31',NULL,'activated'),(3,'Reinhold Anderson','rpollich@example.net','$2y$10$/HM7CZIHOrOweSRSWYi30uJbvZM.yYABsvqTUFiLuuEEhS/91S/uC','customers/1.jpg','1977-12-08','+13186784750',NULL,'2023-01-02 21:22:31','2023-01-02 21:22:31','2023-01-03 04:22:31',NULL,'activated'),(4,'Prof. Santino Stokes','schiller.earnestine@example.net','$2y$10$RpckHY93TG5iwI5XWNwCDOlIrPV29xM16nF5M1CK8twCO4Q/SRK7e','customers/2.jpg','1984-12-16','+17698172253',NULL,'2023-01-02 21:22:31','2023-01-02 21:22:31','2023-01-03 04:22:31',NULL,'activated'),(5,'Dr. Yoshiko Hayes','whaley@example.com','$2y$10$YpZjqF2pFNMZ.ELMkJIDDevGa/n4d1dNet6AaSEsYC8hxu4yPhyvO','customers/3.jpg','1997-12-07','+16786917644',NULL,'2023-01-02 21:22:31','2023-01-02 21:22:31','2023-01-03 04:22:31',NULL,'activated'),(6,'Wellington Kessler DVM','donavon71@example.org','$2y$10$z0/iT3DDEFTTC3qbnQ/.Y.kvnBvqOthODZu9b1x2Ou2UTbkxSNKmq','customers/4.jpg','2002-12-04','+13864678354',NULL,'2023-01-02 21:22:32','2023-01-02 21:22:32','2023-01-03 04:22:32',NULL,'activated'),(7,'Fleta Braun','rmiller@example.net','$2y$10$tL7fT3FA2NKW49hH3m14Besuob2uE0IP8YDmgdOQRZhpivS3TIMw2','customers/5.jpg','1997-12-20','+12833690799',NULL,'2023-01-02 21:22:32','2023-01-02 21:22:32','2023-01-03 04:22:32',NULL,'activated'),(8,'Jabari Schultz','qwindler@example.net','$2y$10$nNGGhUg/.fJZluISYJGJU.45X9zx4TH/.p3e6XTMaERPQKAGaJvFK','customers/6.jpg','1988-12-29','+12547918145',NULL,'2023-01-02 21:22:32','2023-01-02 21:22:32','2023-01-03 04:22:32',NULL,'activated'),(9,'Stanford Shanahan','soledad30@example.org','$2y$10$LvMYpjOYjnEjZzxUYAQ7aOm0Hikfrm1RY2Xw2a5IAq84oWJBafQDS','customers/7.jpg','1983-12-16','+12547477877',NULL,'2023-01-02 21:22:32','2023-01-02 21:22:32','2023-01-03 04:22:32',NULL,'activated'),(10,'Shanon Prohaska Sr.','kohler.stevie@example.org','$2y$10$ZnUZruNP0CMF//xN5TOCMeMtTuK2zhv2m4ujCygRYMr19XkwJ/QfG','customers/8.jpg','1994-12-27','+17752843502',NULL,'2023-01-02 21:22:32','2023-01-02 21:22:32','2023-01-03 04:22:32',NULL,'activated');
/*!40000 ALTER TABLE `ec_customers` ENABLE KEYS */;
UNLOCK TABLES;

--
-- Table structure for table `ec_discount_customers`
--

DROP TABLE IF EXISTS `ec_discount_customers`;
/*!40101 SET @saved_cs_client     = @@character_set_client */;
/*!50503 SET character_set_client = utf8mb4 */;
CREATE TABLE `ec_discount_customers` (
  `discount_id` int unsigned NOT NULL,
  `customer_id` int unsigned NOT NULL,
  PRIMARY KEY (`discount_id`,`customer_id`)
) ENGINE=InnoDB DEFAULT CHARSET=utf8mb4 COLLATE=utf8mb4_unicode_ci;
/*!40101 SET character_set_client = @saved_cs_client */;

--
-- Dumping data for table `ec_discount_customers`
--

LOCK TABLES `ec_discount_customers` WRITE;
/*!40000 ALTER TABLE `ec_discount_customers` DISABLE KEYS */;
/*!40000 ALTER TABLE `ec_discount_customers` ENABLE KEYS */;
UNLOCK TABLES;

--
-- Table structure for table `ec_discount_product_collections`
--

DROP TABLE IF EXISTS `ec_discount_product_collections`;
/*!40101 SET @saved_cs_client     = @@character_set_client */;
/*!50503 SET character_set_client = utf8mb4 */;
CREATE TABLE `ec_discount_product_collections` (
  `discount_id` int unsigned NOT NULL,
  `product_collection_id` int unsigned NOT NULL,
  PRIMARY KEY (`discount_id`,`product_collection_id`)
) ENGINE=InnoDB DEFAULT CHARSET=utf8mb4 COLLATE=utf8mb4_unicode_ci;
/*!40101 SET character_set_client = @saved_cs_client */;

--
-- Dumping data for table `ec_discount_product_collections`
--

LOCK TABLES `ec_discount_product_collections` WRITE;
/*!40000 ALTER TABLE `ec_discount_product_collections` DISABLE KEYS */;
/*!40000 ALTER TABLE `ec_discount_product_collections` ENABLE KEYS */;
UNLOCK TABLES;

--
-- Table structure for table `ec_discount_products`
--

DROP TABLE IF EXISTS `ec_discount_products`;
/*!40101 SET @saved_cs_client     = @@character_set_client */;
/*!50503 SET character_set_client = utf8mb4 */;
CREATE TABLE `ec_discount_products` (
  `discount_id` int unsigned NOT NULL,
  `product_id` int unsigned NOT NULL,
  PRIMARY KEY (`discount_id`,`product_id`)
) ENGINE=InnoDB DEFAULT CHARSET=utf8mb4 COLLATE=utf8mb4_unicode_ci;
/*!40101 SET character_set_client = @saved_cs_client */;

--
-- Dumping data for table `ec_discount_products`
--

LOCK TABLES `ec_discount_products` WRITE;
/*!40000 ALTER TABLE `ec_discount_products` DISABLE KEYS */;
/*!40000 ALTER TABLE `ec_discount_products` ENABLE KEYS */;
UNLOCK TABLES;

--
-- Table structure for table `ec_discounts`
--

DROP TABLE IF EXISTS `ec_discounts`;
/*!40101 SET @saved_cs_client     = @@character_set_client */;
/*!50503 SET character_set_client = utf8mb4 */;
CREATE TABLE `ec_discounts` (
  `id` bigint unsigned NOT NULL AUTO_INCREMENT,
  `title` varchar(120) COLLATE utf8mb4_unicode_ci DEFAULT NULL,
  `code` varchar(20) COLLATE utf8mb4_unicode_ci DEFAULT NULL,
  `start_date` datetime DEFAULT NULL,
  `end_date` datetime DEFAULT NULL,
  `quantity` int DEFAULT NULL,
  `total_used` int unsigned NOT NULL DEFAULT '0',
  `value` double DEFAULT NULL,
  `type` varchar(60) COLLATE utf8mb4_unicode_ci DEFAULT 'coupon',
  `can_use_with_promotion` tinyint(1) NOT NULL DEFAULT '0',
  `discount_on` varchar(20) COLLATE utf8mb4_unicode_ci DEFAULT NULL,
  `product_quantity` int unsigned DEFAULT NULL,
  `type_option` varchar(100) COLLATE utf8mb4_unicode_ci NOT NULL DEFAULT 'amount',
  `target` varchar(100) COLLATE utf8mb4_unicode_ci NOT NULL DEFAULT 'all-orders',
  `min_order_price` decimal(15,2) DEFAULT NULL,
  `created_at` timestamp NULL DEFAULT NULL,
  `updated_at` timestamp NULL DEFAULT NULL,
  PRIMARY KEY (`id`),
  UNIQUE KEY `ec_discounts_code_unique` (`code`)
) ENGINE=InnoDB DEFAULT CHARSET=utf8mb4 COLLATE=utf8mb4_unicode_ci;
/*!40101 SET character_set_client = @saved_cs_client */;

--
-- Dumping data for table `ec_discounts`
--

LOCK TABLES `ec_discounts` WRITE;
/*!40000 ALTER TABLE `ec_discounts` DISABLE KEYS */;
/*!40000 ALTER TABLE `ec_discounts` ENABLE KEYS */;
UNLOCK TABLES;

--
-- Table structure for table `ec_flash_sale_products`
--

DROP TABLE IF EXISTS `ec_flash_sale_products`;
/*!40101 SET @saved_cs_client     = @@character_set_client */;
/*!50503 SET character_set_client = utf8mb4 */;
CREATE TABLE `ec_flash_sale_products` (
  `flash_sale_id` int unsigned NOT NULL,
  `product_id` int unsigned NOT NULL,
  `price` double unsigned DEFAULT NULL,
  `quantity` int unsigned DEFAULT NULL,
  `sold` int unsigned NOT NULL DEFAULT '0'
) ENGINE=InnoDB DEFAULT CHARSET=utf8mb4 COLLATE=utf8mb4_unicode_ci;
/*!40101 SET character_set_client = @saved_cs_client */;

--
-- Dumping data for table `ec_flash_sale_products`
--

LOCK TABLES `ec_flash_sale_products` WRITE;
/*!40000 ALTER TABLE `ec_flash_sale_products` DISABLE KEYS */;
INSERT INTO `ec_flash_sale_products` VALUES (1,11,35.34,8,4),(2,13,108.24,14,4);
/*!40000 ALTER TABLE `ec_flash_sale_products` ENABLE KEYS */;
UNLOCK TABLES;

--
-- Table structure for table `ec_flash_sales`
--

DROP TABLE IF EXISTS `ec_flash_sales`;
/*!40101 SET @saved_cs_client     = @@character_set_client */;
/*!50503 SET character_set_client = utf8mb4 */;
CREATE TABLE `ec_flash_sales` (
  `id` bigint unsigned NOT NULL AUTO_INCREMENT,
  `name` varchar(255) COLLATE utf8mb4_unicode_ci NOT NULL,
  `end_date` datetime NOT NULL,
  `status` varchar(60) COLLATE utf8mb4_unicode_ci NOT NULL DEFAULT 'published',
  `created_at` timestamp NULL DEFAULT NULL,
  `updated_at` timestamp NULL DEFAULT NULL,
  PRIMARY KEY (`id`)
) ENGINE=InnoDB AUTO_INCREMENT=3 DEFAULT CHARSET=utf8mb4 COLLATE=utf8mb4_unicode_ci;
/*!40101 SET character_set_client = @saved_cs_client */;

--
-- Dumping data for table `ec_flash_sales`
--

LOCK TABLES `ec_flash_sales` WRITE;
/*!40000 ALTER TABLE `ec_flash_sales` DISABLE KEYS */;
INSERT INTO `ec_flash_sales` VALUES (1,'Deal of the Day.','2023-02-20 00:00:00','published','2023-01-02 21:22:32','2023-01-02 21:22:32'),(2,'Gadgets & Accessories','2023-02-12 00:00:00','published','2023-01-02 21:22:32','2023-01-02 21:22:32');
/*!40000 ALTER TABLE `ec_flash_sales` ENABLE KEYS */;
UNLOCK TABLES;

--
-- Table structure for table `ec_flash_sales_translations`
--

DROP TABLE IF EXISTS `ec_flash_sales_translations`;
/*!40101 SET @saved_cs_client     = @@character_set_client */;
/*!50503 SET character_set_client = utf8mb4 */;
CREATE TABLE `ec_flash_sales_translations` (
  `lang_code` varchar(191) COLLATE utf8mb4_unicode_ci NOT NULL,
  `ec_flash_sales_id` int NOT NULL,
  `name` varchar(191) COLLATE utf8mb4_unicode_ci DEFAULT NULL,
  PRIMARY KEY (`lang_code`,`ec_flash_sales_id`)
) ENGINE=InnoDB DEFAULT CHARSET=utf8mb4 COLLATE=utf8mb4_unicode_ci;
/*!40101 SET character_set_client = @saved_cs_client */;

--
-- Dumping data for table `ec_flash_sales_translations`
--

LOCK TABLES `ec_flash_sales_translations` WRITE;
/*!40000 ALTER TABLE `ec_flash_sales_translations` DISABLE KEYS */;
INSERT INTO `ec_flash_sales_translations` VALUES ('vi',1,'Khuyến mãi trong ngày.'),('vi',2,'Tiện ích & Phụ kiện');
/*!40000 ALTER TABLE `ec_flash_sales_translations` ENABLE KEYS */;
UNLOCK TABLES;

--
-- Table structure for table `ec_global_option_value`
--

DROP TABLE IF EXISTS `ec_global_option_value`;
/*!40101 SET @saved_cs_client     = @@character_set_client */;
/*!50503 SET character_set_client = utf8mb4 */;
CREATE TABLE `ec_global_option_value` (
  `option_id` bigint NOT NULL COMMENT 'option id',
  `option_value` tinytext COLLATE utf8mb4_unicode_ci COMMENT 'option value',
  `affect_price` double DEFAULT NULL COMMENT 'value of price of this option affect',
  `order` int NOT NULL DEFAULT '9999',
  `affect_type` tinyint NOT NULL DEFAULT '0' COMMENT '0. fixed 1. percent',
  `created_at` timestamp NULL DEFAULT NULL,
  `updated_at` timestamp NULL DEFAULT NULL
) ENGINE=InnoDB DEFAULT CHARSET=utf8mb4 COLLATE=utf8mb4_unicode_ci;
/*!40101 SET character_set_client = @saved_cs_client */;

--
-- Dumping data for table `ec_global_option_value`
--

LOCK TABLES `ec_global_option_value` WRITE;
/*!40000 ALTER TABLE `ec_global_option_value` DISABLE KEYS */;
INSERT INTO `ec_global_option_value` VALUES (1,'1 Year',0,9999,0,'2023-01-02 21:22:33','2023-01-02 21:22:33'),(1,'2 Year',10,9999,0,'2023-01-02 21:22:33','2023-01-02 21:22:33'),(1,'3 Year',20,9999,0,'2023-01-02 21:22:33','2023-01-02 21:22:33'),(2,'4GB',0,9999,0,'2023-01-02 21:22:33','2023-01-02 21:22:33'),(2,'8GB',10,9999,0,'2023-01-02 21:22:33','2023-01-02 21:22:33'),(2,'16GB',20,9999,0,'2023-01-02 21:22:33','2023-01-02 21:22:33'),(3,'Core i5',0,9999,0,'2023-01-02 21:22:33','2023-01-02 21:22:33'),(3,'Core i7',10,9999,0,'2023-01-02 21:22:33','2023-01-02 21:22:33'),(3,'Core i9',20,9999,0,'2023-01-02 21:22:33','2023-01-02 21:22:33'),(4,'128GB',0,9999,0,'2023-01-02 21:22:33','2023-01-02 21:22:33'),(4,'256GB',10,9999,0,'2023-01-02 21:22:33','2023-01-02 21:22:33'),(4,'512GB',20,9999,0,'2023-01-02 21:22:33','2023-01-02 21:22:33');
/*!40000 ALTER TABLE `ec_global_option_value` ENABLE KEYS */;
UNLOCK TABLES;

--
-- Table structure for table `ec_global_options`
--

DROP TABLE IF EXISTS `ec_global_options`;
/*!40101 SET @saved_cs_client     = @@character_set_client */;
/*!50503 SET character_set_client = utf8mb4 */;
CREATE TABLE `ec_global_options` (
  `id` bigint unsigned NOT NULL AUTO_INCREMENT,
  `name` varchar(191) COLLATE utf8mb4_unicode_ci NOT NULL COMMENT 'Name of options',
  `option_type` varchar(191) COLLATE utf8mb4_unicode_ci NOT NULL COMMENT 'option type',
  `required` tinyint(1) NOT NULL DEFAULT '0' COMMENT 'Checked if this option is required',
  `created_at` timestamp NULL DEFAULT NULL,
  `updated_at` timestamp NULL DEFAULT NULL,
  PRIMARY KEY (`id`)
) ENGINE=InnoDB AUTO_INCREMENT=5 DEFAULT CHARSET=utf8mb4 COLLATE=utf8mb4_unicode_ci;
/*!40101 SET character_set_client = @saved_cs_client */;

--
-- Dumping data for table `ec_global_options`
--

LOCK TABLES `ec_global_options` WRITE;
/*!40000 ALTER TABLE `ec_global_options` DISABLE KEYS */;
INSERT INTO `ec_global_options` VALUES (1,'Warranty','Botble\\Ecommerce\\Option\\OptionType\\RadioButton',1,'2023-01-02 21:22:33','2023-01-02 21:22:33'),(2,'RAM','Botble\\Ecommerce\\Option\\OptionType\\RadioButton',1,'2023-01-02 21:22:33','2023-01-02 21:22:33'),(3,'CPU','Botble\\Ecommerce\\Option\\OptionType\\RadioButton',1,'2023-01-02 21:22:33','2023-01-02 21:22:33'),(4,'HDD','Botble\\Ecommerce\\Option\\OptionType\\Dropdown',0,'2023-01-02 21:22:33','2023-01-02 21:22:33');
/*!40000 ALTER TABLE `ec_global_options` ENABLE KEYS */;
UNLOCK TABLES;

--
-- Table structure for table `ec_grouped_products`
--

DROP TABLE IF EXISTS `ec_grouped_products`;
/*!40101 SET @saved_cs_client     = @@character_set_client */;
/*!50503 SET character_set_client = utf8mb4 */;
CREATE TABLE `ec_grouped_products` (
  `id` bigint unsigned NOT NULL AUTO_INCREMENT,
  `parent_product_id` int unsigned NOT NULL,
  `product_id` int unsigned NOT NULL,
  `fixed_qty` int NOT NULL DEFAULT '1',
  PRIMARY KEY (`id`)
) ENGINE=InnoDB DEFAULT CHARSET=utf8mb4 COLLATE=utf8mb4_unicode_ci;
/*!40101 SET character_set_client = @saved_cs_client */;

--
-- Dumping data for table `ec_grouped_products`
--

LOCK TABLES `ec_grouped_products` WRITE;
/*!40000 ALTER TABLE `ec_grouped_products` DISABLE KEYS */;
/*!40000 ALTER TABLE `ec_grouped_products` ENABLE KEYS */;
UNLOCK TABLES;

--
-- Table structure for table `ec_invoice_items`
--

DROP TABLE IF EXISTS `ec_invoice_items`;
/*!40101 SET @saved_cs_client     = @@character_set_client */;
/*!50503 SET character_set_client = utf8mb4 */;
CREATE TABLE `ec_invoice_items` (
  `id` bigint unsigned NOT NULL AUTO_INCREMENT,
  `invoice_id` bigint unsigned NOT NULL,
  `reference_type` varchar(191) COLLATE utf8mb4_unicode_ci NOT NULL,
  `reference_id` bigint unsigned NOT NULL,
  `name` varchar(191) COLLATE utf8mb4_unicode_ci NOT NULL,
  `description` varchar(191) COLLATE utf8mb4_unicode_ci DEFAULT NULL,
  `image` varchar(191) COLLATE utf8mb4_unicode_ci DEFAULT NULL,
  `qty` int unsigned NOT NULL,
  `sub_total` decimal(15,2) unsigned NOT NULL,
  `tax_amount` decimal(15,2) unsigned NOT NULL DEFAULT '0.00',
  `discount_amount` decimal(15,2) unsigned NOT NULL DEFAULT '0.00',
  `amount` decimal(15,2) unsigned NOT NULL,
  `options` text COLLATE utf8mb4_unicode_ci,
  `created_at` timestamp NULL DEFAULT NULL,
  `updated_at` timestamp NULL DEFAULT NULL,
  PRIMARY KEY (`id`),
  KEY `ec_invoice_items_reference_type_reference_id_index` (`reference_type`,`reference_id`)
) ENGINE=InnoDB DEFAULT CHARSET=utf8mb4 COLLATE=utf8mb4_unicode_ci;
/*!40101 SET character_set_client = @saved_cs_client */;

--
-- Dumping data for table `ec_invoice_items`
--

LOCK TABLES `ec_invoice_items` WRITE;
/*!40000 ALTER TABLE `ec_invoice_items` DISABLE KEYS */;
/*!40000 ALTER TABLE `ec_invoice_items` ENABLE KEYS */;
UNLOCK TABLES;

--
-- Table structure for table `ec_invoices`
--

DROP TABLE IF EXISTS `ec_invoices`;
/*!40101 SET @saved_cs_client     = @@character_set_client */;
/*!50503 SET character_set_client = utf8mb4 */;
CREATE TABLE `ec_invoices` (
  `id` bigint unsigned NOT NULL AUTO_INCREMENT,
  `reference_type` varchar(191) COLLATE utf8mb4_unicode_ci NOT NULL,
  `reference_id` bigint unsigned NOT NULL,
  `code` varchar(191) COLLATE utf8mb4_unicode_ci NOT NULL,
  `customer_name` varchar(191) COLLATE utf8mb4_unicode_ci DEFAULT NULL,
  `company_name` varchar(191) COLLATE utf8mb4_unicode_ci DEFAULT NULL,
  `company_logo` varchar(191) COLLATE utf8mb4_unicode_ci DEFAULT NULL,
  `customer_email` varchar(191) COLLATE utf8mb4_unicode_ci DEFAULT NULL,
  `customer_phone` varchar(191) COLLATE utf8mb4_unicode_ci DEFAULT NULL,
  `customer_address` varchar(191) COLLATE utf8mb4_unicode_ci DEFAULT NULL,
  `customer_tax_id` varchar(191) COLLATE utf8mb4_unicode_ci DEFAULT NULL,
  `sub_total` decimal(15,2) unsigned NOT NULL,
  `tax_amount` decimal(15,2) unsigned NOT NULL DEFAULT '0.00',
  `shipping_amount` decimal(15,2) unsigned NOT NULL DEFAULT '0.00',
  `discount_amount` decimal(15,2) unsigned NOT NULL DEFAULT '0.00',
  `shipping_option` varchar(60) COLLATE utf8mb4_unicode_ci DEFAULT NULL,
  `shipping_method` varchar(60) COLLATE utf8mb4_unicode_ci NOT NULL DEFAULT 'default',
  `coupon_code` varchar(120) COLLATE utf8mb4_unicode_ci DEFAULT NULL,
  `discount_description` varchar(255) COLLATE utf8mb4_unicode_ci DEFAULT NULL,
  `amount` decimal(15,2) unsigned NOT NULL,
  `description` text COLLATE utf8mb4_unicode_ci,
  `payment_id` int unsigned DEFAULT NULL,
  `status` varchar(191) COLLATE utf8mb4_unicode_ci NOT NULL DEFAULT 'pending',
  `paid_at` timestamp NULL DEFAULT NULL,
  `created_at` timestamp NULL DEFAULT NULL,
  `updated_at` timestamp NULL DEFAULT NULL,
  PRIMARY KEY (`id`),
  UNIQUE KEY `ec_invoices_code_unique` (`code`),
  KEY `ec_invoices_reference_type_reference_id_index` (`reference_type`,`reference_id`),
  KEY `ec_invoices_payment_id_index` (`payment_id`),
  KEY `ec_invoices_status_index` (`status`)
) ENGINE=InnoDB DEFAULT CHARSET=utf8mb4 COLLATE=utf8mb4_unicode_ci;
/*!40101 SET character_set_client = @saved_cs_client */;

--
-- Dumping data for table `ec_invoices`
--

LOCK TABLES `ec_invoices` WRITE;
/*!40000 ALTER TABLE `ec_invoices` DISABLE KEYS */;
/*!40000 ALTER TABLE `ec_invoices` ENABLE KEYS */;
UNLOCK TABLES;

--
-- Table structure for table `ec_option_value`
--

DROP TABLE IF EXISTS `ec_option_value`;
/*!40101 SET @saved_cs_client     = @@character_set_client */;
/*!50503 SET character_set_client = utf8mb4 */;
CREATE TABLE `ec_option_value` (
  `option_id` bigint NOT NULL COMMENT 'option id',
  `option_value` tinytext COLLATE utf8mb4_unicode_ci COMMENT 'option value',
  `affect_price` double DEFAULT NULL COMMENT 'value of price of this option affect',
  `order` int NOT NULL DEFAULT '9999',
  `affect_type` tinyint NOT NULL DEFAULT '0' COMMENT '0. fixed 1. percent',
  `created_at` timestamp NULL DEFAULT NULL,
  `updated_at` timestamp NULL DEFAULT NULL
) ENGINE=InnoDB DEFAULT CHARSET=utf8mb4 COLLATE=utf8mb4_unicode_ci;
/*!40101 SET character_set_client = @saved_cs_client */;

--
-- Dumping data for table `ec_option_value`
--

LOCK TABLES `ec_option_value` WRITE;
/*!40000 ALTER TABLE `ec_option_value` DISABLE KEYS */;
/*!40000 ALTER TABLE `ec_option_value` ENABLE KEYS */;
UNLOCK TABLES;

--
-- Table structure for table `ec_options`
--

DROP TABLE IF EXISTS `ec_options`;
/*!40101 SET @saved_cs_client     = @@character_set_client */;
/*!50503 SET character_set_client = utf8mb4 */;
CREATE TABLE `ec_options` (
  `id` bigint unsigned NOT NULL AUTO_INCREMENT,
  `name` varchar(191) COLLATE utf8mb4_unicode_ci NOT NULL COMMENT 'Name of options',
  `option_type` varchar(191) COLLATE utf8mb4_unicode_ci DEFAULT NULL COMMENT 'option type',
  `product_id` bigint NOT NULL DEFAULT '0',
  `order` int NOT NULL DEFAULT '9999',
  `required` tinyint(1) NOT NULL DEFAULT '0' COMMENT 'Checked if this option is required',
  `created_at` timestamp NULL DEFAULT NULL,
  `updated_at` timestamp NULL DEFAULT NULL,
  PRIMARY KEY (`id`)
) ENGINE=InnoDB DEFAULT CHARSET=utf8mb4 COLLATE=utf8mb4_unicode_ci;
/*!40101 SET character_set_client = @saved_cs_client */;

--
-- Dumping data for table `ec_options`
--

LOCK TABLES `ec_options` WRITE;
/*!40000 ALTER TABLE `ec_options` DISABLE KEYS */;
/*!40000 ALTER TABLE `ec_options` ENABLE KEYS */;
UNLOCK TABLES;

--
-- Table structure for table `ec_order_addresses`
--

DROP TABLE IF EXISTS `ec_order_addresses`;
/*!40101 SET @saved_cs_client     = @@character_set_client */;
/*!50503 SET character_set_client = utf8mb4 */;
CREATE TABLE `ec_order_addresses` (
  `id` bigint unsigned NOT NULL AUTO_INCREMENT,
  `name` varchar(191) COLLATE utf8mb4_unicode_ci NOT NULL,
  `phone` varchar(20) COLLATE utf8mb4_unicode_ci DEFAULT NULL,
  `email` varchar(191) COLLATE utf8mb4_unicode_ci DEFAULT NULL,
  `country` varchar(120) COLLATE utf8mb4_unicode_ci DEFAULT NULL,
  `state` varchar(120) COLLATE utf8mb4_unicode_ci DEFAULT NULL,
  `city` varchar(120) COLLATE utf8mb4_unicode_ci DEFAULT NULL,
  `address` varchar(255) COLLATE utf8mb4_unicode_ci DEFAULT NULL,
  `order_id` int unsigned NOT NULL,
  `zip_code` varchar(20) COLLATE utf8mb4_unicode_ci DEFAULT NULL,
  `type` varchar(60) COLLATE utf8mb4_unicode_ci NOT NULL DEFAULT 'shipping_address',
  PRIMARY KEY (`id`)
) ENGINE=InnoDB AUTO_INCREMENT=21 DEFAULT CHARSET=utf8mb4 COLLATE=utf8mb4_unicode_ci;
/*!40101 SET character_set_client = @saved_cs_client */;

--
-- Dumping data for table `ec_order_addresses`
--

LOCK TABLES `ec_order_addresses` WRITE;
/*!40000 ALTER TABLE `ec_order_addresses` DISABLE KEYS */;
INSERT INTO `ec_order_addresses` VALUES (1,'Fleta Braun','+12546307441','rmiller@example.net','SC','Idaho','Loyborough','8808 Rolfson Extensions',1,'05366','shipping_address'),(2,'Prof. Eulah Swift DVM','+19014507947','john.smith@botble.com','RU','New Jersey','Port Magdalena','98954 Wunsch Cape',2,'89501','shipping_address'),(3,'Reinhold Anderson','+15866270933','rpollich@example.net','PE','Washington','O\'Reillyport','1942 Swift Shores Apt. 231',3,'74194','shipping_address'),(4,'Fleta Braun','+12546307441','rmiller@example.net','SC','Idaho','Loyborough','8808 Rolfson Extensions',4,'05366','shipping_address'),(5,'Shanon Prohaska Sr.','+17572547715','kohler.stevie@example.org','VU','Connecticut','Elsashire','187 Funk Highway Apt. 950',5,'16844','shipping_address'),(6,'Reinhold Anderson','+15866270933','rpollich@example.net','PE','Washington','O\'Reillyport','1942 Swift Shores Apt. 231',6,'74194','shipping_address'),(7,'Dr. Yoshiko Hayes','+13472961771','whaley@example.com','PH','Nebraska','Gisselleshire','3690 Leilani Station',7,'89792-4516','shipping_address'),(8,'Prof. Santino Stokes','+15154751863','schiller.earnestine@example.net','SR','Missouri','Walterfort','8582 Waters Lane',8,'96439','shipping_address'),(9,'Prof. Santino Stokes','+15154751863','schiller.earnestine@example.net','SR','Missouri','Walterfort','8582 Waters Lane',9,'96439','shipping_address'),(10,'Prof. Santino Stokes','+15154751863','schiller.earnestine@example.net','SR','Missouri','Walterfort','8582 Waters Lane',10,'96439','shipping_address'),(11,'Stanford Shanahan','+16147652774','soledad30@example.org','RS','South Dakota','Lake Laceyfurt','81139 Kub Creek',11,'34378-5172','shipping_address'),(12,'Prof. Santino Stokes','+15154751863','schiller.earnestine@example.net','SR','Missouri','Walterfort','8582 Waters Lane',12,'96439','shipping_address'),(13,'Dr. Yoshiko Hayes','+13472961771','whaley@example.com','PH','Nebraska','Gisselleshire','3690 Leilani Station',13,'89792-4516','shipping_address'),(14,'Stanford Shanahan','+16147652774','soledad30@example.org','RS','South Dakota','Lake Laceyfurt','81139 Kub Creek',14,'34378-5172','shipping_address'),(15,'Prof. Eulah Swift DVM','+19014507947','john.smith@botble.com','RU','New Jersey','Port Magdalena','98954 Wunsch Cape',15,'89501','shipping_address'),(16,'Wellington Kessler DVM','+18162124053','donavon71@example.org','FJ','Arkansas','East Clemmie','5786 Madalyn Islands Apt. 700',16,'48600-8588','shipping_address'),(17,'Prof. Eulah Swift DVM','+19014507947','john.smith@botble.com','RU','New Jersey','Port Magdalena','98954 Wunsch Cape',17,'89501','shipping_address'),(18,'Wellington Kessler DVM','+18162124053','donavon71@example.org','FJ','Arkansas','East Clemmie','5786 Madalyn Islands Apt. 700',18,'48600-8588','shipping_address'),(19,'Stanford Shanahan','+16147652774','soledad30@example.org','RS','South Dakota','Lake Laceyfurt','81139 Kub Creek',19,'34378-5172','shipping_address'),(20,'Jabari Schultz','+15616969167','qwindler@example.net','VG','Connecticut','Corastad','900 Rico Meadow Apt. 363',20,'04003','shipping_address');
/*!40000 ALTER TABLE `ec_order_addresses` ENABLE KEYS */;
UNLOCK TABLES;

--
-- Table structure for table `ec_order_histories`
--

DROP TABLE IF EXISTS `ec_order_histories`;
/*!40101 SET @saved_cs_client     = @@character_set_client */;
/*!50503 SET character_set_client = utf8mb4 */;
CREATE TABLE `ec_order_histories` (
  `id` bigint unsigned NOT NULL AUTO_INCREMENT,
  `action` varchar(120) COLLATE utf8mb4_unicode_ci NOT NULL,
  `description` varchar(255) COLLATE utf8mb4_unicode_ci NOT NULL,
  `user_id` int unsigned DEFAULT NULL,
  `order_id` int unsigned NOT NULL,
  `extras` text COLLATE utf8mb4_unicode_ci,
  `created_at` timestamp NULL DEFAULT NULL,
  `updated_at` timestamp NULL DEFAULT NULL,
  PRIMARY KEY (`id`)
) ENGINE=InnoDB AUTO_INCREMENT=91 DEFAULT CHARSET=utf8mb4 COLLATE=utf8mb4_unicode_ci;
/*!40101 SET character_set_client = @saved_cs_client */;

--
-- Dumping data for table `ec_order_histories`
--

LOCK TABLES `ec_order_histories` WRITE;
/*!40000 ALTER TABLE `ec_order_histories` DISABLE KEYS */;
INSERT INTO `ec_order_histories` VALUES (1,'create_order_from_seeder','Order is created from the checkout page',NULL,1,NULL,'2022-12-27 05:22:32','2022-12-27 05:22:32'),(2,'confirm_order','Order was verified by %user_name%',0,1,NULL,'2022-12-27 05:22:32','2022-12-27 05:22:32'),(3,'create_shipment','Created shipment for order',0,1,NULL,'2023-01-02 21:22:32','2023-01-02 21:22:32'),(4,'create_order_from_seeder','Order is created from the checkout page',NULL,2,NULL,'2022-12-21 05:22:32','2022-12-21 05:22:32'),(5,'confirm_order','Order was verified by %user_name%',0,2,NULL,'2022-12-21 05:22:32','2022-12-21 05:22:32'),(6,'create_shipment','Created shipment for order',0,2,NULL,'2023-01-02 21:22:32','2023-01-02 21:22:32'),(7,'update_status','Changed status of shipping to: Delivered. Updated by: %user_name%',0,2,NULL,'2023-01-02 21:22:32','2023-01-02 21:22:32'),(8,'create_order_from_seeder','Order is created from the checkout page',NULL,3,NULL,'2022-12-18 21:22:32','2022-12-18 21:22:32'),(9,'confirm_order','Order was verified by %user_name%',0,3,NULL,'2022-12-18 21:22:32','2022-12-18 21:22:32'),(10,'confirm_payment','Payment was confirmed (amount $1,679.00) by %user_name%',0,3,NULL,'2023-01-02 21:22:32','2023-01-02 21:22:32'),(11,'create_shipment','Created shipment for order',0,3,NULL,'2023-01-02 21:22:32','2023-01-02 21:22:32'),(12,'update_status','Changed status of shipping to: Delivered. Updated by: %user_name%',0,3,NULL,'2023-01-02 21:22:32','2023-01-02 21:22:32'),(13,'create_order_from_seeder','Order is created from the checkout page',NULL,4,NULL,'2022-12-28 05:22:32','2022-12-28 05:22:32'),(14,'confirm_order','Order was verified by %user_name%',0,4,NULL,'2022-12-28 05:22:32','2022-12-28 05:22:32'),(15,'confirm_payment','Payment was confirmed (amount $887.00) by %user_name%',0,4,NULL,'2023-01-02 21:22:32','2023-01-02 21:22:32'),(16,'create_shipment','Created shipment for order',0,4,NULL,'2023-01-02 21:22:32','2023-01-02 21:22:32'),(17,'create_order_from_seeder','Order is created from the checkout page',NULL,5,NULL,'2022-12-28 13:22:32','2022-12-28 13:22:32'),(18,'confirm_order','Order was verified by %user_name%',0,5,NULL,'2022-12-28 13:22:32','2022-12-28 13:22:32'),(19,'confirm_payment','Payment was confirmed (amount $1,526.00) by %user_name%',0,5,NULL,'2023-01-02 21:22:32','2023-01-02 21:22:32'),(20,'create_shipment','Created shipment for order',0,5,NULL,'2023-01-02 21:22:32','2023-01-02 21:22:32'),(21,'create_order_from_seeder','Order is created from the checkout page',NULL,6,NULL,'2022-12-22 15:22:32','2022-12-22 15:22:32'),(22,'confirm_order','Order was verified by %user_name%',0,6,NULL,'2022-12-22 15:22:32','2022-12-22 15:22:32'),(23,'create_shipment','Created shipment for order',0,6,NULL,'2023-01-02 21:22:32','2023-01-02 21:22:32'),(24,'update_status','Changed status of shipping to: Delivered. Updated by: %user_name%',0,6,NULL,'2023-01-02 21:22:32','2023-01-02 21:22:32'),(25,'create_order_from_seeder','Order is created from the checkout page',NULL,7,NULL,'2022-12-23 09:22:32','2022-12-23 09:22:32'),(26,'confirm_order','Order was verified by %user_name%',0,7,NULL,'2022-12-23 09:22:32','2022-12-23 09:22:32'),(27,'confirm_payment','Payment was confirmed (amount $568.00) by %user_name%',0,7,NULL,'2023-01-02 21:22:32','2023-01-02 21:22:32'),(28,'create_shipment','Created shipment for order',0,7,NULL,'2023-01-02 21:22:32','2023-01-02 21:22:32'),(29,'update_status','Changed status of shipping to: Delivered. Updated by: %user_name%',0,7,NULL,'2023-01-02 21:22:32','2023-01-02 21:22:32'),(30,'create_order_from_seeder','Order is created from the checkout page',NULL,8,NULL,'2022-12-30 15:22:32','2022-12-30 15:22:32'),(31,'confirm_order','Order was verified by %user_name%',0,8,NULL,'2022-12-30 15:22:32','2022-12-30 15:22:32'),(32,'confirm_payment','Payment was confirmed (amount $747.00) by %user_name%',0,8,NULL,'2023-01-02 21:22:32','2023-01-02 21:22:32'),(33,'create_shipment','Created shipment for order',0,8,NULL,'2023-01-02 21:22:32','2023-01-02 21:22:32'),(34,'create_order_from_seeder','Order is created from the checkout page',NULL,9,NULL,'2022-12-30 21:22:32','2022-12-30 21:22:32'),(35,'confirm_order','Order was verified by %user_name%',0,9,NULL,'2022-12-30 21:22:32','2022-12-30 21:22:32'),(36,'confirm_payment','Payment was confirmed (amount $473.00) by %user_name%',0,9,NULL,'2023-01-02 21:22:32','2023-01-02 21:22:32'),(37,'create_shipment','Created shipment for order',0,9,NULL,'2023-01-02 21:22:32','2023-01-02 21:22:32'),(38,'update_status','Changed status of shipping to: Delivered. Updated by: %user_name%',0,9,NULL,'2023-01-02 21:22:32','2023-01-02 21:22:32'),(39,'create_order_from_seeder','Order is created from the checkout page',NULL,10,NULL,'2022-12-26 13:22:32','2022-12-26 13:22:32'),(40,'confirm_order','Order was verified by %user_name%',0,10,NULL,'2022-12-26 13:22:32','2022-12-26 13:22:32'),(41,'confirm_payment','Payment was confirmed (amount $488.00) by %user_name%',0,10,NULL,'2023-01-02 21:22:32','2023-01-02 21:22:32'),(42,'create_shipment','Created shipment for order',0,10,NULL,'2023-01-02 21:22:32','2023-01-02 21:22:32'),(43,'create_order_from_seeder','Order is created from the checkout page',NULL,11,NULL,'2022-12-28 01:22:32','2022-12-28 01:22:32'),(44,'confirm_order','Order was verified by %user_name%',0,11,NULL,'2022-12-28 01:22:32','2022-12-28 01:22:32'),(45,'confirm_payment','Payment was confirmed (amount $1,211.00) by %user_name%',0,11,NULL,'2023-01-02 21:22:32','2023-01-02 21:22:32'),(46,'create_shipment','Created shipment for order',0,11,NULL,'2023-01-02 21:22:32','2023-01-02 21:22:32'),(47,'create_order_from_seeder','Order is created from the checkout page',NULL,12,NULL,'2022-12-30 21:22:32','2022-12-30 21:22:32'),(48,'confirm_order','Order was verified by %user_name%',0,12,NULL,'2022-12-30 21:22:32','2022-12-30 21:22:32'),(49,'confirm_payment','Payment was confirmed (amount $1,268.00) by %user_name%',0,12,NULL,'2023-01-02 21:22:32','2023-01-02 21:22:32'),(50,'create_shipment','Created shipment for order',0,12,NULL,'2023-01-02 21:22:32','2023-01-02 21:22:32'),(51,'update_status','Changed status of shipping to: Delivered. Updated by: %user_name%',0,12,NULL,'2023-01-02 21:22:32','2023-01-02 21:22:32'),(52,'create_order_from_seeder','Order is created from the checkout page',NULL,13,NULL,'2022-12-27 21:22:32','2022-12-27 21:22:32'),(53,'confirm_order','Order was verified by %user_name%',0,13,NULL,'2022-12-27 21:22:32','2022-12-27 21:22:32'),(54,'create_shipment','Created shipment for order',0,13,NULL,'2023-01-02 21:22:32','2023-01-02 21:22:32'),(55,'create_order_from_seeder','Order is created from the checkout page',NULL,14,NULL,'2022-12-29 05:22:32','2022-12-29 05:22:32'),(56,'confirm_order','Order was verified by %user_name%',0,14,NULL,'2022-12-29 05:22:32','2022-12-29 05:22:32'),(57,'confirm_payment','Payment was confirmed (amount $1,056.00) by %user_name%',0,14,NULL,'2023-01-02 21:22:32','2023-01-02 21:22:32'),(58,'create_shipment','Created shipment for order',0,14,NULL,'2023-01-02 21:22:32','2023-01-02 21:22:32'),(59,'update_status','Changed status of shipping to: Delivered. Updated by: %user_name%',0,14,NULL,'2023-01-02 21:22:32','2023-01-02 21:22:32'),(60,'create_order_from_seeder','Order is created from the checkout page',NULL,15,NULL,'2022-12-31 09:22:32','2022-12-31 09:22:32'),(61,'confirm_order','Order was verified by %user_name%',0,15,NULL,'2022-12-31 09:22:32','2022-12-31 09:22:32'),(62,'confirm_payment','Payment was confirmed (amount $1,418.00) by %user_name%',0,15,NULL,'2023-01-02 21:22:32','2023-01-02 21:22:32'),(63,'create_shipment','Created shipment for order',0,15,NULL,'2023-01-02 21:22:32','2023-01-02 21:22:32'),(64,'create_order_from_seeder','Order is created from the checkout page',NULL,16,NULL,'2022-12-31 09:22:32','2022-12-31 09:22:32'),(65,'confirm_order','Order was verified by %user_name%',0,16,NULL,'2022-12-31 09:22:32','2022-12-31 09:22:32'),(66,'confirm_payment','Payment was confirmed (amount $2,305.00) by %user_name%',0,16,NULL,'2023-01-02 21:22:32','2023-01-02 21:22:32'),(67,'create_shipment','Created shipment for order',0,16,NULL,'2023-01-02 21:22:32','2023-01-02 21:22:32'),(68,'create_order_from_seeder','Order is created from the checkout page',NULL,17,NULL,'2023-01-02 05:22:32','2023-01-02 05:22:32'),(69,'confirm_order','Order was verified by %user_name%',0,17,NULL,'2023-01-02 05:22:32','2023-01-02 05:22:32'),(70,'confirm_payment','Payment was confirmed (amount $617.00) by %user_name%',0,17,NULL,'2023-01-02 21:22:32','2023-01-02 21:22:32'),(71,'create_shipment','Created shipment for order',0,17,NULL,'2023-01-02 21:22:32','2023-01-02 21:22:32'),(72,'update_status','Changed status of shipping to: Delivered. Updated by: %user_name%',0,17,NULL,'2023-01-02 21:22:33','2023-01-02 21:22:33'),(73,'create_order_from_seeder','Order is created from the checkout page',NULL,18,NULL,'2023-01-01 09:22:33','2023-01-01 09:22:33'),(74,'confirm_order','Order was verified by %user_name%',0,18,NULL,'2023-01-01 09:22:33','2023-01-01 09:22:33'),(75,'confirm_payment','Payment was confirmed (amount $234.00) by %user_name%',0,18,NULL,'2023-01-02 21:22:33','2023-01-02 21:22:33'),(76,'create_shipment','Created shipment for order',0,18,NULL,'2023-01-02 21:22:33','2023-01-02 21:22:33'),(77,'create_order_from_seeder','Order is created from the checkout page',NULL,19,NULL,'2023-01-01 21:22:33','2023-01-01 21:22:33'),(78,'confirm_order','Order was verified by %user_name%',0,19,NULL,'2023-01-01 21:22:33','2023-01-01 21:22:33'),(79,'confirm_payment','Payment was confirmed (amount $462.00) by %user_name%',0,19,NULL,'2023-01-02 21:22:33','2023-01-02 21:22:33'),(80,'create_shipment','Created shipment for order',0,19,NULL,'2023-01-02 21:22:33','2023-01-02 21:22:33'),(81,'create_order_from_seeder','Order is created from the checkout page',NULL,20,NULL,'2023-01-02 15:22:33','2023-01-02 15:22:33'),(82,'confirm_order','Order was verified by %user_name%',0,20,NULL,'2023-01-02 15:22:33','2023-01-02 15:22:33'),(83,'create_shipment','Created shipment for order',0,20,NULL,'2023-01-02 21:22:33','2023-01-02 21:22:33'),(84,'update_status','Changed status of shipping to: Delivered. Updated by: %user_name%',0,20,NULL,'2023-01-02 21:22:33','2023-01-02 21:22:33'),(85,'update_status','Order confirmed by %user_name%',0,3,NULL,'2023-01-02 21:22:33','2023-01-02 21:22:33'),(86,'update_status','Order confirmed by %user_name%',0,7,NULL,'2023-01-02 21:22:33','2023-01-02 21:22:33'),(87,'update_status','Order confirmed by %user_name%',0,9,NULL,'2023-01-02 21:22:33','2023-01-02 21:22:33'),(88,'update_status','Order confirmed by %user_name%',0,12,NULL,'2023-01-02 21:22:33','2023-01-02 21:22:33'),(89,'update_status','Order confirmed by %user_name%',0,14,NULL,'2023-01-02 21:22:33','2023-01-02 21:22:33'),(90,'update_status','Order confirmed by %user_name%',0,17,NULL,'2023-01-02 21:22:33','2023-01-02 21:22:33');
/*!40000 ALTER TABLE `ec_order_histories` ENABLE KEYS */;
UNLOCK TABLES;

--
-- Table structure for table `ec_order_product`
--

DROP TABLE IF EXISTS `ec_order_product`;
/*!40101 SET @saved_cs_client     = @@character_set_client */;
/*!50503 SET character_set_client = utf8mb4 */;
CREATE TABLE `ec_order_product` (
  `id` bigint unsigned NOT NULL AUTO_INCREMENT,
  `order_id` int unsigned NOT NULL,
  `qty` int NOT NULL,
  `price` decimal(15,2) NOT NULL,
  `tax_amount` decimal(15,2) NOT NULL,
  `options` text COLLATE utf8mb4_unicode_ci,
  `product_options` text COLLATE utf8mb4_unicode_ci COMMENT 'product option data',
  `product_id` int unsigned DEFAULT NULL,
  `product_name` varchar(191) COLLATE utf8mb4_unicode_ci NOT NULL,
  `product_image` varchar(191) COLLATE utf8mb4_unicode_ci DEFAULT NULL,
  `weight` double(8,2) DEFAULT '0.00',
  `restock_quantity` int unsigned DEFAULT '0',
  `created_at` timestamp NULL DEFAULT NULL,
  `updated_at` timestamp NULL DEFAULT NULL,
  `product_type` varchar(60) COLLATE utf8mb4_unicode_ci NOT NULL DEFAULT 'physical',
  `times_downloaded` int NOT NULL DEFAULT '0',
  PRIMARY KEY (`id`)
) ENGINE=InnoDB AUTO_INCREMENT=58 DEFAULT CHARSET=utf8mb4 COLLATE=utf8mb4_unicode_ci;
/*!40101 SET character_set_client = @saved_cs_client */;

--
-- Dumping data for table `ec_order_product`
--

LOCK TABLES `ec_order_product` WRITE;
/*!40000 ALTER TABLE `ec_order_product` DISABLE KEYS */;
INSERT INTO `ec_order_product` VALUES (1,1,1,123.00,0.00,'[]',NULL,55,'Apple Keyboard (Digital)','products/13-1.jpg',695.00,0,'2023-01-02 21:22:32','2023-01-02 21:22:32','physical',0),(2,1,3,112.00,0.00,'[]',NULL,64,'Apple Airpods Serial 3','products/16.jpg',2619.00,0,'2023-01-02 21:22:32','2023-01-02 21:22:32','physical',0),(3,1,1,119.00,0.00,'[]',NULL,73,'Black Smart Watches','products/18.jpg',716.00,0,'2023-01-02 21:22:32','2023-01-02 21:22:32','physical',0),(4,2,2,116.00,0.00,'[]',NULL,75,'Leather Watch Band Serial 3','products/19-1.jpg',1008.00,0,'2023-01-02 21:22:32','2023-01-02 21:22:32','physical',0),(5,2,3,125.00,0.00,'[]',NULL,87,'Phillips Mouse','products/23.jpg',2346.00,0,'2023-01-02 21:22:32','2023-01-02 21:22:32','physical',0),(6,2,1,125.00,0.00,'[]',NULL,90,'Phillips Mouse','products/23.jpg',782.00,0,'2023-01-02 21:22:32','2023-01-02 21:22:32','physical',0),(7,2,1,124.00,0.00,'[]',NULL,92,'Gaming Keyboard','products/24-1.jpg',538.00,0,'2023-01-02 21:22:32','2023-01-02 21:22:32','physical',0),(8,3,2,439.00,0.00,'[]',NULL,27,'Smart Home Speaker (Digital)','products/1-2.jpg',1770.00,0,'2023-01-02 21:22:32','2023-01-02 21:22:32','physical',0),(9,3,1,358.00,0.00,'[]',NULL,33,'Boxed - Bluetooth Headphone','products/3-2.jpg',629.00,0,'2023-01-02 21:22:32','2023-01-02 21:22:32','physical',0),(10,3,1,113.00,0.00,'[]',NULL,44,'Apple iPhone 13 Plus','products/8.jpg',558.00,0,'2023-01-02 21:22:32','2023-01-02 21:22:32','physical',0),(11,3,3,110.00,0.00,'[]',NULL,68,'Cool Smart Watches (Digital)','products/17.jpg',2676.00,0,'2023-01-02 21:22:32','2023-01-02 21:22:32','physical',0),(12,4,1,439.00,0.00,'[]',NULL,25,'Smart Home Speaker (Digital)','products/1.jpg',885.00,0,'2023-01-02 21:22:32','2023-01-02 21:22:32','physical',0),(13,4,3,112.00,0.00,'[]',NULL,66,'Apple Airpods Serial 3','products/16.jpg',2619.00,0,'2023-01-02 21:22:32','2023-01-02 21:22:32','physical',0),(14,4,1,112.00,0.00,'[]',NULL,83,'Historic Alarm Clock (Digital)','products/21-1.jpg',567.00,0,'2023-01-02 21:22:32','2023-01-02 21:22:32','physical',0),(15,5,2,298.00,0.00,'[]',NULL,29,'Headphone Ultra Bass','products/2-1.jpg',1180.00,0,'2023-01-02 21:22:32','2023-01-02 21:22:32','physical',0),(16,5,3,234.00,0.00,'[]',NULL,49,'Macbook Air 12 inch','products/10.jpg',2442.00,0,'2023-01-02 21:22:32','2023-01-02 21:22:32','physical',0),(17,5,1,116.00,0.00,'[]',NULL,74,'Leather Watch Band Serial 3','products/19.jpg',504.00,0,'2023-01-02 21:22:32','2023-01-02 21:22:32','physical',0),(18,5,1,112.00,0.00,'[]',NULL,84,'Historic Alarm Clock (Digital)','products/21.jpg',567.00,0,'2023-01-02 21:22:32','2023-01-02 21:22:32','physical',0),(19,6,3,123.00,0.00,'[]',NULL,55,'Apple Keyboard (Digital)','products/13-1.jpg',2085.00,0,'2023-01-02 21:22:32','2023-01-02 21:22:32','physical',0),(20,6,2,115.00,0.00,'[]',NULL,59,'MacSafe 80W','products/14.jpg',1428.00,0,'2023-01-02 21:22:32','2023-01-02 21:22:32','physical',0),(21,6,2,130.00,0.00,'[]',NULL,63,'Hand playstation','products/15.jpg',1326.00,0,'2023-01-02 21:22:32','2023-01-02 21:22:32','physical',0),(22,7,2,116.00,0.00,'[]',NULL,43,'Leather Watch Band','products/7-1.jpg',1262.00,0,'2023-01-02 21:22:32','2023-01-02 21:22:32','physical',0),(23,7,3,112.00,0.00,'[]',NULL,65,'Apple Airpods Serial 3','products/16.jpg',2619.00,0,'2023-01-02 21:22:32','2023-01-02 21:22:32','physical',0),(24,8,3,119.00,0.00,'[]',NULL,72,'Black Smart Watches','products/18-2.jpg',2148.00,0,'2023-01-02 21:22:32','2023-01-02 21:22:32','physical',0),(25,8,3,130.00,0.00,'[]',NULL,80,'Macbook Pro 2015 13 inch','products/20-1.jpg',1623.00,0,'2023-01-02 21:22:32','2023-01-02 21:22:32','physical',0),(26,9,1,119.00,0.00,'[]',NULL,70,'Black Smart Watches','products/18.jpg',716.00,0,'2023-01-02 21:22:32','2023-01-02 21:22:32','physical',0),(27,9,2,119.00,0.00,'[]',NULL,73,'Black Smart Watches','products/18.jpg',1432.00,0,'2023-01-02 21:22:32','2023-01-02 21:22:32','physical',0),(28,9,1,116.00,0.00,'[]',NULL,74,'Leather Watch Band Serial 3','products/19.jpg',504.00,0,'2023-01-02 21:22:32','2023-01-02 21:22:32','physical',0),(29,10,1,116.00,0.00,'[]',NULL,74,'Leather Watch Band Serial 3','products/19.jpg',504.00,0,'2023-01-02 21:22:32','2023-01-02 21:22:32','physical',0),(30,10,3,124.00,0.00,'[]',NULL,92,'Gaming Keyboard','products/24-1.jpg',1614.00,0,'2023-01-02 21:22:32','2023-01-02 21:22:32','physical',0),(31,11,1,234.00,0.00,'[]',NULL,49,'Macbook Air 12 inch','products/10.jpg',814.00,0,'2023-01-02 21:22:32','2023-01-02 21:22:32','physical',0),(32,11,3,123.00,0.00,'[]',NULL,54,'Apple Keyboard (Digital)','products/13.jpg',2085.00,0,'2023-01-02 21:22:32','2023-01-02 21:22:32','physical',0),(33,11,2,130.00,0.00,'[]',NULL,62,'Hand playstation','products/15-1.jpg',1326.00,0,'2023-01-02 21:22:32','2023-01-02 21:22:32','physical',0),(34,11,3,116.00,0.00,'[]',NULL,76,'Leather Watch Band Serial 3','products/19.jpg',1512.00,0,'2023-01-02 21:22:32','2023-01-02 21:22:32','physical',0),(35,12,2,439.00,0.00,'[]',NULL,27,'Smart Home Speaker (Digital)','products/1-2.jpg',1770.00,0,'2023-01-02 21:22:32','2023-01-02 21:22:32','physical',0),(36,12,3,130.00,0.00,'[]',NULL,79,'Macbook Pro 2015 13 inch','products/20.jpg',1623.00,0,'2023-01-02 21:22:32','2023-01-02 21:22:32','physical',0),(37,13,1,439.00,0.00,'[]',NULL,26,'Smart Home Speaker (Digital)','products/1-1.jpg',885.00,0,'2023-01-02 21:22:32','2023-01-02 21:22:32','physical',0),(38,13,2,76.00,0.00,'[]',NULL,35,'Chikie - Bluetooth Speaker','products/4.jpg',1596.00,0,'2023-01-02 21:22:32','2023-01-02 21:22:32','physical',0),(39,13,3,234.00,0.00,'[]',NULL,50,'Macbook Air 12 inch','products/10.jpg',2442.00,0,'2023-01-02 21:22:32','2023-01-02 21:22:32','physical',0),(40,14,2,298.00,0.00,'[]',NULL,28,'Headphone Ultra Bass','products/2.jpg',1180.00,0,'2023-01-02 21:22:32','2023-01-02 21:22:32','physical',0),(41,14,3,116.00,0.00,'[]',NULL,53,'Macbook Pro 13 inch','products/12-1.jpg',2604.00,0,'2023-01-02 21:22:32','2023-01-02 21:22:32','physical',0),(42,14,1,112.00,0.00,'[]',NULL,83,'Historic Alarm Clock (Digital)','products/21-1.jpg',567.00,0,'2023-01-02 21:22:32','2023-01-02 21:22:32','physical',0),(43,15,3,358.00,0.00,'[]',NULL,31,'Boxed - Bluetooth Headphone','products/3.jpg',1887.00,0,'2023-01-02 21:22:32','2023-01-02 21:22:32','physical',0),(44,15,3,76.00,0.00,'[]',NULL,36,'Chikie - Bluetooth Speaker','products/4-1.jpg',2394.00,0,'2023-01-02 21:22:32','2023-01-02 21:22:32','physical',0),(45,15,1,116.00,0.00,'[]',NULL,53,'Macbook Pro 13 inch','products/12-1.jpg',868.00,0,'2023-01-02 21:22:32','2023-01-02 21:22:32','physical',0),(46,16,3,298.00,0.00,'[]',NULL,28,'Headphone Ultra Bass','products/2.jpg',1770.00,0,'2023-01-02 21:22:32','2023-01-02 21:22:32','physical',0),(47,16,3,358.00,0.00,'[]',NULL,32,'Boxed - Bluetooth Headphone','products/3-1.jpg',1887.00,0,'2023-01-02 21:22:32','2023-01-02 21:22:32','physical',0),(48,16,2,112.00,0.00,'[]',NULL,66,'Apple Airpods Serial 3','products/16.jpg',1746.00,0,'2023-01-02 21:22:32','2023-01-02 21:22:32','physical',0),(49,16,1,113.00,0.00,'[]',NULL,86,'Black Glasses','products/22-1.jpg',513.00,0,'2023-01-02 21:22:32','2023-01-02 21:22:32','physical',0),(50,17,3,123.00,0.00,'[]',NULL,54,'Apple Keyboard (Digital)','products/13.jpg',2085.00,0,'2023-01-02 21:22:32','2023-01-02 21:22:32','physical',0),(51,17,2,124.00,0.00,'[]',NULL,92,'Gaming Keyboard','products/24-1.jpg',1076.00,0,'2023-01-02 21:22:32','2023-01-02 21:22:32','physical',0),(52,18,1,115.00,0.00,'[]',NULL,60,'MacSafe 80W','products/14.jpg',714.00,0,'2023-01-02 21:22:33','2023-01-02 21:22:33','physical',0),(53,18,1,119.00,0.00,'[]',NULL,71,'Black Smart Watches','products/18-1.jpg',716.00,0,'2023-01-02 21:22:33','2023-01-02 21:22:33','physical',0),(54,19,2,115.00,0.00,'[]',NULL,57,'MacSafe 80W','products/14.jpg',1428.00,0,'2023-01-02 21:22:33','2023-01-02 21:22:33','physical',0),(55,19,2,116.00,0.00,'[]',NULL,76,'Leather Watch Band Serial 3','products/19.jpg',1008.00,0,'2023-01-02 21:22:33','2023-01-02 21:22:33','physical',0),(56,20,1,234.00,0.00,'[]',NULL,50,'Macbook Air 12 inch','products/10.jpg',814.00,0,'2023-01-02 21:22:33','2023-01-02 21:22:33','physical',0),(57,20,2,119.00,0.00,'[]',NULL,72,'Black Smart Watches','products/18-2.jpg',1432.00,0,'2023-01-02 21:22:33','2023-01-02 21:22:33','physical',0);
/*!40000 ALTER TABLE `ec_order_product` ENABLE KEYS */;
UNLOCK TABLES;

--
-- Table structure for table `ec_order_referrals`
--

DROP TABLE IF EXISTS `ec_order_referrals`;
/*!40101 SET @saved_cs_client     = @@character_set_client */;
/*!50503 SET character_set_client = utf8mb4 */;
CREATE TABLE `ec_order_referrals` (
  `id` bigint unsigned NOT NULL AUTO_INCREMENT,
  `ip` varchar(39) COLLATE utf8mb4_unicode_ci DEFAULT NULL,
  `landing_domain` varchar(255) COLLATE utf8mb4_unicode_ci DEFAULT NULL,
  `landing_page` varchar(255) COLLATE utf8mb4_unicode_ci DEFAULT NULL,
  `landing_params` varchar(255) COLLATE utf8mb4_unicode_ci DEFAULT NULL,
  `referral` varchar(255) COLLATE utf8mb4_unicode_ci DEFAULT NULL,
  `gclid` varchar(255) COLLATE utf8mb4_unicode_ci DEFAULT NULL,
  `fclid` varchar(255) COLLATE utf8mb4_unicode_ci DEFAULT NULL,
  `utm_source` varchar(255) COLLATE utf8mb4_unicode_ci DEFAULT NULL,
  `utm_campaign` varchar(255) COLLATE utf8mb4_unicode_ci DEFAULT NULL,
  `utm_medium` varchar(255) COLLATE utf8mb4_unicode_ci DEFAULT NULL,
  `utm_term` varchar(255) COLLATE utf8mb4_unicode_ci DEFAULT NULL,
  `utm_content` varchar(255) COLLATE utf8mb4_unicode_ci DEFAULT NULL,
  `referrer_url` text COLLATE utf8mb4_unicode_ci,
  `referrer_domain` varchar(255) COLLATE utf8mb4_unicode_ci DEFAULT NULL,
  `order_id` int DEFAULT NULL,
  `created_at` timestamp NULL DEFAULT NULL,
  `updated_at` timestamp NULL DEFAULT NULL,
  PRIMARY KEY (`id`),
  KEY `ec_order_referrals_order_id_index` (`order_id`)
) ENGINE=InnoDB DEFAULT CHARSET=utf8mb4 COLLATE=utf8mb4_unicode_ci;
/*!40101 SET character_set_client = @saved_cs_client */;

--
-- Dumping data for table `ec_order_referrals`
--

LOCK TABLES `ec_order_referrals` WRITE;
/*!40000 ALTER TABLE `ec_order_referrals` DISABLE KEYS */;
/*!40000 ALTER TABLE `ec_order_referrals` ENABLE KEYS */;
UNLOCK TABLES;

--
-- Table structure for table `ec_order_return_items`
--

DROP TABLE IF EXISTS `ec_order_return_items`;
/*!40101 SET @saved_cs_client     = @@character_set_client */;
/*!50503 SET character_set_client = utf8mb4 */;
CREATE TABLE `ec_order_return_items` (
  `id` bigint unsigned NOT NULL AUTO_INCREMENT,
  `order_return_id` int unsigned NOT NULL COMMENT 'Order return id',
  `order_product_id` int unsigned NOT NULL COMMENT 'Order product id',
  `product_id` int unsigned NOT NULL COMMENT 'Product id',
  `product_name` varchar(191) COLLATE utf8mb4_unicode_ci NOT NULL,
  `product_image` varchar(191) COLLATE utf8mb4_unicode_ci DEFAULT NULL,
  `qty` int NOT NULL COMMENT 'Quantity return',
  `price` decimal(15,2) NOT NULL COMMENT 'Price Product',
  `reason` text COLLATE utf8mb4_unicode_ci,
  `created_at` timestamp NULL DEFAULT NULL,
  `updated_at` timestamp NULL DEFAULT NULL,
  PRIMARY KEY (`id`)
) ENGINE=InnoDB DEFAULT CHARSET=utf8mb4 COLLATE=utf8mb4_unicode_ci;
/*!40101 SET character_set_client = @saved_cs_client */;

--
-- Dumping data for table `ec_order_return_items`
--

LOCK TABLES `ec_order_return_items` WRITE;
/*!40000 ALTER TABLE `ec_order_return_items` DISABLE KEYS */;
/*!40000 ALTER TABLE `ec_order_return_items` ENABLE KEYS */;
UNLOCK TABLES;

--
-- Table structure for table `ec_order_returns`
--

DROP TABLE IF EXISTS `ec_order_returns`;
/*!40101 SET @saved_cs_client     = @@character_set_client */;
/*!50503 SET character_set_client = utf8mb4 */;
CREATE TABLE `ec_order_returns` (
  `id` bigint unsigned NOT NULL AUTO_INCREMENT,
  `code` varchar(191) COLLATE utf8mb4_unicode_ci DEFAULT NULL,
  `order_id` int unsigned NOT NULL COMMENT 'Order ID',
  `store_id` int unsigned DEFAULT NULL COMMENT 'Store ID',
  `user_id` int unsigned NOT NULL COMMENT 'Customer ID',
  `reason` text COLLATE utf8mb4_unicode_ci COMMENT 'Reason return order',
  `order_status` varchar(191) COLLATE utf8mb4_unicode_ci DEFAULT NULL COMMENT 'Order current status',
  `return_status` varchar(191) COLLATE utf8mb4_unicode_ci NOT NULL COMMENT 'Return status',
  `created_at` timestamp NULL DEFAULT NULL,
  `updated_at` timestamp NULL DEFAULT NULL,
  PRIMARY KEY (`id`),
  UNIQUE KEY `ec_order_returns_code_unique` (`code`)
) ENGINE=InnoDB DEFAULT CHARSET=utf8mb4 COLLATE=utf8mb4_unicode_ci;
/*!40101 SET character_set_client = @saved_cs_client */;

--
-- Dumping data for table `ec_order_returns`
--

LOCK TABLES `ec_order_returns` WRITE;
/*!40000 ALTER TABLE `ec_order_returns` DISABLE KEYS */;
/*!40000 ALTER TABLE `ec_order_returns` ENABLE KEYS */;
UNLOCK TABLES;

--
-- Table structure for table `ec_orders`
--

DROP TABLE IF EXISTS `ec_orders`;
/*!40101 SET @saved_cs_client     = @@character_set_client */;
/*!50503 SET character_set_client = utf8mb4 */;
CREATE TABLE `ec_orders` (
  `id` bigint unsigned NOT NULL AUTO_INCREMENT,
  `code` varchar(191) COLLATE utf8mb4_unicode_ci DEFAULT NULL,
  `user_id` int unsigned NOT NULL,
  `shipping_option` varchar(60) COLLATE utf8mb4_unicode_ci DEFAULT NULL,
  `shipping_method` varchar(60) COLLATE utf8mb4_unicode_ci NOT NULL DEFAULT 'default',
  `status` varchar(120) COLLATE utf8mb4_unicode_ci NOT NULL DEFAULT 'pending',
  `amount` decimal(15,2) NOT NULL,
  `tax_amount` decimal(15,2) DEFAULT NULL,
  `shipping_amount` decimal(15,2) DEFAULT NULL,
  `description` text COLLATE utf8mb4_unicode_ci,
  `coupon_code` varchar(120) COLLATE utf8mb4_unicode_ci DEFAULT NULL,
  `discount_amount` decimal(15,2) DEFAULT NULL,
  `sub_total` decimal(15,2) NOT NULL,
  `is_confirmed` tinyint(1) NOT NULL DEFAULT '0',
  `discount_description` varchar(255) COLLATE utf8mb4_unicode_ci DEFAULT NULL,
  `is_finished` tinyint(1) DEFAULT '0',
  `completed_at` timestamp NULL DEFAULT NULL,
  `token` varchar(120) COLLATE utf8mb4_unicode_ci DEFAULT NULL,
  `payment_id` int unsigned DEFAULT NULL,
  `created_at` timestamp NULL DEFAULT NULL,
  `updated_at` timestamp NULL DEFAULT NULL,
  PRIMARY KEY (`id`),
  UNIQUE KEY `ec_orders_code_unique` (`code`),
  KEY `ec_orders_user_id_status_created_at_index` (`user_id`,`status`,`created_at`)
) ENGINE=InnoDB AUTO_INCREMENT=21 DEFAULT CHARSET=utf8mb4 COLLATE=utf8mb4_unicode_ci;
/*!40101 SET character_set_client = @saved_cs_client */;

--
-- Dumping data for table `ec_orders`
--

LOCK TABLES `ec_orders` WRITE;
/*!40000 ALTER TABLE `ec_orders` DISABLE KEYS */;
INSERT INTO `ec_orders` VALUES (1,'#10000001',7,'1','default','pending',578.00,0.00,0.00,NULL,NULL,0.00,578.00,1,NULL,1,NULL,'P0ceVbYjQtsZkThk9OSgbdPNZaHmI',1,'2022-12-27 05:22:32','2023-01-02 21:22:32'),(2,'#10000002',1,'1','default','completed',856.00,0.00,0.00,NULL,NULL,0.00,856.00,1,NULL,1,'2023-01-02 21:22:32','rps8ExziMrGSS6SwTiSXGv82O0CA3',2,'2022-12-21 05:22:32','2023-01-02 21:22:32'),(3,'#10000003',3,'1','default','completed',1679.00,0.00,0.00,NULL,NULL,0.00,1679.00,1,NULL,1,'2023-01-02 21:22:33','f7Zv0lNNGbNNSFIckMJ6kSH00FksU',3,'2022-12-18 21:22:32','2023-01-02 21:22:33'),(4,'#10000004',7,'1','default','pending',887.00,0.00,0.00,NULL,NULL,0.00,887.00,1,NULL,1,NULL,'h7FkRnHvQHgeJAQb1imQj4FCv7UBP',4,'2022-12-28 05:22:32','2023-01-02 21:22:32'),(5,'#10000005',10,'1','default','pending',1526.00,0.00,0.00,NULL,NULL,0.00,1526.00,1,NULL,1,NULL,'ZrBt9fXIVgXKVVKYBJkvpohg8DAmI',5,'2022-12-28 13:22:32','2023-01-02 21:22:32'),(6,'#10000006',3,'1','default','completed',859.00,0.00,0.00,NULL,NULL,0.00,859.00,1,NULL,1,'2023-01-02 21:22:32','fxiYLXPCXPWKVfjL4aMPT9G5Vd6t2',6,'2022-12-22 15:22:32','2023-01-02 21:22:32'),(7,'#10000007',5,'1','default','completed',568.00,0.00,0.00,NULL,NULL,0.00,568.00,1,NULL,1,'2023-01-02 21:22:33','t6acoA05BttlkR2aei3KjOHpMQNX3',7,'2022-12-23 09:22:32','2023-01-02 21:22:33'),(8,'#10000008',4,'1','default','pending',747.00,0.00,0.00,NULL,NULL,0.00,747.00,1,NULL,1,NULL,'FRQgUoCOIWA2foYdsOSGy5vw9hxBu',8,'2022-12-30 15:22:32','2023-01-02 21:22:32'),(9,'#10000009',4,'1','default','completed',473.00,0.00,0.00,NULL,NULL,0.00,473.00,1,NULL,1,'2023-01-02 21:22:33','pq6bKujS9XYsVzsRYMzJTTHDPSgmG',9,'2022-12-30 21:22:32','2023-01-02 21:22:33'),(10,'#10000010',4,'1','default','pending',488.00,0.00,0.00,NULL,NULL,0.00,488.00,1,NULL,1,NULL,'AtPPk3xtSFtbiiKk7LiM86aDQVbPx',10,'2022-12-26 13:22:32','2023-01-02 21:22:32'),(11,'#10000011',9,'1','default','pending',1211.00,0.00,0.00,NULL,NULL,0.00,1211.00,1,NULL,1,NULL,'BC3btdcegCc2RPY25hWHUfMXY4UQO',11,'2022-12-28 01:22:32','2023-01-02 21:22:32'),(12,'#10000012',4,'1','default','completed',1268.00,0.00,0.00,NULL,NULL,0.00,1268.00,1,NULL,1,'2023-01-02 21:22:33','hZYd3sgK94j0QSn3NdgAzd9Dy65bP',12,'2022-12-30 21:22:32','2023-01-02 21:22:33'),(13,'#10000013',5,'1','default','pending',1293.00,0.00,0.00,NULL,NULL,0.00,1293.00,1,NULL,1,NULL,'dt4c6fPk0jCSs4Chkq9mB7fzXaBA5',13,'2022-12-27 21:22:32','2023-01-02 21:22:32'),(14,'#10000014',9,'1','default','completed',1056.00,0.00,0.00,NULL,NULL,0.00,1056.00,1,NULL,1,'2023-01-02 21:22:33','Jm5OyehRoUraM5EFaPLywZSb3N4hX',14,'2022-12-29 05:22:32','2023-01-02 21:22:33'),(15,'#10000015',1,'1','default','pending',1418.00,0.00,0.00,NULL,NULL,0.00,1418.00,1,NULL,1,NULL,'t2VeTr5hWFxzXKizyXHDMo1IqpXuS',15,'2022-12-31 09:22:32','2023-01-02 21:22:32'),(16,'#10000016',6,'1','default','pending',2305.00,0.00,0.00,NULL,NULL,0.00,2305.00,1,NULL,1,NULL,'OemOi9SQL7HW9YovKMDpCpf5Jz3Ix',16,'2022-12-31 09:22:32','2023-01-02 21:22:32'),(17,'#10000017',1,'1','default','completed',617.00,0.00,0.00,NULL,NULL,0.00,617.00,1,NULL,1,'2023-01-02 21:22:33','FqoySJWG3M9NNqB19EzKCchlavp8d',17,'2023-01-02 05:22:32','2023-01-02 21:22:33'),(18,'#10000018',6,'1','default','pending',234.00,0.00,0.00,NULL,NULL,0.00,234.00,1,NULL,1,NULL,'A4pZVnzpqhNOAXw1OVMVgN4EV96b6',18,'2023-01-01 09:22:33','2023-01-02 21:22:33'),(19,'#10000019',9,'1','default','pending',462.00,0.00,0.00,NULL,NULL,0.00,462.00,1,NULL,1,NULL,'jhMaUQ0RBeLpQNWoe02paidW0T693',19,'2023-01-01 21:22:33','2023-01-02 21:22:33'),(20,'#10000020',8,'1','default','completed',472.00,0.00,0.00,NULL,NULL,0.00,472.00,1,NULL,1,'2023-01-02 21:22:33','DuMI35odOZlpU7rWNaSqLc5OBvMJL',20,'2023-01-02 15:22:33','2023-01-02 21:22:33');
/*!40000 ALTER TABLE `ec_orders` ENABLE KEYS */;
UNLOCK TABLES;

--
-- Table structure for table `ec_product_attribute_sets`
--

DROP TABLE IF EXISTS `ec_product_attribute_sets`;
/*!40101 SET @saved_cs_client     = @@character_set_client */;
/*!50503 SET character_set_client = utf8mb4 */;
CREATE TABLE `ec_product_attribute_sets` (
  `id` bigint unsigned NOT NULL AUTO_INCREMENT,
  `title` varchar(120) COLLATE utf8mb4_unicode_ci NOT NULL,
  `slug` varchar(120) COLLATE utf8mb4_unicode_ci DEFAULT NULL,
  `display_layout` varchar(191) COLLATE utf8mb4_unicode_ci NOT NULL DEFAULT 'swatch_dropdown',
  `is_searchable` tinyint unsigned NOT NULL DEFAULT '1',
  `is_comparable` tinyint unsigned NOT NULL DEFAULT '1',
  `is_use_in_product_listing` tinyint unsigned NOT NULL DEFAULT '0',
  `status` varchar(60) COLLATE utf8mb4_unicode_ci NOT NULL DEFAULT 'published',
  `order` tinyint unsigned NOT NULL DEFAULT '0',
  `created_at` timestamp NULL DEFAULT NULL,
  `updated_at` timestamp NULL DEFAULT NULL,
  `use_image_from_product_variation` tinyint unsigned NOT NULL DEFAULT '0',
  PRIMARY KEY (`id`)
) ENGINE=InnoDB AUTO_INCREMENT=3 DEFAULT CHARSET=utf8mb4 COLLATE=utf8mb4_unicode_ci;
/*!40101 SET character_set_client = @saved_cs_client */;

--
-- Dumping data for table `ec_product_attribute_sets`
--

LOCK TABLES `ec_product_attribute_sets` WRITE;
/*!40000 ALTER TABLE `ec_product_attribute_sets` DISABLE KEYS */;
INSERT INTO `ec_product_attribute_sets` VALUES (1,'Color','color','visual',1,1,1,'published',0,'2023-01-02 21:22:23','2023-01-02 21:22:23',0),(2,'Size','size','text',1,1,1,'published',1,'2023-01-02 21:22:23','2023-01-02 21:22:23',0);
/*!40000 ALTER TABLE `ec_product_attribute_sets` ENABLE KEYS */;
UNLOCK TABLES;

--
-- Table structure for table `ec_product_attribute_sets_translations`
--

DROP TABLE IF EXISTS `ec_product_attribute_sets_translations`;
/*!40101 SET @saved_cs_client     = @@character_set_client */;
/*!50503 SET character_set_client = utf8mb4 */;
CREATE TABLE `ec_product_attribute_sets_translations` (
  `lang_code` varchar(191) COLLATE utf8mb4_unicode_ci NOT NULL,
  `ec_product_attribute_sets_id` int NOT NULL,
  `title` varchar(191) COLLATE utf8mb4_unicode_ci DEFAULT NULL,
  PRIMARY KEY (`lang_code`,`ec_product_attribute_sets_id`)
) ENGINE=InnoDB DEFAULT CHARSET=utf8mb4 COLLATE=utf8mb4_unicode_ci;
/*!40101 SET character_set_client = @saved_cs_client */;

--
-- Dumping data for table `ec_product_attribute_sets_translations`
--

LOCK TABLES `ec_product_attribute_sets_translations` WRITE;
/*!40000 ALTER TABLE `ec_product_attribute_sets_translations` DISABLE KEYS */;
INSERT INTO `ec_product_attribute_sets_translations` VALUES ('vi',1,'Màu sắc'),('vi',2,'Kích thước');
/*!40000 ALTER TABLE `ec_product_attribute_sets_translations` ENABLE KEYS */;
UNLOCK TABLES;

--
-- Table structure for table `ec_product_attributes`
--

DROP TABLE IF EXISTS `ec_product_attributes`;
/*!40101 SET @saved_cs_client     = @@character_set_client */;
/*!50503 SET character_set_client = utf8mb4 */;
CREATE TABLE `ec_product_attributes` (
  `id` bigint unsigned NOT NULL AUTO_INCREMENT,
  `attribute_set_id` int unsigned NOT NULL,
  `title` varchar(120) COLLATE utf8mb4_unicode_ci NOT NULL,
  `slug` varchar(120) COLLATE utf8mb4_unicode_ci DEFAULT NULL,
  `color` varchar(50) COLLATE utf8mb4_unicode_ci DEFAULT NULL,
  `image` varchar(191) COLLATE utf8mb4_unicode_ci DEFAULT NULL,
  `is_default` tinyint unsigned NOT NULL DEFAULT '0',
  `order` tinyint unsigned NOT NULL DEFAULT '0',
  `status` varchar(60) COLLATE utf8mb4_unicode_ci NOT NULL DEFAULT 'published',
  `created_at` timestamp NULL DEFAULT NULL,
  `updated_at` timestamp NULL DEFAULT NULL,
  PRIMARY KEY (`id`),
  KEY `ec_product_attributes_attribute_set_id_status_index` (`attribute_set_id`,`status`)
) ENGINE=InnoDB AUTO_INCREMENT=11 DEFAULT CHARSET=utf8mb4 COLLATE=utf8mb4_unicode_ci;
/*!40101 SET character_set_client = @saved_cs_client */;

--
-- Dumping data for table `ec_product_attributes`
--

LOCK TABLES `ec_product_attributes` WRITE;
/*!40000 ALTER TABLE `ec_product_attributes` DISABLE KEYS */;
INSERT INTO `ec_product_attributes` VALUES (1,1,'Green','green','#5FB7D4',NULL,1,1,'published','2023-01-02 21:22:23','2023-01-02 21:22:23'),(2,1,'Blue','blue','#333333',NULL,0,2,'published','2023-01-02 21:22:23','2023-01-02 21:22:23'),(3,1,'Red','red','#DA323F',NULL,0,3,'published','2023-01-02 21:22:23','2023-01-02 21:22:23'),(4,1,'Black','back','#2F366C',NULL,0,4,'published','2023-01-02 21:22:23','2023-01-02 21:22:23'),(5,1,'Brown','brown','#87554B',NULL,0,5,'published','2023-01-02 21:22:23','2023-01-02 21:22:23'),(6,2,'S','s',NULL,NULL,1,1,'published','2023-01-02 21:22:23','2023-01-02 21:22:23'),(7,2,'M','m',NULL,NULL,0,2,'published','2023-01-02 21:22:23','2023-01-02 21:22:23'),(8,2,'L','l',NULL,NULL,0,3,'published','2023-01-02 21:22:23','2023-01-02 21:22:23'),(9,2,'XL','xl',NULL,NULL,0,4,'published','2023-01-02 21:22:23','2023-01-02 21:22:23'),(10,2,'XXL','xxl',NULL,NULL,0,5,'published','2023-01-02 21:22:23','2023-01-02 21:22:23');
/*!40000 ALTER TABLE `ec_product_attributes` ENABLE KEYS */;
UNLOCK TABLES;

--
-- Table structure for table `ec_product_attributes_translations`
--

DROP TABLE IF EXISTS `ec_product_attributes_translations`;
/*!40101 SET @saved_cs_client     = @@character_set_client */;
/*!50503 SET character_set_client = utf8mb4 */;
CREATE TABLE `ec_product_attributes_translations` (
  `lang_code` varchar(191) COLLATE utf8mb4_unicode_ci NOT NULL,
  `ec_product_attributes_id` int NOT NULL,
  `title` varchar(191) COLLATE utf8mb4_unicode_ci DEFAULT NULL,
  PRIMARY KEY (`lang_code`,`ec_product_attributes_id`)
) ENGINE=InnoDB DEFAULT CHARSET=utf8mb4 COLLATE=utf8mb4_unicode_ci;
/*!40101 SET character_set_client = @saved_cs_client */;

--
-- Dumping data for table `ec_product_attributes_translations`
--

LOCK TABLES `ec_product_attributes_translations` WRITE;
/*!40000 ALTER TABLE `ec_product_attributes_translations` DISABLE KEYS */;
INSERT INTO `ec_product_attributes_translations` VALUES ('vi',1,'Xanh lá cây'),('vi',2,'Xanh da trời'),('vi',3,'Đỏ'),('vi',4,'Đen'),('vi',5,'Nâu'),('vi',6,'S'),('vi',7,'M'),('vi',8,'L'),('vi',9,'XL'),('vi',10,'XXL');
/*!40000 ALTER TABLE `ec_product_attributes_translations` ENABLE KEYS */;
UNLOCK TABLES;

--
-- Table structure for table `ec_product_categories`
--

DROP TABLE IF EXISTS `ec_product_categories`;
/*!40101 SET @saved_cs_client     = @@character_set_client */;
/*!50503 SET character_set_client = utf8mb4 */;
CREATE TABLE `ec_product_categories` (
  `id` bigint unsigned NOT NULL AUTO_INCREMENT,
  `name` varchar(191) COLLATE utf8mb4_unicode_ci NOT NULL,
  `parent_id` int unsigned NOT NULL DEFAULT '0',
  `description` mediumtext COLLATE utf8mb4_unicode_ci,
  `status` varchar(60) COLLATE utf8mb4_unicode_ci NOT NULL DEFAULT 'published',
  `order` int unsigned NOT NULL DEFAULT '0',
  `image` varchar(255) COLLATE utf8mb4_unicode_ci DEFAULT NULL,
  `is_featured` tinyint unsigned NOT NULL DEFAULT '0',
  `created_at` timestamp NULL DEFAULT NULL,
  `updated_at` timestamp NULL DEFAULT NULL,
  PRIMARY KEY (`id`),
  KEY `ec_product_categories_parent_id_status_created_at_index` (`parent_id`,`status`,`created_at`),
  KEY `ec_product_categories_parent_id_status_index` (`parent_id`,`status`)
) ENGINE=InnoDB AUTO_INCREMENT=31 DEFAULT CHARSET=utf8mb4 COLLATE=utf8mb4_unicode_ci;
/*!40101 SET character_set_client = @saved_cs_client */;

--
-- Dumping data for table `ec_product_categories`
--

LOCK TABLES `ec_product_categories` WRITE;
/*!40000 ALTER TABLE `ec_product_categories` DISABLE KEYS */;
INSERT INTO `ec_product_categories` VALUES (1,'Hot Promotions',0,NULL,'published',0,NULL,0,'2023-01-02 21:22:23','2023-01-02 21:22:23'),(2,'Electronics',0,NULL,'published',1,'product-categories/1.jpg',1,'2023-01-02 21:22:23','2023-01-02 21:22:23'),(3,'Home Audio & Theaters',2,NULL,'published',0,NULL,0,'2023-01-02 21:22:23','2023-01-02 21:22:23'),(4,'TV & Videos',2,NULL,'published',1,NULL,0,'2023-01-02 21:22:23','2023-01-02 21:22:23'),(5,'Camera, Photos & Videos',2,NULL,'published',2,NULL,0,'2023-01-02 21:22:23','2023-01-02 21:22:23'),(6,'Cellphones & Accessories',2,NULL,'published',3,NULL,0,'2023-01-02 21:22:23','2023-01-02 21:22:23'),(7,'Headphones',2,NULL,'published',4,NULL,0,'2023-01-02 21:22:23','2023-01-02 21:22:23'),(8,'Videos games',2,NULL,'published',5,NULL,0,'2023-01-02 21:22:23','2023-01-02 21:22:23'),(9,'Wireless Speakers',2,NULL,'published',6,NULL,0,'2023-01-02 21:22:23','2023-01-02 21:22:23'),(10,'Office Electronic',2,NULL,'published',7,NULL,0,'2023-01-02 21:22:23','2023-01-02 21:22:23'),(11,'Clothing',0,NULL,'published',2,'product-categories/2.jpg',1,'2023-01-02 21:22:23','2023-01-02 21:22:23'),(12,'Computers',0,NULL,'published',3,'product-categories/3.jpg',1,'2023-01-02 21:22:23','2023-01-02 21:22:23'),(13,'Computer & Tablets',12,NULL,'published',0,NULL,0,'2023-01-02 21:22:23','2023-01-02 21:22:23'),(14,'Laptop',12,NULL,'published',1,NULL,0,'2023-01-02 21:22:23','2023-01-02 21:22:23'),(15,'Monitors',12,NULL,'published',2,NULL,0,'2023-01-02 21:22:23','2023-01-02 21:22:23'),(16,'Computer Components',12,NULL,'published',3,NULL,0,'2023-01-02 21:22:23','2023-01-02 21:22:23'),(17,'Home & Kitchen',0,NULL,'published',4,'product-categories/4.jpg',1,'2023-01-02 21:22:23','2023-01-02 21:22:23'),(18,'Health & Beauty',0,NULL,'published',5,'product-categories/5.jpg',1,'2023-01-02 21:22:23','2023-01-02 21:22:23'),(19,'Jewelry & Watch',0,NULL,'published',6,'product-categories/6.jpg',1,'2023-01-02 21:22:23','2023-01-02 21:22:23'),(20,'Technology Toys',0,NULL,'published',7,'product-categories/7.jpg',1,'2023-01-02 21:22:23','2023-01-02 21:22:23'),(21,'Drive & Storages',20,NULL,'published',0,NULL,0,'2023-01-02 21:22:23','2023-01-02 21:22:23'),(22,'Gaming Laptop',20,NULL,'published',1,NULL,0,'2023-01-02 21:22:23','2023-01-02 21:22:23'),(23,'Security & Protection',20,NULL,'published',2,NULL,0,'2023-01-02 21:22:23','2023-01-02 21:22:23'),(24,'Accessories',20,NULL,'published',3,NULL,0,'2023-01-02 21:22:23','2023-01-02 21:22:23'),(25,'Phones',0,NULL,'published',8,'product-categories/8.jpg',1,'2023-01-02 21:22:23','2023-01-02 21:22:23'),(26,'Babies & Moms',0,NULL,'published',9,NULL,0,'2023-01-02 21:22:23','2023-01-02 21:22:23'),(27,'Sport & Outdoor',0,NULL,'published',10,NULL,0,'2023-01-02 21:22:23','2023-01-02 21:22:23'),(28,'Books & Office',0,NULL,'published',11,NULL,0,'2023-01-02 21:22:23','2023-01-02 21:22:23'),(29,'Cars & Motorcycles',0,NULL,'published',12,NULL,0,'2023-01-02 21:22:23','2023-01-02 21:22:23'),(30,'Home Improvements',0,NULL,'published',13,NULL,0,'2023-01-02 21:22:23','2023-01-02 21:22:23');
/*!40000 ALTER TABLE `ec_product_categories` ENABLE KEYS */;
UNLOCK TABLES;

--
-- Table structure for table `ec_product_categories_translations`
--

DROP TABLE IF EXISTS `ec_product_categories_translations`;
/*!40101 SET @saved_cs_client     = @@character_set_client */;
/*!50503 SET character_set_client = utf8mb4 */;
CREATE TABLE `ec_product_categories_translations` (
  `lang_code` varchar(191) COLLATE utf8mb4_unicode_ci NOT NULL,
  `ec_product_categories_id` int NOT NULL,
  `name` varchar(191) COLLATE utf8mb4_unicode_ci DEFAULT NULL,
  `description` text COLLATE utf8mb4_unicode_ci,
  PRIMARY KEY (`lang_code`,`ec_product_categories_id`)
) ENGINE=InnoDB DEFAULT CHARSET=utf8mb4 COLLATE=utf8mb4_unicode_ci;
/*!40101 SET character_set_client = @saved_cs_client */;

--
-- Dumping data for table `ec_product_categories_translations`
--

LOCK TABLES `ec_product_categories_translations` WRITE;
/*!40000 ALTER TABLE `ec_product_categories_translations` DISABLE KEYS */;
INSERT INTO `ec_product_categories_translations` VALUES ('vi',1,'Khuyến mãi nổi bật',NULL),('vi',2,'Điện tử',NULL),('vi',3,'Âm thanh và hình ảnh',NULL),('vi',4,'TV & Videos',NULL),('vi',5,'Máy ảnh, Ảnh & Videos',NULL),('vi',6,'Điện thoại & Phụ kiện',NULL),('vi',7,'Tai nghe',NULL),('vi',8,'Trò chơi',NULL),('vi',9,'Tai nghe không dây',NULL),('vi',10,'Điện tử văn phòng',NULL),('vi',11,'Quần áo',NULL),('vi',12,'Máy tính',NULL),('vi',13,'Máy tính và máy tính bảng',NULL),('vi',14,'Máy vi tính',NULL),('vi',15,'Màn hình',NULL),('vi',16,'Thiết bị máy tính',NULL),('vi',17,'Đồ dùng nhà bếp',NULL),('vi',18,'Sức khỏe & làm đẹp',NULL),('vi',19,'Đồng hồ & trang sức',NULL),('vi',20,'Đồ chơi công nghệ',NULL),('vi',21,'Thiết bị lưu trữ',NULL),('vi',22,'Máy tính chơi game',NULL),('vi',23,'Bảo mật',NULL),('vi',24,'Phụ kiện',NULL),('vi',25,'Điện thoại',NULL),('vi',26,'Mẹ và bé',NULL),('vi',27,'Thể thao & ngoài trời',NULL),('vi',28,'Sách & Văn phòng',NULL),('vi',29,'Ôto & Xe máy',NULL),('vi',30,'Thiết bị gia đình',NULL);
/*!40000 ALTER TABLE `ec_product_categories_translations` ENABLE KEYS */;
UNLOCK TABLES;

--
-- Table structure for table `ec_product_category_product`
--

DROP TABLE IF EXISTS `ec_product_category_product`;
/*!40101 SET @saved_cs_client     = @@character_set_client */;
/*!50503 SET character_set_client = utf8mb4 */;
CREATE TABLE `ec_product_category_product` (
  `id` bigint unsigned NOT NULL AUTO_INCREMENT,
  `category_id` int unsigned NOT NULL,
  `product_id` int unsigned NOT NULL,
  PRIMARY KEY (`id`),
  KEY `ec_product_category_product_category_id_index` (`category_id`),
  KEY `ec_product_category_product_product_id_index` (`product_id`)
) ENGINE=InnoDB AUTO_INCREMENT=25 DEFAULT CHARSET=utf8mb4 COLLATE=utf8mb4_unicode_ci;
/*!40101 SET character_set_client = @saved_cs_client */;

--
-- Dumping data for table `ec_product_category_product`
--

LOCK TABLES `ec_product_category_product` WRITE;
/*!40000 ALTER TABLE `ec_product_category_product` DISABLE KEYS */;
INSERT INTO `ec_product_category_product` VALUES (1,28,1),(2,28,2),(3,32,3),(4,28,4),(5,21,5),(6,35,6),(7,27,7),(8,25,8),(9,2,9),(10,18,10),(11,22,11),(12,32,12),(13,4,13),(14,28,14),(15,9,15),(16,27,16),(17,2,17),(18,21,18),(19,33,19),(20,17,20),(21,16,21),(22,1,22),(23,3,23),(24,7,24);
/*!40000 ALTER TABLE `ec_product_category_product` ENABLE KEYS */;
UNLOCK TABLES;

--
-- Table structure for table `ec_product_collection_products`
--

DROP TABLE IF EXISTS `ec_product_collection_products`;
/*!40101 SET @saved_cs_client     = @@character_set_client */;
/*!50503 SET character_set_client = utf8mb4 */;
CREATE TABLE `ec_product_collection_products` (
  `id` bigint unsigned NOT NULL AUTO_INCREMENT,
  `product_collection_id` int unsigned NOT NULL,
  `product_id` int unsigned NOT NULL,
  PRIMARY KEY (`id`),
  KEY `ec_product_collection_products_product_collection_id_index` (`product_collection_id`),
  KEY `ec_product_collection_products_product_id_index` (`product_id`)
) ENGINE=InnoDB AUTO_INCREMENT=25 DEFAULT CHARSET=utf8mb4 COLLATE=utf8mb4_unicode_ci;
/*!40101 SET character_set_client = @saved_cs_client */;

--
-- Dumping data for table `ec_product_collection_products`
--

LOCK TABLES `ec_product_collection_products` WRITE;
/*!40000 ALTER TABLE `ec_product_collection_products` DISABLE KEYS */;
INSERT INTO `ec_product_collection_products` VALUES (1,2,1),(2,3,2),(3,2,3),(4,2,4),(5,1,5),(6,3,6),(7,3,7),(8,2,8),(9,1,9),(10,1,10),(11,3,11),(12,3,12),(13,3,13),(14,3,14),(15,1,15),(16,1,16),(17,2,17),(18,3,18),(19,3,19),(20,1,20),(21,1,21),(22,1,22),(23,3,23),(24,1,24);
/*!40000 ALTER TABLE `ec_product_collection_products` ENABLE KEYS */;
UNLOCK TABLES;

--
-- Table structure for table `ec_product_collections`
--

DROP TABLE IF EXISTS `ec_product_collections`;
/*!40101 SET @saved_cs_client     = @@character_set_client */;
/*!50503 SET character_set_client = utf8mb4 */;
CREATE TABLE `ec_product_collections` (
  `id` bigint unsigned NOT NULL AUTO_INCREMENT,
  `name` varchar(191) COLLATE utf8mb4_unicode_ci NOT NULL,
  `slug` varchar(191) COLLATE utf8mb4_unicode_ci NOT NULL,
  `description` varchar(400) COLLATE utf8mb4_unicode_ci DEFAULT NULL,
  `image` varchar(255) COLLATE utf8mb4_unicode_ci DEFAULT NULL,
  `status` varchar(60) COLLATE utf8mb4_unicode_ci NOT NULL DEFAULT 'published',
  `created_at` timestamp NULL DEFAULT NULL,
  `updated_at` timestamp NULL DEFAULT NULL,
  `is_featured` tinyint unsigned NOT NULL DEFAULT '0',
  PRIMARY KEY (`id`)
) ENGINE=InnoDB AUTO_INCREMENT=4 DEFAULT CHARSET=utf8mb4 COLLATE=utf8mb4_unicode_ci;
/*!40101 SET character_set_client = @saved_cs_client */;

--
-- Dumping data for table `ec_product_collections`
--

LOCK TABLES `ec_product_collections` WRITE;
/*!40000 ALTER TABLE `ec_product_collections` DISABLE KEYS */;
INSERT INTO `ec_product_collections` VALUES (1,'New Arrival','new-arrival',NULL,NULL,'published','2023-01-02 21:22:23','2023-01-02 21:22:23',0),(2,'Best Sellers','best-sellers',NULL,NULL,'published','2023-01-02 21:22:23','2023-01-02 21:22:23',0),(3,'Special Offer','special-offer',NULL,NULL,'published','2023-01-02 21:22:23','2023-01-02 21:22:23',0);
/*!40000 ALTER TABLE `ec_product_collections` ENABLE KEYS */;
UNLOCK TABLES;

--
-- Table structure for table `ec_product_collections_translations`
--

DROP TABLE IF EXISTS `ec_product_collections_translations`;
/*!40101 SET @saved_cs_client     = @@character_set_client */;
/*!50503 SET character_set_client = utf8mb4 */;
CREATE TABLE `ec_product_collections_translations` (
  `lang_code` varchar(191) COLLATE utf8mb4_unicode_ci NOT NULL,
  `ec_product_collections_id` int NOT NULL,
  `name` varchar(191) COLLATE utf8mb4_unicode_ci DEFAULT NULL,
  `description` varchar(191) COLLATE utf8mb4_unicode_ci DEFAULT NULL,
  PRIMARY KEY (`lang_code`,`ec_product_collections_id`)
) ENGINE=InnoDB DEFAULT CHARSET=utf8mb4 COLLATE=utf8mb4_unicode_ci;
/*!40101 SET character_set_client = @saved_cs_client */;

--
-- Dumping data for table `ec_product_collections_translations`
--

LOCK TABLES `ec_product_collections_translations` WRITE;
/*!40000 ALTER TABLE `ec_product_collections_translations` DISABLE KEYS */;
INSERT INTO `ec_product_collections_translations` VALUES ('vi',1,'Hàng mới về',NULL),('vi',2,'Bán chạy nhất',NULL),('vi',3,'Khuyến mãi đặc biệt',NULL);
/*!40000 ALTER TABLE `ec_product_collections_translations` ENABLE KEYS */;
UNLOCK TABLES;

--
-- Table structure for table `ec_product_cross_sale_relations`
--

DROP TABLE IF EXISTS `ec_product_cross_sale_relations`;
/*!40101 SET @saved_cs_client     = @@character_set_client */;
/*!50503 SET character_set_client = utf8mb4 */;
CREATE TABLE `ec_product_cross_sale_relations` (
  `id` bigint unsigned NOT NULL AUTO_INCREMENT,
  `from_product_id` int unsigned NOT NULL,
  `to_product_id` int unsigned NOT NULL,
  PRIMARY KEY (`id`),
  KEY `ec_product_cross_sale_relations_from_product_id_index` (`from_product_id`),
  KEY `ec_product_cross_sale_relations_to_product_id_index` (`to_product_id`)
) ENGINE=InnoDB AUTO_INCREMENT=95 DEFAULT CHARSET=utf8mb4 COLLATE=utf8mb4_unicode_ci;
/*!40101 SET character_set_client = @saved_cs_client */;

--
-- Dumping data for table `ec_product_cross_sale_relations`
--

LOCK TABLES `ec_product_cross_sale_relations` WRITE;
/*!40000 ALTER TABLE `ec_product_cross_sale_relations` DISABLE KEYS */;
INSERT INTO `ec_product_cross_sale_relations` VALUES (1,1,24),(2,1,3),(3,1,23),(4,1,18),(5,2,18),(6,2,22),(7,2,21),(8,2,7),(9,3,6),(10,3,5),(11,3,12),(12,3,22),(13,4,16),(14,4,15),(15,4,5),(16,4,6),(17,5,16),(18,5,10),(19,5,17),(20,5,20),(21,6,11),(22,6,21),(23,6,19),(24,6,5),(25,7,18),(26,7,12),(27,7,1),(28,8,17),(29,8,14),(30,8,7),(31,8,4),(32,9,24),(33,9,10),(34,9,23),(35,9,2),(36,10,1),(37,10,18),(38,10,11),(39,11,10),(40,11,4),(41,11,13),(42,11,2),(43,12,8),(44,12,23),(45,12,16),(46,12,7),(47,13,2),(48,13,21),(49,13,3),(50,13,4),(51,14,16),(52,14,19),(53,14,18),(54,14,21),(55,15,2),(56,15,4),(57,15,18),(58,15,7),(59,16,20),(60,16,19),(61,16,21),(62,16,10),(63,17,10),(64,17,5),(65,17,9),(66,17,14),(67,18,20),(68,18,5),(69,18,4),(70,18,14),(71,19,5),(72,19,7),(73,19,21),(74,19,11),(75,20,23),(76,20,18),(77,20,1),(78,20,13),(79,21,23),(80,21,16),(81,21,20),(82,21,15),(83,22,3),(84,22,16),(85,22,17),(86,22,5),(87,23,3),(88,23,10),(89,23,20),(90,23,12),(91,24,14),(92,24,12),(93,24,7),(94,24,16);
/*!40000 ALTER TABLE `ec_product_cross_sale_relations` ENABLE KEYS */;
UNLOCK TABLES;

--
-- Table structure for table `ec_product_files`
--

DROP TABLE IF EXISTS `ec_product_files`;
/*!40101 SET @saved_cs_client     = @@character_set_client */;
/*!50503 SET character_set_client = utf8mb4 */;
CREATE TABLE `ec_product_files` (
  `id` bigint unsigned NOT NULL AUTO_INCREMENT,
  `product_id` int DEFAULT NULL,
  `url` varchar(400) COLLATE utf8mb4_unicode_ci DEFAULT NULL,
  `extras` mediumtext COLLATE utf8mb4_unicode_ci,
  `created_at` timestamp NULL DEFAULT NULL,
  `updated_at` timestamp NULL DEFAULT NULL,
  PRIMARY KEY (`id`),
  KEY `ec_product_files_product_id_index` (`product_id`)
) ENGINE=InnoDB AUTO_INCREMENT=44 DEFAULT CHARSET=utf8mb4 COLLATE=utf8mb4_unicode_ci;
/*!40101 SET character_set_client = @saved_cs_client */;

--
-- Dumping data for table `ec_product_files`
--

LOCK TABLES `ec_product_files` WRITE;
/*!40000 ALTER TABLE `ec_product_files` DISABLE KEYS */;
INSERT INTO `ec_product_files` VALUES (1,25,'product-files/1.jpg','{\"filename\":\"1.jpg\",\"url\":\"product-files\\/1.jpg\",\"mime_type\":\"image\\/jpeg\",\"size\":2165,\"modified\":\"2023-01-03 04:22:29\",\"name\":\"1\",\"extension\":\"jpg\"}','2023-01-02 21:22:29','2023-01-02 21:22:29'),(2,25,'product-files/1-1.jpg','{\"filename\":\"1-1.jpg\",\"url\":\"product-files\\/1-1.jpg\",\"mime_type\":\"image\\/jpeg\",\"size\":2165,\"modified\":\"2023-01-03 04:22:29\",\"name\":\"1-1\",\"extension\":\"jpg\"}','2023-01-02 21:22:29','2023-01-02 21:22:29'),(3,25,'product-files/1-2.jpg','{\"filename\":\"1-2.jpg\",\"url\":\"product-files\\/1-2.jpg\",\"mime_type\":\"image\\/jpeg\",\"size\":2165,\"modified\":\"2023-01-03 04:22:29\",\"name\":\"1-2\",\"extension\":\"jpg\"}','2023-01-02 21:22:29','2023-01-02 21:22:29'),(4,25,'product-files/1-3.jpg','{\"filename\":\"1-3.jpg\",\"url\":\"product-files\\/1-3.jpg\",\"mime_type\":\"image\\/jpeg\",\"size\":2165,\"modified\":\"2023-01-03 04:22:29\",\"name\":\"1-3\",\"extension\":\"jpg\"}','2023-01-02 21:22:29','2023-01-02 21:22:29'),(5,26,'product-files/1.jpg','{\"filename\":\"1.jpg\",\"url\":\"product-files\\/1.jpg\",\"mime_type\":\"image\\/jpeg\",\"size\":2165,\"modified\":\"2023-01-03 04:22:29\",\"name\":\"1\",\"extension\":\"jpg\"}','2023-01-02 21:22:29','2023-01-02 21:22:29'),(6,26,'product-files/1-1.jpg','{\"filename\":\"1-1.jpg\",\"url\":\"product-files\\/1-1.jpg\",\"mime_type\":\"image\\/jpeg\",\"size\":2165,\"modified\":\"2023-01-03 04:22:29\",\"name\":\"1-1\",\"extension\":\"jpg\"}','2023-01-02 21:22:29','2023-01-02 21:22:29'),(7,26,'product-files/1-2.jpg','{\"filename\":\"1-2.jpg\",\"url\":\"product-files\\/1-2.jpg\",\"mime_type\":\"image\\/jpeg\",\"size\":2165,\"modified\":\"2023-01-03 04:22:29\",\"name\":\"1-2\",\"extension\":\"jpg\"}','2023-01-02 21:22:29','2023-01-02 21:22:29'),(8,26,'product-files/1-3.jpg','{\"filename\":\"1-3.jpg\",\"url\":\"product-files\\/1-3.jpg\",\"mime_type\":\"image\\/jpeg\",\"size\":2165,\"modified\":\"2023-01-03 04:22:29\",\"name\":\"1-3\",\"extension\":\"jpg\"}','2023-01-02 21:22:29','2023-01-02 21:22:29'),(9,27,'product-files/1.jpg','{\"filename\":\"1.jpg\",\"url\":\"product-files\\/1.jpg\",\"mime_type\":\"image\\/jpeg\",\"size\":2165,\"modified\":\"2023-01-03 04:22:29\",\"name\":\"1\",\"extension\":\"jpg\"}','2023-01-02 21:22:29','2023-01-02 21:22:29'),(10,27,'product-files/1-1.jpg','{\"filename\":\"1-1.jpg\",\"url\":\"product-files\\/1-1.jpg\",\"mime_type\":\"image\\/jpeg\",\"size\":2165,\"modified\":\"2023-01-03 04:22:29\",\"name\":\"1-1\",\"extension\":\"jpg\"}','2023-01-02 21:22:29','2023-01-02 21:22:29'),(11,27,'product-files/1-2.jpg','{\"filename\":\"1-2.jpg\",\"url\":\"product-files\\/1-2.jpg\",\"mime_type\":\"image\\/jpeg\",\"size\":2165,\"modified\":\"2023-01-03 04:22:29\",\"name\":\"1-2\",\"extension\":\"jpg\"}','2023-01-02 21:22:29','2023-01-02 21:22:29'),(12,27,'product-files/1-3.jpg','{\"filename\":\"1-3.jpg\",\"url\":\"product-files\\/1-3.jpg\",\"mime_type\":\"image\\/jpeg\",\"size\":2165,\"modified\":\"2023-01-03 04:22:29\",\"name\":\"1-3\",\"extension\":\"jpg\"}','2023-01-02 21:22:29','2023-01-02 21:22:29'),(13,37,'product-files/5.jpg','{\"filename\":\"5.jpg\",\"url\":\"product-files\\/5.jpg\",\"mime_type\":\"image\\/jpeg\",\"size\":2165,\"modified\":\"2023-01-03 04:22:30\",\"name\":\"5\",\"extension\":\"jpg\"}','2023-01-02 21:22:30','2023-01-02 21:22:30'),(14,37,'product-files/5-1.jpg','{\"filename\":\"5-1.jpg\",\"url\":\"product-files\\/5-1.jpg\",\"mime_type\":\"image\\/jpeg\",\"size\":2165,\"modified\":\"2023-01-03 04:22:30\",\"name\":\"5-1\",\"extension\":\"jpg\"}','2023-01-02 21:22:30','2023-01-02 21:22:30'),(15,37,'product-files/5-2.jpg','{\"filename\":\"5-2.jpg\",\"url\":\"product-files\\/5-2.jpg\",\"mime_type\":\"image\\/jpeg\",\"size\":2165,\"modified\":\"2023-01-03 04:22:30\",\"name\":\"5-2\",\"extension\":\"jpg\"}','2023-01-02 21:22:30','2023-01-02 21:22:30'),(16,37,'product-files/5-3.jpg','{\"filename\":\"5-3.jpg\",\"url\":\"product-files\\/5-3.jpg\",\"mime_type\":\"image\\/jpeg\",\"size\":2165,\"modified\":\"2023-01-03 04:22:30\",\"name\":\"5-3\",\"extension\":\"jpg\"}','2023-01-02 21:22:30','2023-01-02 21:22:30'),(17,38,'product-files/5.jpg','{\"filename\":\"5.jpg\",\"url\":\"product-files\\/5.jpg\",\"mime_type\":\"image\\/jpeg\",\"size\":2165,\"modified\":\"2023-01-03 04:22:30\",\"name\":\"5\",\"extension\":\"jpg\"}','2023-01-02 21:22:30','2023-01-02 21:22:30'),(18,38,'product-files/5-1.jpg','{\"filename\":\"5-1.jpg\",\"url\":\"product-files\\/5-1.jpg\",\"mime_type\":\"image\\/jpeg\",\"size\":2165,\"modified\":\"2023-01-03 04:22:30\",\"name\":\"5-1\",\"extension\":\"jpg\"}','2023-01-02 21:22:30','2023-01-02 21:22:30'),(19,38,'product-files/5-2.jpg','{\"filename\":\"5-2.jpg\",\"url\":\"product-files\\/5-2.jpg\",\"mime_type\":\"image\\/jpeg\",\"size\":2165,\"modified\":\"2023-01-03 04:22:30\",\"name\":\"5-2\",\"extension\":\"jpg\"}','2023-01-02 21:22:30','2023-01-02 21:22:30'),(20,38,'product-files/5-3.jpg','{\"filename\":\"5-3.jpg\",\"url\":\"product-files\\/5-3.jpg\",\"mime_type\":\"image\\/jpeg\",\"size\":2165,\"modified\":\"2023-01-03 04:22:30\",\"name\":\"5-3\",\"extension\":\"jpg\"}','2023-01-02 21:22:30','2023-01-02 21:22:30'),(21,39,'product-files/5.jpg','{\"filename\":\"5.jpg\",\"url\":\"product-files\\/5.jpg\",\"mime_type\":\"image\\/jpeg\",\"size\":2165,\"modified\":\"2023-01-03 04:22:30\",\"name\":\"5\",\"extension\":\"jpg\"}','2023-01-02 21:22:30','2023-01-02 21:22:30'),(22,39,'product-files/5-1.jpg','{\"filename\":\"5-1.jpg\",\"url\":\"product-files\\/5-1.jpg\",\"mime_type\":\"image\\/jpeg\",\"size\":2165,\"modified\":\"2023-01-03 04:22:30\",\"name\":\"5-1\",\"extension\":\"jpg\"}','2023-01-02 21:22:30','2023-01-02 21:22:30'),(23,39,'product-files/5-2.jpg','{\"filename\":\"5-2.jpg\",\"url\":\"product-files\\/5-2.jpg\",\"mime_type\":\"image\\/jpeg\",\"size\":2165,\"modified\":\"2023-01-03 04:22:30\",\"name\":\"5-2\",\"extension\":\"jpg\"}','2023-01-02 21:22:30','2023-01-02 21:22:30'),(24,39,'product-files/5-3.jpg','{\"filename\":\"5-3.jpg\",\"url\":\"product-files\\/5-3.jpg\",\"mime_type\":\"image\\/jpeg\",\"size\":2165,\"modified\":\"2023-01-03 04:22:30\",\"name\":\"5-3\",\"extension\":\"jpg\"}','2023-01-02 21:22:30','2023-01-02 21:22:30'),(25,45,'product-files/9.jpg','{\"filename\":\"9.jpg\",\"url\":\"product-files\\/9.jpg\",\"mime_type\":\"image\\/jpeg\",\"size\":2165,\"modified\":\"2023-01-03 04:22:30\",\"name\":\"9\",\"extension\":\"jpg\"}','2023-01-02 21:22:30','2023-01-02 21:22:30'),(26,45,'product-files/9-1.jpg','{\"filename\":\"9-1.jpg\",\"url\":\"product-files\\/9-1.jpg\",\"mime_type\":\"image\\/jpeg\",\"size\":2165,\"modified\":\"2023-01-03 04:22:30\",\"name\":\"9-1\",\"extension\":\"jpg\"}','2023-01-02 21:22:30','2023-01-02 21:22:30'),(27,46,'product-files/9.jpg','{\"filename\":\"9.jpg\",\"url\":\"product-files\\/9.jpg\",\"mime_type\":\"image\\/jpeg\",\"size\":2165,\"modified\":\"2023-01-03 04:22:30\",\"name\":\"9\",\"extension\":\"jpg\"}','2023-01-02 21:22:30','2023-01-02 21:22:30'),(28,46,'product-files/9-1.jpg','{\"filename\":\"9-1.jpg\",\"url\":\"product-files\\/9-1.jpg\",\"mime_type\":\"image\\/jpeg\",\"size\":2165,\"modified\":\"2023-01-03 04:22:30\",\"name\":\"9-1\",\"extension\":\"jpg\"}','2023-01-02 21:22:30','2023-01-02 21:22:30'),(29,54,'product-files/13.jpg','{\"filename\":\"13.jpg\",\"url\":\"product-files\\/13.jpg\",\"mime_type\":\"image\\/jpeg\",\"size\":2165,\"modified\":\"2023-01-03 04:22:30\",\"name\":\"13\",\"extension\":\"jpg\"}','2023-01-02 21:22:30','2023-01-02 21:22:30'),(30,54,'product-files/13-1.jpg','{\"filename\":\"13-1.jpg\",\"url\":\"product-files\\/13-1.jpg\",\"mime_type\":\"image\\/jpeg\",\"size\":2165,\"modified\":\"2023-01-03 04:22:30\",\"name\":\"13-1\",\"extension\":\"jpg\"}','2023-01-02 21:22:30','2023-01-02 21:22:30'),(31,55,'product-files/13.jpg','{\"filename\":\"13.jpg\",\"url\":\"product-files\\/13.jpg\",\"mime_type\":\"image\\/jpeg\",\"size\":2165,\"modified\":\"2023-01-03 04:22:30\",\"name\":\"13\",\"extension\":\"jpg\"}','2023-01-02 21:22:30','2023-01-02 21:22:30'),(32,55,'product-files/13-1.jpg','{\"filename\":\"13-1.jpg\",\"url\":\"product-files\\/13-1.jpg\",\"mime_type\":\"image\\/jpeg\",\"size\":2165,\"modified\":\"2023-01-03 04:22:30\",\"name\":\"13-1\",\"extension\":\"jpg\"}','2023-01-02 21:22:30','2023-01-02 21:22:30'),(33,56,'product-files/13.jpg','{\"filename\":\"13.jpg\",\"url\":\"product-files\\/13.jpg\",\"mime_type\":\"image\\/jpeg\",\"size\":2165,\"modified\":\"2023-01-03 04:22:30\",\"name\":\"13\",\"extension\":\"jpg\"}','2023-01-02 21:22:30','2023-01-02 21:22:30'),(34,56,'product-files/13-1.jpg','{\"filename\":\"13-1.jpg\",\"url\":\"product-files\\/13-1.jpg\",\"mime_type\":\"image\\/jpeg\",\"size\":2165,\"modified\":\"2023-01-03 04:22:30\",\"name\":\"13-1\",\"extension\":\"jpg\"}','2023-01-02 21:22:30','2023-01-02 21:22:30'),(35,67,'product-files/17.jpg','{\"filename\":\"17.jpg\",\"url\":\"product-files\\/17.jpg\",\"mime_type\":\"image\\/jpeg\",\"size\":2165,\"modified\":\"2023-01-03 04:22:30\",\"name\":\"17\",\"extension\":\"jpg\"}','2023-01-02 21:22:30','2023-01-02 21:22:30'),(36,68,'product-files/17.jpg','{\"filename\":\"17.jpg\",\"url\":\"product-files\\/17.jpg\",\"mime_type\":\"image\\/jpeg\",\"size\":2165,\"modified\":\"2023-01-03 04:22:30\",\"name\":\"17\",\"extension\":\"jpg\"}','2023-01-02 21:22:30','2023-01-02 21:22:30'),(37,69,'product-files/17.jpg','{\"filename\":\"17.jpg\",\"url\":\"product-files\\/17.jpg\",\"mime_type\":\"image\\/jpeg\",\"size\":2165,\"modified\":\"2023-01-03 04:22:30\",\"name\":\"17\",\"extension\":\"jpg\"}','2023-01-02 21:22:30','2023-01-02 21:22:30'),(38,82,'product-files/21.jpg','{\"filename\":\"21.jpg\",\"url\":\"product-files\\/21.jpg\",\"mime_type\":\"image\\/jpeg\",\"size\":2165,\"modified\":\"2023-01-03 04:22:30\",\"name\":\"21\",\"extension\":\"jpg\"}','2023-01-02 21:22:30','2023-01-02 21:22:30'),(39,82,'product-files/21-1.jpg','{\"filename\":\"21-1.jpg\",\"url\":\"product-files\\/21-1.jpg\",\"mime_type\":\"image\\/jpeg\",\"size\":2165,\"modified\":\"2023-01-03 04:22:30\",\"name\":\"21-1\",\"extension\":\"jpg\"}','2023-01-02 21:22:30','2023-01-02 21:22:30'),(40,83,'product-files/21.jpg','{\"filename\":\"21.jpg\",\"url\":\"product-files\\/21.jpg\",\"mime_type\":\"image\\/jpeg\",\"size\":2165,\"modified\":\"2023-01-03 04:22:30\",\"name\":\"21\",\"extension\":\"jpg\"}','2023-01-02 21:22:30','2023-01-02 21:22:30'),(41,83,'product-files/21-1.jpg','{\"filename\":\"21-1.jpg\",\"url\":\"product-files\\/21-1.jpg\",\"mime_type\":\"image\\/jpeg\",\"size\":2165,\"modified\":\"2023-01-03 04:22:30\",\"name\":\"21-1\",\"extension\":\"jpg\"}','2023-01-02 21:22:30','2023-01-02 21:22:30'),(42,84,'product-files/21.jpg','{\"filename\":\"21.jpg\",\"url\":\"product-files\\/21.jpg\",\"mime_type\":\"image\\/jpeg\",\"size\":2165,\"modified\":\"2023-01-03 04:22:30\",\"name\":\"21\",\"extension\":\"jpg\"}','2023-01-02 21:22:30','2023-01-02 21:22:30'),(43,84,'product-files/21-1.jpg','{\"filename\":\"21-1.jpg\",\"url\":\"product-files\\/21-1.jpg\",\"mime_type\":\"image\\/jpeg\",\"size\":2165,\"modified\":\"2023-01-03 04:22:30\",\"name\":\"21-1\",\"extension\":\"jpg\"}','2023-01-02 21:22:30','2023-01-02 21:22:30');
/*!40000 ALTER TABLE `ec_product_files` ENABLE KEYS */;
UNLOCK TABLES;

--
-- Table structure for table `ec_product_label_products`
--

DROP TABLE IF EXISTS `ec_product_label_products`;
/*!40101 SET @saved_cs_client     = @@character_set_client */;
/*!50503 SET character_set_client = utf8mb4 */;
CREATE TABLE `ec_product_label_products` (
  `product_label_id` int unsigned NOT NULL,
  `product_id` int unsigned NOT NULL,
  PRIMARY KEY (`product_label_id`,`product_id`),
  KEY `ec_product_label_products_product_label_id_index` (`product_label_id`),
  KEY `ec_product_label_products_product_id_index` (`product_id`)
) ENGINE=InnoDB DEFAULT CHARSET=utf8mb4 COLLATE=utf8mb4_unicode_ci;
/*!40101 SET character_set_client = @saved_cs_client */;

--
-- Dumping data for table `ec_product_label_products`
--

LOCK TABLES `ec_product_label_products` WRITE;
/*!40000 ALTER TABLE `ec_product_label_products` DISABLE KEYS */;
INSERT INTO `ec_product_label_products` VALUES (2,14),(3,7),(3,21);
/*!40000 ALTER TABLE `ec_product_label_products` ENABLE KEYS */;
UNLOCK TABLES;

--
-- Table structure for table `ec_product_labels`
--

DROP TABLE IF EXISTS `ec_product_labels`;
/*!40101 SET @saved_cs_client     = @@character_set_client */;
/*!50503 SET character_set_client = utf8mb4 */;
CREATE TABLE `ec_product_labels` (
  `id` bigint unsigned NOT NULL AUTO_INCREMENT,
  `name` varchar(255) COLLATE utf8mb4_unicode_ci NOT NULL,
  `color` varchar(120) COLLATE utf8mb4_unicode_ci DEFAULT NULL,
  `status` varchar(60) COLLATE utf8mb4_unicode_ci NOT NULL DEFAULT 'published',
  `created_at` timestamp NULL DEFAULT NULL,
  `updated_at` timestamp NULL DEFAULT NULL,
  PRIMARY KEY (`id`)
) ENGINE=InnoDB AUTO_INCREMENT=4 DEFAULT CHARSET=utf8mb4 COLLATE=utf8mb4_unicode_ci;
/*!40101 SET character_set_client = @saved_cs_client */;

--
-- Dumping data for table `ec_product_labels`
--

LOCK TABLES `ec_product_labels` WRITE;
/*!40000 ALTER TABLE `ec_product_labels` DISABLE KEYS */;
INSERT INTO `ec_product_labels` VALUES (1,'Hot','#ec2434','published','2023-01-02 21:22:23','2023-01-02 21:22:23'),(2,'New','#00c9a7','published','2023-01-02 21:22:23','2023-01-02 21:22:23'),(3,'Sale','#fe9931','published','2023-01-02 21:22:23','2023-01-02 21:22:23');
/*!40000 ALTER TABLE `ec_product_labels` ENABLE KEYS */;
UNLOCK TABLES;

--
-- Table structure for table `ec_product_labels_translations`
--

DROP TABLE IF EXISTS `ec_product_labels_translations`;
/*!40101 SET @saved_cs_client     = @@character_set_client */;
/*!50503 SET character_set_client = utf8mb4 */;
CREATE TABLE `ec_product_labels_translations` (
  `lang_code` varchar(191) COLLATE utf8mb4_unicode_ci NOT NULL,
  `ec_product_labels_id` int NOT NULL,
  `name` varchar(191) COLLATE utf8mb4_unicode_ci DEFAULT NULL,
  `description` varchar(191) COLLATE utf8mb4_unicode_ci DEFAULT NULL,
  PRIMARY KEY (`lang_code`,`ec_product_labels_id`)
) ENGINE=InnoDB DEFAULT CHARSET=utf8mb4 COLLATE=utf8mb4_unicode_ci;
/*!40101 SET character_set_client = @saved_cs_client */;

--
-- Dumping data for table `ec_product_labels_translations`
--

LOCK TABLES `ec_product_labels_translations` WRITE;
/*!40000 ALTER TABLE `ec_product_labels_translations` DISABLE KEYS */;
INSERT INTO `ec_product_labels_translations` VALUES ('vi',1,'Nổi bật',NULL),('vi',2,'Mới',NULL),('vi',3,'Giảm giá',NULL);
/*!40000 ALTER TABLE `ec_product_labels_translations` ENABLE KEYS */;
UNLOCK TABLES;

--
-- Table structure for table `ec_product_related_relations`
--

DROP TABLE IF EXISTS `ec_product_related_relations`;
/*!40101 SET @saved_cs_client     = @@character_set_client */;
/*!50503 SET character_set_client = utf8mb4 */;
CREATE TABLE `ec_product_related_relations` (
  `id` bigint unsigned NOT NULL AUTO_INCREMENT,
  `from_product_id` int unsigned NOT NULL,
  `to_product_id` int unsigned NOT NULL,
  PRIMARY KEY (`id`),
  KEY `ec_product_related_relations_from_product_id_index` (`from_product_id`),
  KEY `ec_product_related_relations_to_product_id_index` (`to_product_id`)
) ENGINE=InnoDB DEFAULT CHARSET=utf8mb4 COLLATE=utf8mb4_unicode_ci;
/*!40101 SET character_set_client = @saved_cs_client */;

--
-- Dumping data for table `ec_product_related_relations`
--

LOCK TABLES `ec_product_related_relations` WRITE;
/*!40000 ALTER TABLE `ec_product_related_relations` DISABLE KEYS */;
/*!40000 ALTER TABLE `ec_product_related_relations` ENABLE KEYS */;
UNLOCK TABLES;

--
-- Table structure for table `ec_product_tag_product`
--

DROP TABLE IF EXISTS `ec_product_tag_product`;
/*!40101 SET @saved_cs_client     = @@character_set_client */;
/*!50503 SET character_set_client = utf8mb4 */;
CREATE TABLE `ec_product_tag_product` (
  `product_id` int unsigned NOT NULL,
  `tag_id` int unsigned NOT NULL,
  PRIMARY KEY (`product_id`,`tag_id`),
  KEY `ec_product_tag_product_product_id_index` (`product_id`),
  KEY `ec_product_tag_product_tag_id_index` (`tag_id`)
) ENGINE=InnoDB DEFAULT CHARSET=utf8mb4 COLLATE=utf8mb4_unicode_ci;
/*!40101 SET character_set_client = @saved_cs_client */;

--
-- Dumping data for table `ec_product_tag_product`
--

LOCK TABLES `ec_product_tag_product` WRITE;
/*!40000 ALTER TABLE `ec_product_tag_product` DISABLE KEYS */;
INSERT INTO `ec_product_tag_product` VALUES (1,3),(1,4),(1,6),(2,2),(2,3),(3,1),(3,3),(3,5),(4,1),(4,5),(4,6),(5,2),(5,5),(5,6),(6,3),(7,4),(7,5),(7,6),(8,1),(8,2),(8,5),(9,1),(9,4),(9,6),(10,3),(10,4),(11,3),(11,5),(11,6),(12,2),(12,4),(12,6),(13,2),(13,6),(14,3),(14,5),(15,1),(15,2),(15,4),(16,2),(16,4),(16,6),(17,3),(17,5),(17,6),(18,3),(18,4),(19,1),(19,2),(20,2),(20,3),(20,6),(21,3),(21,5),(22,1),(22,5),(22,6),(23,1),(23,2),(23,5),(24,1),(24,3),(24,5);
/*!40000 ALTER TABLE `ec_product_tag_product` ENABLE KEYS */;
UNLOCK TABLES;

--
-- Table structure for table `ec_product_tags`
--

DROP TABLE IF EXISTS `ec_product_tags`;
/*!40101 SET @saved_cs_client     = @@character_set_client */;
/*!50503 SET character_set_client = utf8mb4 */;
CREATE TABLE `ec_product_tags` (
  `id` bigint unsigned NOT NULL AUTO_INCREMENT,
  `name` varchar(120) COLLATE utf8mb4_unicode_ci NOT NULL,
  `description` varchar(400) COLLATE utf8mb4_unicode_ci DEFAULT NULL,
  `status` varchar(60) COLLATE utf8mb4_unicode_ci NOT NULL DEFAULT 'published',
  `created_at` timestamp NULL DEFAULT NULL,
  `updated_at` timestamp NULL DEFAULT NULL,
  PRIMARY KEY (`id`)
) ENGINE=InnoDB AUTO_INCREMENT=6 DEFAULT CHARSET=utf8mb4 COLLATE=utf8mb4_unicode_ci;
/*!40101 SET character_set_client = @saved_cs_client */;

--
-- Dumping data for table `ec_product_tags`
--

LOCK TABLES `ec_product_tags` WRITE;
/*!40000 ALTER TABLE `ec_product_tags` DISABLE KEYS */;
INSERT INTO `ec_product_tags` VALUES (1,'Wallet',NULL,'published','2023-01-02 21:22:23','2023-01-02 21:22:23'),(2,'Bags',NULL,'published','2023-01-02 21:22:23','2023-01-02 21:22:23'),(3,'Shoes',NULL,'published','2023-01-02 21:22:23','2023-01-02 21:22:23'),(4,'Clothes',NULL,'published','2023-01-02 21:22:23','2023-01-02 21:22:23'),(5,'Hand bag',NULL,'published','2023-01-02 21:22:23','2023-01-02 21:22:23');
/*!40000 ALTER TABLE `ec_product_tags` ENABLE KEYS */;
UNLOCK TABLES;

--
-- Table structure for table `ec_product_tags_translations`
--

DROP TABLE IF EXISTS `ec_product_tags_translations`;
/*!40101 SET @saved_cs_client     = @@character_set_client */;
/*!50503 SET character_set_client = utf8mb4 */;
CREATE TABLE `ec_product_tags_translations` (
  `lang_code` varchar(191) COLLATE utf8mb4_unicode_ci NOT NULL,
  `ec_product_tags_id` int NOT NULL,
  `name` varchar(191) COLLATE utf8mb4_unicode_ci DEFAULT NULL,
  PRIMARY KEY (`lang_code`,`ec_product_tags_id`)
) ENGINE=InnoDB DEFAULT CHARSET=utf8mb4 COLLATE=utf8mb4_unicode_ci;
/*!40101 SET character_set_client = @saved_cs_client */;

--
-- Dumping data for table `ec_product_tags_translations`
--

LOCK TABLES `ec_product_tags_translations` WRITE;
/*!40000 ALTER TABLE `ec_product_tags_translations` DISABLE KEYS */;
/*!40000 ALTER TABLE `ec_product_tags_translations` ENABLE KEYS */;
UNLOCK TABLES;

--
-- Table structure for table `ec_product_up_sale_relations`
--

DROP TABLE IF EXISTS `ec_product_up_sale_relations`;
/*!40101 SET @saved_cs_client     = @@character_set_client */;
/*!50503 SET character_set_client = utf8mb4 */;
CREATE TABLE `ec_product_up_sale_relations` (
  `id` bigint unsigned NOT NULL AUTO_INCREMENT,
  `from_product_id` int unsigned NOT NULL,
  `to_product_id` int unsigned NOT NULL,
  PRIMARY KEY (`id`),
  KEY `ec_product_up_sale_relations_from_product_id_index` (`from_product_id`),
  KEY `ec_product_up_sale_relations_to_product_id_index` (`to_product_id`)
) ENGINE=InnoDB DEFAULT CHARSET=utf8mb4 COLLATE=utf8mb4_unicode_ci;
/*!40101 SET character_set_client = @saved_cs_client */;

--
-- Dumping data for table `ec_product_up_sale_relations`
--

LOCK TABLES `ec_product_up_sale_relations` WRITE;
/*!40000 ALTER TABLE `ec_product_up_sale_relations` DISABLE KEYS */;
/*!40000 ALTER TABLE `ec_product_up_sale_relations` ENABLE KEYS */;
UNLOCK TABLES;

--
-- Table structure for table `ec_product_variation_items`
--

DROP TABLE IF EXISTS `ec_product_variation_items`;
/*!40101 SET @saved_cs_client     = @@character_set_client */;
/*!50503 SET character_set_client = utf8mb4 */;
CREATE TABLE `ec_product_variation_items` (
  `id` bigint unsigned NOT NULL AUTO_INCREMENT,
  `attribute_id` int unsigned NOT NULL,
  `variation_id` int unsigned NOT NULL,
  PRIMARY KEY (`id`),
  KEY `ec_product_variation_items_attribute_id_variation_id_index` (`attribute_id`,`variation_id`)
) ENGINE=InnoDB AUTO_INCREMENT=137 DEFAULT CHARSET=utf8mb4 COLLATE=utf8mb4_unicode_ci;
/*!40101 SET character_set_client = @saved_cs_client */;

--
-- Dumping data for table `ec_product_variation_items`
--

LOCK TABLES `ec_product_variation_items` WRITE;
/*!40000 ALTER TABLE `ec_product_variation_items` DISABLE KEYS */;
INSERT INTO `ec_product_variation_items` VALUES (1,1,1),(13,1,7),(43,1,22),(49,1,25),(67,1,34),(71,1,36),(77,1,39),(91,1,46),(97,1,49),(107,1,54),(119,1,60),(121,1,61),(135,1,68),(5,2,3),(7,2,4),(45,2,23),(69,2,35),(81,2,41),(87,2,44),(105,2,53),(109,2,55),(117,2,59),(125,2,63),(9,3,5),(11,3,6),(33,3,17),(37,3,19),(39,3,20),(47,3,24),(65,3,33),(73,3,37),(79,3,40),(99,3,50),(103,3,52),(111,3,56),(115,3,58),(123,3,62),(127,3,64),(131,3,66),(133,3,67),(15,4,8),(19,4,10),(23,4,12),(25,4,13),(27,4,14),(53,4,27),(55,4,28),(59,4,30),(61,4,31),(63,4,32),(75,4,38),(83,4,42),(93,4,47),(95,4,48),(129,4,65),(3,5,2),(17,5,9),(21,5,11),(29,5,15),(31,5,16),(35,5,18),(41,5,21),(51,5,26),(57,5,29),(85,5,43),(89,5,45),(101,5,51),(113,5,57),(10,6,5),(14,6,7),(16,6,8),(18,6,9),(24,6,12),(42,6,21),(52,6,26),(62,6,31),(70,6,35),(74,6,37),(78,6,39),(84,6,42),(102,6,51),(106,6,53),(110,6,55),(120,6,60),(128,6,64),(4,7,2),(12,7,6),(20,7,10),(22,7,11),(32,7,16),(38,7,19),(44,7,22),(46,7,23),(50,7,25),(58,7,29),(64,7,32),(92,7,46),(100,7,50),(112,7,56),(132,7,66),(134,7,67),(6,8,3),(28,8,14),(30,8,15),(82,8,41),(88,8,44),(94,8,47),(104,8,52),(114,8,57),(124,8,62),(126,8,63),(2,9,1),(26,9,13),(48,9,24),(56,9,28),(60,9,30),(66,9,33),(68,9,34),(72,9,36),(86,9,43),(90,9,45),(136,9,68),(8,10,4),(34,10,17),(36,10,18),(40,10,20),(54,10,27),(76,10,38),(80,10,40),(96,10,48),(98,10,49),(108,10,54),(116,10,58),(118,10,59),(122,10,61),(130,10,65);
/*!40000 ALTER TABLE `ec_product_variation_items` ENABLE KEYS */;
UNLOCK TABLES;

--
-- Table structure for table `ec_product_variations`
--

DROP TABLE IF EXISTS `ec_product_variations`;
/*!40101 SET @saved_cs_client     = @@character_set_client */;
/*!50503 SET character_set_client = utf8mb4 */;
CREATE TABLE `ec_product_variations` (
  `id` bigint unsigned NOT NULL AUTO_INCREMENT,
  `product_id` int unsigned DEFAULT NULL,
  `configurable_product_id` int unsigned NOT NULL,
  `is_default` tinyint NOT NULL DEFAULT '0',
  PRIMARY KEY (`id`),
  KEY `ec_product_variations_product_id_configurable_product_id_index` (`product_id`,`configurable_product_id`)
) ENGINE=InnoDB AUTO_INCREMENT=69 DEFAULT CHARSET=utf8mb4 COLLATE=utf8mb4_unicode_ci;
/*!40101 SET character_set_client = @saved_cs_client */;

--
-- Dumping data for table `ec_product_variations`
--

LOCK TABLES `ec_product_variations` WRITE;
/*!40000 ALTER TABLE `ec_product_variations` DISABLE KEYS */;
INSERT INTO `ec_product_variations` VALUES (1,25,1,1),(2,26,1,0),(3,27,1,0),(4,28,2,1),(5,29,2,0),(6,30,2,0),(7,31,3,1),(8,32,3,0),(9,33,3,0),(10,34,3,0),(11,35,4,1),(12,36,4,0),(13,37,5,1),(14,38,5,0),(15,39,5,0),(16,40,6,1),(17,41,6,0),(18,42,7,1),(19,43,7,0),(20,44,8,1),(21,45,9,1),(22,46,9,0),(23,47,10,1),(24,48,10,0),(25,49,10,0),(26,50,10,0),(27,51,11,1),(28,52,12,1),(29,53,12,0),(30,54,13,1),(31,55,13,0),(32,56,13,0),(33,57,14,1),(34,58,14,0),(35,59,14,0),(36,60,14,0),(37,61,15,1),(38,62,15,0),(39,63,15,0),(40,64,16,1),(41,65,16,0),(42,66,16,0),(43,67,17,1),(44,68,17,0),(45,69,17,0),(46,70,18,1),(47,71,18,0),(48,72,18,0),(49,73,18,0),(50,74,19,1),(51,75,19,0),(52,76,19,0),(53,77,19,0),(54,78,19,0),(55,79,20,1),(56,80,20,0),(57,81,20,0),(58,82,21,1),(59,83,21,0),(60,84,21,0),(61,85,22,1),(62,86,22,0),(63,87,23,1),(64,88,23,0),(65,89,23,0),(66,90,23,0),(67,91,24,1),(68,92,24,0);
/*!40000 ALTER TABLE `ec_product_variations` ENABLE KEYS */;
UNLOCK TABLES;

--
-- Table structure for table `ec_product_views`
--

DROP TABLE IF EXISTS `ec_product_views`;
/*!40101 SET @saved_cs_client     = @@character_set_client */;
/*!50503 SET character_set_client = utf8mb4 */;
CREATE TABLE `ec_product_views` (
  `id` bigint unsigned NOT NULL AUTO_INCREMENT,
  `product_id` int unsigned NOT NULL,
  `views` int NOT NULL DEFAULT '1',
  `date` date NOT NULL DEFAULT '2023-01-03',
  PRIMARY KEY (`id`),
  UNIQUE KEY `ec_product_views_product_id_date_unique` (`product_id`,`date`),
  KEY `ec_product_views_product_id_index` (`product_id`)
) ENGINE=InnoDB DEFAULT CHARSET=utf8mb4 COLLATE=utf8mb4_unicode_ci;
/*!40101 SET character_set_client = @saved_cs_client */;

--
-- Dumping data for table `ec_product_views`
--

LOCK TABLES `ec_product_views` WRITE;
/*!40000 ALTER TABLE `ec_product_views` DISABLE KEYS */;
/*!40000 ALTER TABLE `ec_product_views` ENABLE KEYS */;
UNLOCK TABLES;

--
-- Table structure for table `ec_product_with_attribute_set`
--

DROP TABLE IF EXISTS `ec_product_with_attribute_set`;
/*!40101 SET @saved_cs_client     = @@character_set_client */;
/*!50503 SET character_set_client = utf8mb4 */;
CREATE TABLE `ec_product_with_attribute_set` (
  `id` bigint unsigned NOT NULL AUTO_INCREMENT,
  `attribute_set_id` int unsigned NOT NULL,
  `product_id` int unsigned NOT NULL,
  `order` tinyint unsigned NOT NULL DEFAULT '0',
  PRIMARY KEY (`id`)
) ENGINE=InnoDB AUTO_INCREMENT=49 DEFAULT CHARSET=utf8mb4 COLLATE=utf8mb4_unicode_ci;
/*!40101 SET character_set_client = @saved_cs_client */;

--
-- Dumping data for table `ec_product_with_attribute_set`
--

LOCK TABLES `ec_product_with_attribute_set` WRITE;
/*!40000 ALTER TABLE `ec_product_with_attribute_set` DISABLE KEYS */;
INSERT INTO `ec_product_with_attribute_set` VALUES (1,1,1,0),(2,2,1,0),(3,1,2,0),(4,2,2,0),(5,1,3,0),(6,2,3,0),(7,1,4,0),(8,2,4,0),(9,1,5,0),(10,2,5,0),(11,1,6,0),(12,2,6,0),(13,1,7,0),(14,2,7,0),(15,1,8,0),(16,2,8,0),(17,1,9,0),(18,2,9,0),(19,1,10,0),(20,2,10,0),(21,1,11,0),(22,2,11,0),(23,1,12,0),(24,2,12,0),(25,1,13,0),(26,2,13,0),(27,1,14,0),(28,2,14,0),(29,1,15,0),(30,2,15,0),(31,1,16,0),(32,2,16,0),(33,1,17,0),(34,2,17,0),(35,1,18,0),(36,2,18,0),(37,1,19,0),(38,2,19,0),(39,1,20,0),(40,2,20,0),(41,1,21,0),(42,2,21,0),(43,1,22,0),(44,2,22,0),(45,1,23,0),(46,2,23,0),(47,1,24,0),(48,2,24,0);
/*!40000 ALTER TABLE `ec_product_with_attribute_set` ENABLE KEYS */;
UNLOCK TABLES;

--
-- Table structure for table `ec_products`
--

DROP TABLE IF EXISTS `ec_products`;
/*!40101 SET @saved_cs_client     = @@character_set_client */;
/*!50503 SET character_set_client = utf8mb4 */;
CREATE TABLE `ec_products` (
  `id` bigint unsigned NOT NULL AUTO_INCREMENT,
  `name` varchar(191) COLLATE utf8mb4_unicode_ci NOT NULL,
  `description` text COLLATE utf8mb4_unicode_ci,
  `content` longtext COLLATE utf8mb4_unicode_ci,
  `status` varchar(60) COLLATE utf8mb4_unicode_ci NOT NULL DEFAULT 'published',
  `images` text COLLATE utf8mb4_unicode_ci,
  `sku` varchar(191) COLLATE utf8mb4_unicode_ci DEFAULT NULL,
  `order` int unsigned NOT NULL DEFAULT '0',
  `quantity` int unsigned DEFAULT NULL,
  `allow_checkout_when_out_of_stock` tinyint unsigned NOT NULL DEFAULT '0',
  `with_storehouse_management` tinyint unsigned NOT NULL DEFAULT '0',
  `is_featured` tinyint unsigned NOT NULL DEFAULT '0',
  `brand_id` int unsigned DEFAULT NULL,
  `is_variation` tinyint NOT NULL DEFAULT '0',
  `sale_type` tinyint NOT NULL DEFAULT '0',
  `price` double unsigned DEFAULT NULL,
  `sale_price` double unsigned DEFAULT NULL,
  `start_date` timestamp NULL DEFAULT NULL,
  `end_date` timestamp NULL DEFAULT NULL,
  `length` double(8,2) DEFAULT NULL,
  `wide` double(8,2) DEFAULT NULL,
  `height` double(8,2) DEFAULT NULL,
  `weight` double(8,2) DEFAULT NULL,
  `tax_id` int unsigned DEFAULT NULL,
  `views` bigint NOT NULL DEFAULT '0',
  `created_at` timestamp NULL DEFAULT NULL,
  `updated_at` timestamp NULL DEFAULT NULL,
  `stock_status` varchar(191) COLLATE utf8mb4_unicode_ci DEFAULT 'in_stock',
  `created_by_id` int DEFAULT '0',
  `created_by_type` varchar(255) COLLATE utf8mb4_unicode_ci NOT NULL DEFAULT 'Botble\\ACL\\Models\\User',
  `image` varchar(255) COLLATE utf8mb4_unicode_ci DEFAULT NULL,
  `product_type` varchar(60) COLLATE utf8mb4_unicode_ci DEFAULT 'physical',
  PRIMARY KEY (`id`),
  KEY `ec_products_brand_id_status_is_variation_created_at_index` (`brand_id`,`status`,`is_variation`,`created_at`),
  KEY `ec_products_sale_type_index` (`sale_type`),
  KEY `ec_products_start_date_index` (`start_date`),
  KEY `ec_products_end_date_index` (`end_date`),
  KEY `ec_products_sale_price_index` (`sale_price`),
  KEY `ec_products_is_variation_index` (`is_variation`)
) ENGINE=InnoDB AUTO_INCREMENT=93 DEFAULT CHARSET=utf8mb4 COLLATE=utf8mb4_unicode_ci;
/*!40101 SET character_set_client = @saved_cs_client */;

--
-- Dumping data for table `ec_products`
--

LOCK TABLES `ec_products` WRITE;
/*!40000 ALTER TABLE `ec_products` DISABLE KEYS */;
INSERT INTO `ec_products` VALUES (1,'Smart Home Speaker (Digital)','<p>Short Hooded Coat features a straight body, large pockets with button flaps, ventilation air holes, and a string detail along the hemline.</p>\n<p><img src=\"https://farm66.staticflickr.com/65535/52425495655_3560b8094c_b.jpg\" alt=\"icon\" style=\"height: 15px;\" /> &nbsp;&nbsp; 1 Year AL Jazeera Brand Warranty</p>\n<p><img src=\"https://farm66.staticflickr.com/65535/52425560193_a352c8b12a_b.jpg\" alt=\"icon\" style=\"height: 15px;\" /> &nbsp; 30 Day Return Policy</p>\n<p><img src=\"https://farm66.staticflickr.com/65535/52425327619_16bbe35fbd_b.jpg\" alt=\"icon\" style=\"height: 15px;\" /> Cash on Delivery available</p>\n','<p>Short Hooded Coat features a straight body, large pockets with button flaps, ventilation air holes, and a string\n    detail along the hemline. The style is completed with a drawstring hood, featuring Rains&rsquo; signature built-in\n    cap. Made from waterproof, matte PU, this lightweight unisex rain jacket is an ode to nostalgia through its classic\n    silhouette and utilitarian design details.</p>\n<p>- Casual unisex fit</p>\n\n<p>- 64% polyester, 36% polyurethane</p>\n\n<p>- Water column pressure: 4000 mm</p>\n\n<p>- Model is 187cm tall and wearing a size S / M</p>\n\n<p>- Unisex fit</p>\n\n<p>- Drawstring hood with built-in cap</p>\n\n<p>- Front placket with snap buttons</p>\n\n<p>- Ventilation under armpit</p>\n\n<p>- Adjustable cuffs</p>\n\n<p>- Double welted front pockets</p>\n\n<p>- Adjustable elastic string at hempen</p>\n\n<p>- Ultrasonically welded seams</p>\n\n<p>This is a unisex item, please check our clothing &amp; footwear sizing guide for specific Rains jacket sizing\n    information. RAINS comes from the rainy nation of Denmark at the edge of the European continent, close to the ocean\n    and with prevailing westerly winds; all factors that contribute to an average of 121 rain days each year. Arising\n    from these rainy weather conditions comes the attitude that a quick rain shower may be beautiful, as well as moody-\n    but first and foremost requires the right outfit. Rains focus on the whole experience of going outside on rainy\n    days, issuing an invitation to explore even in the most mercurial weather.</p>\n','published','[\"products\\/1.jpg\",\"products\\/1-1.jpg\",\"products\\/1-2.jpg\",\"products\\/1-3.jpg\"]','HS-162-A0',0,20,0,1,1,6,0,0,439,NULL,NULL,NULL,11.00,12.00,12.00,885.00,NULL,71503,'2023-01-02 21:22:28','2023-01-02 21:22:29','in_stock',0,'Botble\\ACL\\Models\\User',NULL,'digital'),(2,'Headphone Ultra Bass','<p>Short Hooded Coat features a straight body, large pockets with button flaps, ventilation air holes, and a string detail along the hemline.</p>\n<p><img src=\"https://farm66.staticflickr.com/65535/52425495655_3560b8094c_b.jpg\" alt=\"icon\" style=\"height: 15px;\" /> &nbsp;&nbsp; 1 Year AL Jazeera Brand Warranty</p>\n<p><img src=\"https://farm66.staticflickr.com/65535/52425560193_a352c8b12a_b.jpg\" alt=\"icon\" style=\"height: 15px;\" /> &nbsp; 30 Day Return Policy</p>\n<p><img src=\"https://farm66.staticflickr.com/65535/52425327619_16bbe35fbd_b.jpg\" alt=\"icon\" style=\"height: 15px;\" /> Cash on Delivery available</p>\n','<p>Short Hooded Coat features a straight body, large pockets with button flaps, ventilation air holes, and a string\n    detail along the hemline. The style is completed with a drawstring hood, featuring Rains&rsquo; signature built-in\n    cap. Made from waterproof, matte PU, this lightweight unisex rain jacket is an ode to nostalgia through its classic\n    silhouette and utilitarian design details.</p>\n<p>- Casual unisex fit</p>\n\n<p>- 64% polyester, 36% polyurethane</p>\n\n<p>- Water column pressure: 4000 mm</p>\n\n<p>- Model is 187cm tall and wearing a size S / M</p>\n\n<p>- Unisex fit</p>\n\n<p>- Drawstring hood with built-in cap</p>\n\n<p>- Front placket with snap buttons</p>\n\n<p>- Ventilation under armpit</p>\n\n<p>- Adjustable cuffs</p>\n\n<p>- Double welted front pockets</p>\n\n<p>- Adjustable elastic string at hempen</p>\n\n<p>- Ultrasonically welded seams</p>\n\n<p>This is a unisex item, please check our clothing &amp; footwear sizing guide for specific Rains jacket sizing\n    information. RAINS comes from the rainy nation of Denmark at the edge of the European continent, close to the ocean\n    and with prevailing westerly winds; all factors that contribute to an average of 121 rain days each year. Arising\n    from these rainy weather conditions comes the attitude that a quick rain shower may be beautiful, as well as moody-\n    but first and foremost requires the right outfit. Rains focus on the whole experience of going outside on rainy\n    days, issuing an invitation to explore even in the most mercurial weather.</p>\n','published','[\"products\\/2.jpg\",\"products\\/2-1.jpg\",\"products\\/2-2.jpg\",\"products\\/2-3.jpg\"]','HS-140-A0',0,19,0,1,1,7,0,0,298,NULL,NULL,NULL,18.00,19.00,12.00,590.00,NULL,102530,'2023-01-02 21:22:28','2023-01-02 21:22:29','in_stock',0,'Botble\\ACL\\Models\\User',NULL,'physical'),(3,'Boxed - Bluetooth Headphone','<p>Short Hooded Coat features a straight body, large pockets with button flaps, ventilation air holes, and a string detail along the hemline.</p>\n<p><img src=\"https://farm66.staticflickr.com/65535/52425495655_3560b8094c_b.jpg\" alt=\"icon\" style=\"height: 15px;\" /> &nbsp;&nbsp; 1 Year AL Jazeera Brand Warranty</p>\n<p><img src=\"https://farm66.staticflickr.com/65535/52425560193_a352c8b12a_b.jpg\" alt=\"icon\" style=\"height: 15px;\" /> &nbsp; 30 Day Return Policy</p>\n<p><img src=\"https://farm66.staticflickr.com/65535/52425327619_16bbe35fbd_b.jpg\" alt=\"icon\" style=\"height: 15px;\" /> Cash on Delivery available</p>\n','<p>Short Hooded Coat features a straight body, large pockets with button flaps, ventilation air holes, and a string\n    detail along the hemline. The style is completed with a drawstring hood, featuring Rains&rsquo; signature built-in\n    cap. Made from waterproof, matte PU, this lightweight unisex rain jacket is an ode to nostalgia through its classic\n    silhouette and utilitarian design details.</p>\n<p>- Casual unisex fit</p>\n\n<p>- 64% polyester, 36% polyurethane</p>\n\n<p>- Water column pressure: 4000 mm</p>\n\n<p>- Model is 187cm tall and wearing a size S / M</p>\n\n<p>- Unisex fit</p>\n\n<p>- Drawstring hood with built-in cap</p>\n\n<p>- Front placket with snap buttons</p>\n\n<p>- Ventilation under armpit</p>\n\n<p>- Adjustable cuffs</p>\n\n<p>- Double welted front pockets</p>\n\n<p>- Adjustable elastic string at hempen</p>\n\n<p>- Ultrasonically welded seams</p>\n\n<p>This is a unisex item, please check our clothing &amp; footwear sizing guide for specific Rains jacket sizing\n    information. RAINS comes from the rainy nation of Denmark at the edge of the European continent, close to the ocean\n    and with prevailing westerly winds; all factors that contribute to an average of 121 rain days each year. Arising\n    from these rainy weather conditions comes the attitude that a quick rain shower may be beautiful, as well as moody-\n    but first and foremost requires the right outfit. Rains focus on the whole experience of going outside on rainy\n    days, issuing an invitation to explore even in the most mercurial weather.</p>\n','published','[\"products\\/3.jpg\",\"products\\/3-1.jpg\",\"products\\/3-2.jpg\",\"products\\/3-3.jpg\"]','HS-191-A0',0,17,0,1,1,1,0,0,358,NULL,NULL,NULL,12.00,18.00,20.00,629.00,NULL,115124,'2023-01-02 21:22:28','2023-01-02 21:22:29','in_stock',0,'Botble\\ACL\\Models\\User',NULL,'physical'),(4,'Chikie - Bluetooth Speaker','<p>Short Hooded Coat features a straight body, large pockets with button flaps, ventilation air holes, and a string detail along the hemline.</p>\n<p><img src=\"https://farm66.staticflickr.com/65535/52425495655_3560b8094c_b.jpg\" alt=\"icon\" style=\"height: 15px;\" /> &nbsp;&nbsp; 1 Year AL Jazeera Brand Warranty</p>\n<p><img src=\"https://farm66.staticflickr.com/65535/52425560193_a352c8b12a_b.jpg\" alt=\"icon\" style=\"height: 15px;\" /> &nbsp; 30 Day Return Policy</p>\n<p><img src=\"https://farm66.staticflickr.com/65535/52425327619_16bbe35fbd_b.jpg\" alt=\"icon\" style=\"height: 15px;\" /> Cash on Delivery available</p>\n','<p>Short Hooded Coat features a straight body, large pockets with button flaps, ventilation air holes, and a string\n    detail along the hemline. The style is completed with a drawstring hood, featuring Rains&rsquo; signature built-in\n    cap. Made from waterproof, matte PU, this lightweight unisex rain jacket is an ode to nostalgia through its classic\n    silhouette and utilitarian design details.</p>\n<p>- Casual unisex fit</p>\n\n<p>- 64% polyester, 36% polyurethane</p>\n\n<p>- Water column pressure: 4000 mm</p>\n\n<p>- Model is 187cm tall and wearing a size S / M</p>\n\n<p>- Unisex fit</p>\n\n<p>- Drawstring hood with built-in cap</p>\n\n<p>- Front placket with snap buttons</p>\n\n<p>- Ventilation under armpit</p>\n\n<p>- Adjustable cuffs</p>\n\n<p>- Double welted front pockets</p>\n\n<p>- Adjustable elastic string at hempen</p>\n\n<p>- Ultrasonically welded seams</p>\n\n<p>This is a unisex item, please check our clothing &amp; footwear sizing guide for specific Rains jacket sizing\n    information. RAINS comes from the rainy nation of Denmark at the edge of the European continent, close to the ocean\n    and with prevailing westerly winds; all factors that contribute to an average of 121 rain days each year. Arising\n    from these rainy weather conditions comes the attitude that a quick rain shower may be beautiful, as well as moody-\n    but first and foremost requires the right outfit. Rains focus on the whole experience of going outside on rainy\n    days, issuing an invitation to explore even in the most mercurial weather.</p>\n','published','[\"products\\/4.jpg\",\"products\\/4-1.jpg\",\"products\\/4-2.jpg\",\"products\\/4-3.jpg\"]','HS-189-A0',0,20,0,1,1,7,0,0,76,55.48,NULL,NULL,18.00,10.00,19.00,798.00,NULL,47313,'2023-01-02 21:22:28','2023-01-02 21:22:29','in_stock',0,'Botble\\ACL\\Models\\User',NULL,'physical'),(5,'Camera Hikvision HK-35VS8 (Digital)','<p>Short Hooded Coat features a straight body, large pockets with button flaps, ventilation air holes, and a string detail along the hemline.</p>\n<p><img src=\"https://farm66.staticflickr.com/65535/52425495655_3560b8094c_b.jpg\" alt=\"icon\" style=\"height: 15px;\" /> &nbsp;&nbsp; 1 Year AL Jazeera Brand Warranty</p>\n<p><img src=\"https://farm66.staticflickr.com/65535/52425560193_a352c8b12a_b.jpg\" alt=\"icon\" style=\"height: 15px;\" /> &nbsp; 30 Day Return Policy</p>\n<p><img src=\"https://farm66.staticflickr.com/65535/52425327619_16bbe35fbd_b.jpg\" alt=\"icon\" style=\"height: 15px;\" /> Cash on Delivery available</p>\n','<p>Short Hooded Coat features a straight body, large pockets with button flaps, ventilation air holes, and a string\n    detail along the hemline. The style is completed with a drawstring hood, featuring Rains&rsquo; signature built-in\n    cap. Made from waterproof, matte PU, this lightweight unisex rain jacket is an ode to nostalgia through its classic\n    silhouette and utilitarian design details.</p>\n<p>- Casual unisex fit</p>\n\n<p>- 64% polyester, 36% polyurethane</p>\n\n<p>- Water column pressure: 4000 mm</p>\n\n<p>- Model is 187cm tall and wearing a size S / M</p>\n\n<p>- Unisex fit</p>\n\n<p>- Drawstring hood with built-in cap</p>\n\n<p>- Front placket with snap buttons</p>\n\n<p>- Ventilation under armpit</p>\n\n<p>- Adjustable cuffs</p>\n\n<p>- Double welted front pockets</p>\n\n<p>- Adjustable elastic string at hempen</p>\n\n<p>- Ultrasonically welded seams</p>\n\n<p>This is a unisex item, please check our clothing &amp; footwear sizing guide for specific Rains jacket sizing\n    information. RAINS comes from the rainy nation of Denmark at the edge of the European continent, close to the ocean\n    and with prevailing westerly winds; all factors that contribute to an average of 121 rain days each year. Arising\n    from these rainy weather conditions comes the attitude that a quick rain shower may be beautiful, as well as moody-\n    but first and foremost requires the right outfit. Rains focus on the whole experience of going outside on rainy\n    days, issuing an invitation to explore even in the most mercurial weather.</p>\n','published','[\"products\\/5.jpg\",\"products\\/5-1.jpg\",\"products\\/5-2.jpg\",\"products\\/5-3.jpg\"]','HS-118-A0',0,15,0,1,1,2,0,0,40,NULL,NULL,NULL,12.00,11.00,19.00,760.00,NULL,34896,'2023-01-02 21:22:28','2023-01-02 21:22:30','in_stock',0,'Botble\\ACL\\Models\\User',NULL,'digital'),(6,'Camera Samsung SS-24','<p>Short Hooded Coat features a straight body, large pockets with button flaps, ventilation air holes, and a string detail along the hemline.</p>\n<p><img src=\"https://farm66.staticflickr.com/65535/52425495655_3560b8094c_b.jpg\" alt=\"icon\" style=\"height: 15px;\" /> &nbsp;&nbsp; 1 Year AL Jazeera Brand Warranty</p>\n<p><img src=\"https://farm66.staticflickr.com/65535/52425560193_a352c8b12a_b.jpg\" alt=\"icon\" style=\"height: 15px;\" /> &nbsp; 30 Day Return Policy</p>\n<p><img src=\"https://farm66.staticflickr.com/65535/52425327619_16bbe35fbd_b.jpg\" alt=\"icon\" style=\"height: 15px;\" /> Cash on Delivery available</p>\n','<p>Short Hooded Coat features a straight body, large pockets with button flaps, ventilation air holes, and a string\n    detail along the hemline. The style is completed with a drawstring hood, featuring Rains&rsquo; signature built-in\n    cap. Made from waterproof, matte PU, this lightweight unisex rain jacket is an ode to nostalgia through its classic\n    silhouette and utilitarian design details.</p>\n<p>- Casual unisex fit</p>\n\n<p>- 64% polyester, 36% polyurethane</p>\n\n<p>- Water column pressure: 4000 mm</p>\n\n<p>- Model is 187cm tall and wearing a size S / M</p>\n\n<p>- Unisex fit</p>\n\n<p>- Drawstring hood with built-in cap</p>\n\n<p>- Front placket with snap buttons</p>\n\n<p>- Ventilation under armpit</p>\n\n<p>- Adjustable cuffs</p>\n\n<p>- Double welted front pockets</p>\n\n<p>- Adjustable elastic string at hempen</p>\n\n<p>- Ultrasonically welded seams</p>\n\n<p>This is a unisex item, please check our clothing &amp; footwear sizing guide for specific Rains jacket sizing\n    information. RAINS comes from the rainy nation of Denmark at the edge of the European continent, close to the ocean\n    and with prevailing westerly winds; all factors that contribute to an average of 121 rain days each year. Arising\n    from these rainy weather conditions comes the attitude that a quick rain shower may be beautiful, as well as moody-\n    but first and foremost requires the right outfit. Rains focus on the whole experience of going outside on rainy\n    days, issuing an invitation to explore even in the most mercurial weather.</p>\n','published','[\"products\\/6.jpg\",\"products\\/6-1.jpg\"]','HS-154-A0',0,20,0,1,1,4,0,0,53,NULL,NULL,NULL,14.00,16.00,15.00,897.00,NULL,22231,'2023-01-02 21:22:28','2023-01-02 21:22:30','in_stock',0,'Botble\\ACL\\Models\\User',NULL,'physical'),(7,'Leather Watch Band','<p>Short Hooded Coat features a straight body, large pockets with button flaps, ventilation air holes, and a string detail along the hemline.</p>\n<p><img src=\"https://farm66.staticflickr.com/65535/52425495655_3560b8094c_b.jpg\" alt=\"icon\" style=\"height: 15px;\" /> &nbsp;&nbsp; 1 Year AL Jazeera Brand Warranty</p>\n<p><img src=\"https://farm66.staticflickr.com/65535/52425560193_a352c8b12a_b.jpg\" alt=\"icon\" style=\"height: 15px;\" /> &nbsp; 30 Day Return Policy</p>\n<p><img src=\"https://farm66.staticflickr.com/65535/52425327619_16bbe35fbd_b.jpg\" alt=\"icon\" style=\"height: 15px;\" /> Cash on Delivery available</p>\n','<p>Short Hooded Coat features a straight body, large pockets with button flaps, ventilation air holes, and a string\n    detail along the hemline. The style is completed with a drawstring hood, featuring Rains&rsquo; signature built-in\n    cap. Made from waterproof, matte PU, this lightweight unisex rain jacket is an ode to nostalgia through its classic\n    silhouette and utilitarian design details.</p>\n<p>- Casual unisex fit</p>\n\n<p>- 64% polyester, 36% polyurethane</p>\n\n<p>- Water column pressure: 4000 mm</p>\n\n<p>- Model is 187cm tall and wearing a size S / M</p>\n\n<p>- Unisex fit</p>\n\n<p>- Drawstring hood with built-in cap</p>\n\n<p>- Front placket with snap buttons</p>\n\n<p>- Ventilation under armpit</p>\n\n<p>- Adjustable cuffs</p>\n\n<p>- Double welted front pockets</p>\n\n<p>- Adjustable elastic string at hempen</p>\n\n<p>- Ultrasonically welded seams</p>\n\n<p>This is a unisex item, please check our clothing &amp; footwear sizing guide for specific Rains jacket sizing\n    information. RAINS comes from the rainy nation of Denmark at the edge of the European continent, close to the ocean\n    and with prevailing westerly winds; all factors that contribute to an average of 121 rain days each year. Arising\n    from these rainy weather conditions comes the attitude that a quick rain shower may be beautiful, as well as moody-\n    but first and foremost requires the right outfit. Rains focus on the whole experience of going outside on rainy\n    days, issuing an invitation to explore even in the most mercurial weather.</p>\n','published','[\"products\\/7.jpg\",\"products\\/7-1.jpg\"]','HS-115-A0',0,13,0,1,1,3,0,0,116,NULL,NULL,NULL,12.00,11.00,12.00,631.00,NULL,65777,'2023-01-02 21:22:28','2023-01-02 21:22:30','in_stock',0,'Botble\\ACL\\Models\\User',NULL,'physical'),(8,'Apple iPhone 13 Plus','<p>Short Hooded Coat features a straight body, large pockets with button flaps, ventilation air holes, and a string detail along the hemline.</p>\n<p><img src=\"https://farm66.staticflickr.com/65535/52425495655_3560b8094c_b.jpg\" alt=\"icon\" style=\"height: 15px;\" /> &nbsp;&nbsp; 1 Year AL Jazeera Brand Warranty</p>\n<p><img src=\"https://farm66.staticflickr.com/65535/52425560193_a352c8b12a_b.jpg\" alt=\"icon\" style=\"height: 15px;\" /> &nbsp; 30 Day Return Policy</p>\n<p><img src=\"https://farm66.staticflickr.com/65535/52425327619_16bbe35fbd_b.jpg\" alt=\"icon\" style=\"height: 15px;\" /> Cash on Delivery available</p>\n','<p>Short Hooded Coat features a straight body, large pockets with button flaps, ventilation air holes, and a string\n    detail along the hemline. The style is completed with a drawstring hood, featuring Rains&rsquo; signature built-in\n    cap. Made from waterproof, matte PU, this lightweight unisex rain jacket is an ode to nostalgia through its classic\n    silhouette and utilitarian design details.</p>\n<p>- Casual unisex fit</p>\n\n<p>- 64% polyester, 36% polyurethane</p>\n\n<p>- Water column pressure: 4000 mm</p>\n\n<p>- Model is 187cm tall and wearing a size S / M</p>\n\n<p>- Unisex fit</p>\n\n<p>- Drawstring hood with built-in cap</p>\n\n<p>- Front placket with snap buttons</p>\n\n<p>- Ventilation under armpit</p>\n\n<p>- Adjustable cuffs</p>\n\n<p>- Double welted front pockets</p>\n\n<p>- Adjustable elastic string at hempen</p>\n\n<p>- Ultrasonically welded seams</p>\n\n<p>This is a unisex item, please check our clothing &amp; footwear sizing guide for specific Rains jacket sizing\n    information. RAINS comes from the rainy nation of Denmark at the edge of the European continent, close to the ocean\n    and with prevailing westerly winds; all factors that contribute to an average of 121 rain days each year. Arising\n    from these rainy weather conditions comes the attitude that a quick rain shower may be beautiful, as well as moody-\n    but first and foremost requires the right outfit. Rains focus on the whole experience of going outside on rainy\n    days, issuing an invitation to explore even in the most mercurial weather.</p>\n','published','[\"products\\/8.jpg\",\"products\\/8-1.jpg\"]','HS-174-A0',0,14,0,1,1,7,0,0,113,85.88,NULL,NULL,17.00,12.00,18.00,558.00,NULL,190131,'2023-01-02 21:22:28','2023-01-02 21:22:30','in_stock',0,'Botble\\ACL\\Models\\User',NULL,'physical'),(9,'Macbook Pro 2015 (Digital)','<p>Short Hooded Coat features a straight body, large pockets with button flaps, ventilation air holes, and a string detail along the hemline.</p>\n<p><img src=\"https://farm66.staticflickr.com/65535/52425495655_3560b8094c_b.jpg\" alt=\"icon\" style=\"height: 15px;\" /> &nbsp;&nbsp; 1 Year AL Jazeera Brand Warranty</p>\n<p><img src=\"https://farm66.staticflickr.com/65535/52425560193_a352c8b12a_b.jpg\" alt=\"icon\" style=\"height: 15px;\" /> &nbsp; 30 Day Return Policy</p>\n<p><img src=\"https://farm66.staticflickr.com/65535/52425327619_16bbe35fbd_b.jpg\" alt=\"icon\" style=\"height: 15px;\" /> Cash on Delivery available</p>\n','<p>Short Hooded Coat features a straight body, large pockets with button flaps, ventilation air holes, and a string\n    detail along the hemline. The style is completed with a drawstring hood, featuring Rains&rsquo; signature built-in\n    cap. Made from waterproof, matte PU, this lightweight unisex rain jacket is an ode to nostalgia through its classic\n    silhouette and utilitarian design details.</p>\n<p>- Casual unisex fit</p>\n\n<p>- 64% polyester, 36% polyurethane</p>\n\n<p>- Water column pressure: 4000 mm</p>\n\n<p>- Model is 187cm tall and wearing a size S / M</p>\n\n<p>- Unisex fit</p>\n\n<p>- Drawstring hood with built-in cap</p>\n\n<p>- Front placket with snap buttons</p>\n\n<p>- Ventilation under armpit</p>\n\n<p>- Adjustable cuffs</p>\n\n<p>- Double welted front pockets</p>\n\n<p>- Adjustable elastic string at hempen</p>\n\n<p>- Ultrasonically welded seams</p>\n\n<p>This is a unisex item, please check our clothing &amp; footwear sizing guide for specific Rains jacket sizing\n    information. RAINS comes from the rainy nation of Denmark at the edge of the European continent, close to the ocean\n    and with prevailing westerly winds; all factors that contribute to an average of 121 rain days each year. Arising\n    from these rainy weather conditions comes the attitude that a quick rain shower may be beautiful, as well as moody-\n    but first and foremost requires the right outfit. Rains focus on the whole experience of going outside on rainy\n    days, issuing an invitation to explore even in the most mercurial weather.</p>\n','published','[\"products\\/9.jpg\",\"products\\/9-1.jpg\"]','HS-198-A0',0,15,0,1,1,6,0,0,114,NULL,NULL,NULL,14.00,19.00,11.00,777.00,NULL,128064,'2023-01-02 21:22:28','2023-01-02 21:22:30','in_stock',0,'Botble\\ACL\\Models\\User',NULL,'digital'),(10,'Macbook Air 12 inch','<p>Short Hooded Coat features a straight body, large pockets with button flaps, ventilation air holes, and a string detail along the hemline.</p>\n<p><img src=\"https://farm66.staticflickr.com/65535/52425495655_3560b8094c_b.jpg\" alt=\"icon\" style=\"height: 15px;\" /> &nbsp;&nbsp; 1 Year AL Jazeera Brand Warranty</p>\n<p><img src=\"https://farm66.staticflickr.com/65535/52425560193_a352c8b12a_b.jpg\" alt=\"icon\" style=\"height: 15px;\" /> &nbsp; 30 Day Return Policy</p>\n<p><img src=\"https://farm66.staticflickr.com/65535/52425327619_16bbe35fbd_b.jpg\" alt=\"icon\" style=\"height: 15px;\" /> Cash on Delivery available</p>\n','<p>Short Hooded Coat features a straight body, large pockets with button flaps, ventilation air holes, and a string\n    detail along the hemline. The style is completed with a drawstring hood, featuring Rains&rsquo; signature built-in\n    cap. Made from waterproof, matte PU, this lightweight unisex rain jacket is an ode to nostalgia through its classic\n    silhouette and utilitarian design details.</p>\n<p>- Casual unisex fit</p>\n\n<p>- 64% polyester, 36% polyurethane</p>\n\n<p>- Water column pressure: 4000 mm</p>\n\n<p>- Model is 187cm tall and wearing a size S / M</p>\n\n<p>- Unisex fit</p>\n\n<p>- Drawstring hood with built-in cap</p>\n\n<p>- Front placket with snap buttons</p>\n\n<p>- Ventilation under armpit</p>\n\n<p>- Adjustable cuffs</p>\n\n<p>- Double welted front pockets</p>\n\n<p>- Adjustable elastic string at hempen</p>\n\n<p>- Ultrasonically welded seams</p>\n\n<p>This is a unisex item, please check our clothing &amp; footwear sizing guide for specific Rains jacket sizing\n    information. RAINS comes from the rainy nation of Denmark at the edge of the European continent, close to the ocean\n    and with prevailing westerly winds; all factors that contribute to an average of 121 rain days each year. Arising\n    from these rainy weather conditions comes the attitude that a quick rain shower may be beautiful, as well as moody-\n    but first and foremost requires the right outfit. Rains focus on the whole experience of going outside on rainy\n    days, issuing an invitation to explore even in the most mercurial weather.</p>\n','published','[\"products\\/10.jpg\",\"products\\/10-1.jpg\"]','HS-180-A0',0,18,0,1,1,1,0,0,234,NULL,NULL,NULL,12.00,13.00,13.00,814.00,NULL,101320,'2023-01-02 21:22:28','2023-01-02 21:22:30','in_stock',0,'Botble\\ACL\\Models\\User',NULL,'physical'),(11,'Apple Watch Serial 7','<p>Short Hooded Coat features a straight body, large pockets with button flaps, ventilation air holes, and a string detail along the hemline.</p>\n<p><img src=\"https://farm66.staticflickr.com/65535/52425495655_3560b8094c_b.jpg\" alt=\"icon\" style=\"height: 15px;\" /> &nbsp;&nbsp; 1 Year AL Jazeera Brand Warranty</p>\n<p><img src=\"https://farm66.staticflickr.com/65535/52425560193_a352c8b12a_b.jpg\" alt=\"icon\" style=\"height: 15px;\" /> &nbsp; 30 Day Return Policy</p>\n<p><img src=\"https://farm66.staticflickr.com/65535/52425327619_16bbe35fbd_b.jpg\" alt=\"icon\" style=\"height: 15px;\" /> Cash on Delivery available</p>\n','<p>Short Hooded Coat features a straight body, large pockets with button flaps, ventilation air holes, and a string\n    detail along the hemline. The style is completed with a drawstring hood, featuring Rains&rsquo; signature built-in\n    cap. Made from waterproof, matte PU, this lightweight unisex rain jacket is an ode to nostalgia through its classic\n    silhouette and utilitarian design details.</p>\n<p>- Casual unisex fit</p>\n\n<p>- 64% polyester, 36% polyurethane</p>\n\n<p>- Water column pressure: 4000 mm</p>\n\n<p>- Model is 187cm tall and wearing a size S / M</p>\n\n<p>- Unisex fit</p>\n\n<p>- Drawstring hood with built-in cap</p>\n\n<p>- Front placket with snap buttons</p>\n\n<p>- Ventilation under armpit</p>\n\n<p>- Adjustable cuffs</p>\n\n<p>- Double welted front pockets</p>\n\n<p>- Adjustable elastic string at hempen</p>\n\n<p>- Ultrasonically welded seams</p>\n\n<p>This is a unisex item, please check our clothing &amp; footwear sizing guide for specific Rains jacket sizing\n    information. RAINS comes from the rainy nation of Denmark at the edge of the European continent, close to the ocean\n    and with prevailing westerly winds; all factors that contribute to an average of 121 rain days each year. Arising\n    from these rainy weather conditions comes the attitude that a quick rain shower may be beautiful, as well as moody-\n    but first and foremost requires the right outfit. Rains focus on the whole experience of going outside on rainy\n    days, issuing an invitation to explore even in the most mercurial weather.</p>\n','published','[\"products\\/11.jpg\",\"products\\/11-1.jpg\"]','HS-101-A0',0,16,0,1,1,1,0,0,114,NULL,NULL,NULL,20.00,17.00,11.00,641.00,NULL,185541,'2023-01-02 21:22:28','2023-01-02 21:22:30','in_stock',0,'Botble\\ACL\\Models\\User',NULL,'physical'),(12,'Macbook Pro 13 inch','<p>Short Hooded Coat features a straight body, large pockets with button flaps, ventilation air holes, and a string detail along the hemline.</p>\n<p><img src=\"https://farm66.staticflickr.com/65535/52425495655_3560b8094c_b.jpg\" alt=\"icon\" style=\"height: 15px;\" /> &nbsp;&nbsp; 1 Year AL Jazeera Brand Warranty</p>\n<p><img src=\"https://farm66.staticflickr.com/65535/52425560193_a352c8b12a_b.jpg\" alt=\"icon\" style=\"height: 15px;\" /> &nbsp; 30 Day Return Policy</p>\n<p><img src=\"https://farm66.staticflickr.com/65535/52425327619_16bbe35fbd_b.jpg\" alt=\"icon\" style=\"height: 15px;\" /> Cash on Delivery available</p>\n','<p>Short Hooded Coat features a straight body, large pockets with button flaps, ventilation air holes, and a string\n    detail along the hemline. The style is completed with a drawstring hood, featuring Rains&rsquo; signature built-in\n    cap. Made from waterproof, matte PU, this lightweight unisex rain jacket is an ode to nostalgia through its classic\n    silhouette and utilitarian design details.</p>\n<p>- Casual unisex fit</p>\n\n<p>- 64% polyester, 36% polyurethane</p>\n\n<p>- Water column pressure: 4000 mm</p>\n\n<p>- Model is 187cm tall and wearing a size S / M</p>\n\n<p>- Unisex fit</p>\n\n<p>- Drawstring hood with built-in cap</p>\n\n<p>- Front placket with snap buttons</p>\n\n<p>- Ventilation under armpit</p>\n\n<p>- Adjustable cuffs</p>\n\n<p>- Double welted front pockets</p>\n\n<p>- Adjustable elastic string at hempen</p>\n\n<p>- Ultrasonically welded seams</p>\n\n<p>This is a unisex item, please check our clothing &amp; footwear sizing guide for specific Rains jacket sizing\n    information. RAINS comes from the rainy nation of Denmark at the edge of the European continent, close to the ocean\n    and with prevailing westerly winds; all factors that contribute to an average of 121 rain days each year. Arising\n    from these rainy weather conditions comes the attitude that a quick rain shower may be beautiful, as well as moody-\n    but first and foremost requires the right outfit. Rains focus on the whole experience of going outside on rainy\n    days, issuing an invitation to explore even in the most mercurial weather.</p>\n','published','[\"products\\/12.jpg\",\"products\\/12-1.jpg\"]','HS-171-A0',0,10,0,1,1,2,0,0,116,92.8,NULL,NULL,17.00,14.00,14.00,868.00,NULL,164055,'2023-01-02 21:22:28','2023-01-02 21:22:30','in_stock',0,'Botble\\ACL\\Models\\User',NULL,'physical'),(13,'Apple Keyboard (Digital)','<p>Short Hooded Coat features a straight body, large pockets with button flaps, ventilation air holes, and a string detail along the hemline.</p>\n<p><img src=\"https://farm66.staticflickr.com/65535/52425495655_3560b8094c_b.jpg\" alt=\"icon\" style=\"height: 15px;\" /> &nbsp;&nbsp; 1 Year AL Jazeera Brand Warranty</p>\n<p><img src=\"https://farm66.staticflickr.com/65535/52425560193_a352c8b12a_b.jpg\" alt=\"icon\" style=\"height: 15px;\" /> &nbsp; 30 Day Return Policy</p>\n<p><img src=\"https://farm66.staticflickr.com/65535/52425327619_16bbe35fbd_b.jpg\" alt=\"icon\" style=\"height: 15px;\" /> Cash on Delivery available</p>\n','<p>Short Hooded Coat features a straight body, large pockets with button flaps, ventilation air holes, and a string\n    detail along the hemline. The style is completed with a drawstring hood, featuring Rains&rsquo; signature built-in\n    cap. Made from waterproof, matte PU, this lightweight unisex rain jacket is an ode to nostalgia through its classic\n    silhouette and utilitarian design details.</p>\n<p>- Casual unisex fit</p>\n\n<p>- 64% polyester, 36% polyurethane</p>\n\n<p>- Water column pressure: 4000 mm</p>\n\n<p>- Model is 187cm tall and wearing a size S / M</p>\n\n<p>- Unisex fit</p>\n\n<p>- Drawstring hood with built-in cap</p>\n\n<p>- Front placket with snap buttons</p>\n\n<p>- Ventilation under armpit</p>\n\n<p>- Adjustable cuffs</p>\n\n<p>- Double welted front pockets</p>\n\n<p>- Adjustable elastic string at hempen</p>\n\n<p>- Ultrasonically welded seams</p>\n\n<p>This is a unisex item, please check our clothing &amp; footwear sizing guide for specific Rains jacket sizing\n    information. RAINS comes from the rainy nation of Denmark at the edge of the European continent, close to the ocean\n    and with prevailing westerly winds; all factors that contribute to an average of 121 rain days each year. Arising\n    from these rainy weather conditions comes the attitude that a quick rain shower may be beautiful, as well as moody-\n    but first and foremost requires the right outfit. Rains focus on the whole experience of going outside on rainy\n    days, issuing an invitation to explore even in the most mercurial weather.</p>\n','published','[\"products\\/13.jpg\",\"products\\/13-1.jpg\"]','HS-100-A0',0,15,0,1,1,2,0,0,123,NULL,NULL,NULL,18.00,19.00,16.00,695.00,NULL,155678,'2023-01-02 21:22:28','2023-01-02 21:22:30','in_stock',0,'Botble\\ACL\\Models\\User',NULL,'digital'),(14,'MacSafe 80W','<p>Short Hooded Coat features a straight body, large pockets with button flaps, ventilation air holes, and a string detail along the hemline.</p>\n<p><img src=\"https://farm66.staticflickr.com/65535/52425495655_3560b8094c_b.jpg\" alt=\"icon\" style=\"height: 15px;\" /> &nbsp;&nbsp; 1 Year AL Jazeera Brand Warranty</p>\n<p><img src=\"https://farm66.staticflickr.com/65535/52425560193_a352c8b12a_b.jpg\" alt=\"icon\" style=\"height: 15px;\" /> &nbsp; 30 Day Return Policy</p>\n<p><img src=\"https://farm66.staticflickr.com/65535/52425327619_16bbe35fbd_b.jpg\" alt=\"icon\" style=\"height: 15px;\" /> Cash on Delivery available</p>\n','<p>Short Hooded Coat features a straight body, large pockets with button flaps, ventilation air holes, and a string\n    detail along the hemline. The style is completed with a drawstring hood, featuring Rains&rsquo; signature built-in\n    cap. Made from waterproof, matte PU, this lightweight unisex rain jacket is an ode to nostalgia through its classic\n    silhouette and utilitarian design details.</p>\n<p>- Casual unisex fit</p>\n\n<p>- 64% polyester, 36% polyurethane</p>\n\n<p>- Water column pressure: 4000 mm</p>\n\n<p>- Model is 187cm tall and wearing a size S / M</p>\n\n<p>- Unisex fit</p>\n\n<p>- Drawstring hood with built-in cap</p>\n\n<p>- Front placket with snap buttons</p>\n\n<p>- Ventilation under armpit</p>\n\n<p>- Adjustable cuffs</p>\n\n<p>- Double welted front pockets</p>\n\n<p>- Adjustable elastic string at hempen</p>\n\n<p>- Ultrasonically welded seams</p>\n\n<p>This is a unisex item, please check our clothing &amp; footwear sizing guide for specific Rains jacket sizing\n    information. RAINS comes from the rainy nation of Denmark at the edge of the European continent, close to the ocean\n    and with prevailing westerly winds; all factors that contribute to an average of 121 rain days each year. Arising\n    from these rainy weather conditions comes the attitude that a quick rain shower may be beautiful, as well as moody-\n    but first and foremost requires the right outfit. Rains focus on the whole experience of going outside on rainy\n    days, issuing an invitation to explore even in the most mercurial weather.</p>\n','published','[\"products\\/14.jpg\",\"products\\/14-1.jpg\"]','HS-193-A0',0,13,0,1,1,6,0,0,115,NULL,NULL,NULL,12.00,16.00,13.00,714.00,NULL,17531,'2023-01-02 21:22:28','2023-01-02 21:22:30','in_stock',0,'Botble\\ACL\\Models\\User',NULL,'physical'),(15,'Hand playstation','<p>Short Hooded Coat features a straight body, large pockets with button flaps, ventilation air holes, and a string detail along the hemline.</p>\n<p><img src=\"https://farm66.staticflickr.com/65535/52425495655_3560b8094c_b.jpg\" alt=\"icon\" style=\"height: 15px;\" /> &nbsp;&nbsp; 1 Year AL Jazeera Brand Warranty</p>\n<p><img src=\"https://farm66.staticflickr.com/65535/52425560193_a352c8b12a_b.jpg\" alt=\"icon\" style=\"height: 15px;\" /> &nbsp; 30 Day Return Policy</p>\n<p><img src=\"https://farm66.staticflickr.com/65535/52425327619_16bbe35fbd_b.jpg\" alt=\"icon\" style=\"height: 15px;\" /> Cash on Delivery available</p>\n','<p>Short Hooded Coat features a straight body, large pockets with button flaps, ventilation air holes, and a string\n    detail along the hemline. The style is completed with a drawstring hood, featuring Rains&rsquo; signature built-in\n    cap. Made from waterproof, matte PU, this lightweight unisex rain jacket is an ode to nostalgia through its classic\n    silhouette and utilitarian design details.</p>\n<p>- Casual unisex fit</p>\n\n<p>- 64% polyester, 36% polyurethane</p>\n\n<p>- Water column pressure: 4000 mm</p>\n\n<p>- Model is 187cm tall and wearing a size S / M</p>\n\n<p>- Unisex fit</p>\n\n<p>- Drawstring hood with built-in cap</p>\n\n<p>- Front placket with snap buttons</p>\n\n<p>- Ventilation under armpit</p>\n\n<p>- Adjustable cuffs</p>\n\n<p>- Double welted front pockets</p>\n\n<p>- Adjustable elastic string at hempen</p>\n\n<p>- Ultrasonically welded seams</p>\n\n<p>This is a unisex item, please check our clothing &amp; footwear sizing guide for specific Rains jacket sizing\n    information. RAINS comes from the rainy nation of Denmark at the edge of the European continent, close to the ocean\n    and with prevailing westerly winds; all factors that contribute to an average of 121 rain days each year. Arising\n    from these rainy weather conditions comes the attitude that a quick rain shower may be beautiful, as well as moody-\n    but first and foremost requires the right outfit. Rains focus on the whole experience of going outside on rainy\n    days, issuing an invitation to explore even in the most mercurial weather.</p>\n','published','[\"products\\/15.jpg\",\"products\\/15-1.jpg\"]','HS-138-A0',0,14,0,1,1,6,0,0,130,NULL,NULL,NULL,20.00,15.00,18.00,663.00,NULL,47533,'2023-01-02 21:22:28','2023-01-02 21:22:30','in_stock',0,'Botble\\ACL\\Models\\User',NULL,'physical'),(16,'Apple Airpods Serial 3','<p>Short Hooded Coat features a straight body, large pockets with button flaps, ventilation air holes, and a string detail along the hemline.</p>\n<p><img src=\"https://farm66.staticflickr.com/65535/52425495655_3560b8094c_b.jpg\" alt=\"icon\" style=\"height: 15px;\" /> &nbsp;&nbsp; 1 Year AL Jazeera Brand Warranty</p>\n<p><img src=\"https://farm66.staticflickr.com/65535/52425560193_a352c8b12a_b.jpg\" alt=\"icon\" style=\"height: 15px;\" /> &nbsp; 30 Day Return Policy</p>\n<p><img src=\"https://farm66.staticflickr.com/65535/52425327619_16bbe35fbd_b.jpg\" alt=\"icon\" style=\"height: 15px;\" /> Cash on Delivery available</p>\n','<p>Short Hooded Coat features a straight body, large pockets with button flaps, ventilation air holes, and a string\n    detail along the hemline. The style is completed with a drawstring hood, featuring Rains&rsquo; signature built-in\n    cap. Made from waterproof, matte PU, this lightweight unisex rain jacket is an ode to nostalgia through its classic\n    silhouette and utilitarian design details.</p>\n<p>- Casual unisex fit</p>\n\n<p>- 64% polyester, 36% polyurethane</p>\n\n<p>- Water column pressure: 4000 mm</p>\n\n<p>- Model is 187cm tall and wearing a size S / M</p>\n\n<p>- Unisex fit</p>\n\n<p>- Drawstring hood with built-in cap</p>\n\n<p>- Front placket with snap buttons</p>\n\n<p>- Ventilation under armpit</p>\n\n<p>- Adjustable cuffs</p>\n\n<p>- Double welted front pockets</p>\n\n<p>- Adjustable elastic string at hempen</p>\n\n<p>- Ultrasonically welded seams</p>\n\n<p>This is a unisex item, please check our clothing &amp; footwear sizing guide for specific Rains jacket sizing\n    information. RAINS comes from the rainy nation of Denmark at the edge of the European continent, close to the ocean\n    and with prevailing westerly winds; all factors that contribute to an average of 121 rain days each year. Arising\n    from these rainy weather conditions comes the attitude that a quick rain shower may be beautiful, as well as moody-\n    but first and foremost requires the right outfit. Rains focus on the whole experience of going outside on rainy\n    days, issuing an invitation to explore even in the most mercurial weather.</p>\n','published','[\"products\\/16.jpg\"]','HS-136-A0',0,12,0,1,1,7,0,0,112,97.44,NULL,NULL,20.00,12.00,16.00,873.00,NULL,115300,'2023-01-02 21:22:28','2023-01-02 21:22:30','in_stock',0,'Botble\\ACL\\Models\\User',NULL,'physical'),(17,'Cool Smart Watches (Digital)','<p>Short Hooded Coat features a straight body, large pockets with button flaps, ventilation air holes, and a string detail along the hemline.</p>\n<p><img src=\"https://farm66.staticflickr.com/65535/52425495655_3560b8094c_b.jpg\" alt=\"icon\" style=\"height: 15px;\" /> &nbsp;&nbsp; 1 Year AL Jazeera Brand Warranty</p>\n<p><img src=\"https://farm66.staticflickr.com/65535/52425560193_a352c8b12a_b.jpg\" alt=\"icon\" style=\"height: 15px;\" /> &nbsp; 30 Day Return Policy</p>\n<p><img src=\"https://farm66.staticflickr.com/65535/52425327619_16bbe35fbd_b.jpg\" alt=\"icon\" style=\"height: 15px;\" /> Cash on Delivery available</p>\n','<p>Short Hooded Coat features a straight body, large pockets with button flaps, ventilation air holes, and a string\n    detail along the hemline. The style is completed with a drawstring hood, featuring Rains&rsquo; signature built-in\n    cap. Made from waterproof, matte PU, this lightweight unisex rain jacket is an ode to nostalgia through its classic\n    silhouette and utilitarian design details.</p>\n<p>- Casual unisex fit</p>\n\n<p>- 64% polyester, 36% polyurethane</p>\n\n<p>- Water column pressure: 4000 mm</p>\n\n<p>- Model is 187cm tall and wearing a size S / M</p>\n\n<p>- Unisex fit</p>\n\n<p>- Drawstring hood with built-in cap</p>\n\n<p>- Front placket with snap buttons</p>\n\n<p>- Ventilation under armpit</p>\n\n<p>- Adjustable cuffs</p>\n\n<p>- Double welted front pockets</p>\n\n<p>- Adjustable elastic string at hempen</p>\n\n<p>- Ultrasonically welded seams</p>\n\n<p>This is a unisex item, please check our clothing &amp; footwear sizing guide for specific Rains jacket sizing\n    information. RAINS comes from the rainy nation of Denmark at the edge of the European continent, close to the ocean\n    and with prevailing westerly winds; all factors that contribute to an average of 121 rain days each year. Arising\n    from these rainy weather conditions comes the attitude that a quick rain shower may be beautiful, as well as moody-\n    but first and foremost requires the right outfit. Rains focus on the whole experience of going outside on rainy\n    days, issuing an invitation to explore even in the most mercurial weather.</p>\n','published','[\"products\\/17.jpg\"]','HS-154-A0',0,12,0,1,1,2,0,0,110,NULL,NULL,NULL,12.00,16.00,17.00,892.00,NULL,36983,'2023-01-02 21:22:29','2023-01-02 21:22:30','in_stock',0,'Botble\\ACL\\Models\\User',NULL,'digital'),(18,'Black Smart Watches','<p>Short Hooded Coat features a straight body, large pockets with button flaps, ventilation air holes, and a string detail along the hemline.</p>\n<p><img src=\"https://farm66.staticflickr.com/65535/52425495655_3560b8094c_b.jpg\" alt=\"icon\" style=\"height: 15px;\" /> &nbsp;&nbsp; 1 Year AL Jazeera Brand Warranty</p>\n<p><img src=\"https://farm66.staticflickr.com/65535/52425560193_a352c8b12a_b.jpg\" alt=\"icon\" style=\"height: 15px;\" /> &nbsp; 30 Day Return Policy</p>\n<p><img src=\"https://farm66.staticflickr.com/65535/52425327619_16bbe35fbd_b.jpg\" alt=\"icon\" style=\"height: 15px;\" /> Cash on Delivery available</p>\n','<p>Short Hooded Coat features a straight body, large pockets with button flaps, ventilation air holes, and a string\n    detail along the hemline. The style is completed with a drawstring hood, featuring Rains&rsquo; signature built-in\n    cap. Made from waterproof, matte PU, this lightweight unisex rain jacket is an ode to nostalgia through its classic\n    silhouette and utilitarian design details.</p>\n<p>- Casual unisex fit</p>\n\n<p>- 64% polyester, 36% polyurethane</p>\n\n<p>- Water column pressure: 4000 mm</p>\n\n<p>- Model is 187cm tall and wearing a size S / M</p>\n\n<p>- Unisex fit</p>\n\n<p>- Drawstring hood with built-in cap</p>\n\n<p>- Front placket with snap buttons</p>\n\n<p>- Ventilation under armpit</p>\n\n<p>- Adjustable cuffs</p>\n\n<p>- Double welted front pockets</p>\n\n<p>- Adjustable elastic string at hempen</p>\n\n<p>- Ultrasonically welded seams</p>\n\n<p>This is a unisex item, please check our clothing &amp; footwear sizing guide for specific Rains jacket sizing\n    information. RAINS comes from the rainy nation of Denmark at the edge of the European continent, close to the ocean\n    and with prevailing westerly winds; all factors that contribute to an average of 121 rain days each year. Arising\n    from these rainy weather conditions comes the attitude that a quick rain shower may be beautiful, as well as moody-\n    but first and foremost requires the right outfit. Rains focus on the whole experience of going outside on rainy\n    days, issuing an invitation to explore even in the most mercurial weather.</p>\n','published','[\"products\\/18.jpg\",\"products\\/18-1.jpg\",\"products\\/18-2.jpg\"]','HS-175-A0',0,14,0,1,1,5,0,0,119,NULL,NULL,NULL,10.00,18.00,10.00,716.00,NULL,197037,'2023-01-02 21:22:29','2023-01-02 21:22:30','in_stock',0,'Botble\\ACL\\Models\\User',NULL,'physical'),(19,'Leather Watch Band Serial 3','<p>Short Hooded Coat features a straight body, large pockets with button flaps, ventilation air holes, and a string detail along the hemline.</p>\n<p><img src=\"https://farm66.staticflickr.com/65535/52425495655_3560b8094c_b.jpg\" alt=\"icon\" style=\"height: 15px;\" /> &nbsp;&nbsp; 1 Year AL Jazeera Brand Warranty</p>\n<p><img src=\"https://farm66.staticflickr.com/65535/52425560193_a352c8b12a_b.jpg\" alt=\"icon\" style=\"height: 15px;\" /> &nbsp; 30 Day Return Policy</p>\n<p><img src=\"https://farm66.staticflickr.com/65535/52425327619_16bbe35fbd_b.jpg\" alt=\"icon\" style=\"height: 15px;\" /> Cash on Delivery available</p>\n','<p>Short Hooded Coat features a straight body, large pockets with button flaps, ventilation air holes, and a string\n    detail along the hemline. The style is completed with a drawstring hood, featuring Rains&rsquo; signature built-in\n    cap. Made from waterproof, matte PU, this lightweight unisex rain jacket is an ode to nostalgia through its classic\n    silhouette and utilitarian design details.</p>\n<p>- Casual unisex fit</p>\n\n<p>- 64% polyester, 36% polyurethane</p>\n\n<p>- Water column pressure: 4000 mm</p>\n\n<p>- Model is 187cm tall and wearing a size S / M</p>\n\n<p>- Unisex fit</p>\n\n<p>- Drawstring hood with built-in cap</p>\n\n<p>- Front placket with snap buttons</p>\n\n<p>- Ventilation under armpit</p>\n\n<p>- Adjustable cuffs</p>\n\n<p>- Double welted front pockets</p>\n\n<p>- Adjustable elastic string at hempen</p>\n\n<p>- Ultrasonically welded seams</p>\n\n<p>This is a unisex item, please check our clothing &amp; footwear sizing guide for specific Rains jacket sizing\n    information. RAINS comes from the rainy nation of Denmark at the edge of the European continent, close to the ocean\n    and with prevailing westerly winds; all factors that contribute to an average of 121 rain days each year. Arising\n    from these rainy weather conditions comes the attitude that a quick rain shower may be beautiful, as well as moody-\n    but first and foremost requires the right outfit. Rains focus on the whole experience of going outside on rainy\n    days, issuing an invitation to explore even in the most mercurial weather.</p>\n','published','[\"products\\/19.jpg\",\"products\\/19-1.jpg\"]','HS-118-A0',0,20,0,1,1,1,0,0,116,NULL,NULL,NULL,18.00,17.00,14.00,504.00,NULL,172172,'2023-01-02 21:22:29','2023-01-02 21:22:30','in_stock',0,'Botble\\ACL\\Models\\User',NULL,'physical'),(20,'Macbook Pro 2015 13 inch','<p>Short Hooded Coat features a straight body, large pockets with button flaps, ventilation air holes, and a string detail along the hemline.</p>\n<p><img src=\"https://farm66.staticflickr.com/65535/52425495655_3560b8094c_b.jpg\" alt=\"icon\" style=\"height: 15px;\" /> &nbsp;&nbsp; 1 Year AL Jazeera Brand Warranty</p>\n<p><img src=\"https://farm66.staticflickr.com/65535/52425560193_a352c8b12a_b.jpg\" alt=\"icon\" style=\"height: 15px;\" /> &nbsp; 30 Day Return Policy</p>\n<p><img src=\"https://farm66.staticflickr.com/65535/52425327619_16bbe35fbd_b.jpg\" alt=\"icon\" style=\"height: 15px;\" /> Cash on Delivery available</p>\n','<p>Short Hooded Coat features a straight body, large pockets with button flaps, ventilation air holes, and a string\n    detail along the hemline. The style is completed with a drawstring hood, featuring Rains&rsquo; signature built-in\n    cap. Made from waterproof, matte PU, this lightweight unisex rain jacket is an ode to nostalgia through its classic\n    silhouette and utilitarian design details.</p>\n<p>- Casual unisex fit</p>\n\n<p>- 64% polyester, 36% polyurethane</p>\n\n<p>- Water column pressure: 4000 mm</p>\n\n<p>- Model is 187cm tall and wearing a size S / M</p>\n\n<p>- Unisex fit</p>\n\n<p>- Drawstring hood with built-in cap</p>\n\n<p>- Front placket with snap buttons</p>\n\n<p>- Ventilation under armpit</p>\n\n<p>- Adjustable cuffs</p>\n\n<p>- Double welted front pockets</p>\n\n<p>- Adjustable elastic string at hempen</p>\n\n<p>- Ultrasonically welded seams</p>\n\n<p>This is a unisex item, please check our clothing &amp; footwear sizing guide for specific Rains jacket sizing\n    information. RAINS comes from the rainy nation of Denmark at the edge of the European continent, close to the ocean\n    and with prevailing westerly winds; all factors that contribute to an average of 121 rain days each year. Arising\n    from these rainy weather conditions comes the attitude that a quick rain shower may be beautiful, as well as moody-\n    but first and foremost requires the right outfit. Rains focus on the whole experience of going outside on rainy\n    days, issuing an invitation to explore even in the most mercurial weather.</p>\n','published','[\"products\\/20.jpg\",\"products\\/20-1.jpg\"]','HS-151-A0',0,20,0,1,1,5,0,0,130,106.6,NULL,NULL,13.00,17.00,15.00,541.00,NULL,37455,'2023-01-02 21:22:29','2023-01-02 21:22:30','in_stock',0,'Botble\\ACL\\Models\\User',NULL,'physical'),(21,'Historic Alarm Clock (Digital)','<p>Short Hooded Coat features a straight body, large pockets with button flaps, ventilation air holes, and a string detail along the hemline.</p>\n<p><img src=\"https://farm66.staticflickr.com/65535/52425495655_3560b8094c_b.jpg\" alt=\"icon\" style=\"height: 15px;\" /> &nbsp;&nbsp; 1 Year AL Jazeera Brand Warranty</p>\n<p><img src=\"https://farm66.staticflickr.com/65535/52425560193_a352c8b12a_b.jpg\" alt=\"icon\" style=\"height: 15px;\" /> &nbsp; 30 Day Return Policy</p>\n<p><img src=\"https://farm66.staticflickr.com/65535/52425327619_16bbe35fbd_b.jpg\" alt=\"icon\" style=\"height: 15px;\" /> Cash on Delivery available</p>\n','<p>Short Hooded Coat features a straight body, large pockets with button flaps, ventilation air holes, and a string\n    detail along the hemline. The style is completed with a drawstring hood, featuring Rains&rsquo; signature built-in\n    cap. Made from waterproof, matte PU, this lightweight unisex rain jacket is an ode to nostalgia through its classic\n    silhouette and utilitarian design details.</p>\n<p>- Casual unisex fit</p>\n\n<p>- 64% polyester, 36% polyurethane</p>\n\n<p>- Water column pressure: 4000 mm</p>\n\n<p>- Model is 187cm tall and wearing a size S / M</p>\n\n<p>- Unisex fit</p>\n\n<p>- Drawstring hood with built-in cap</p>\n\n<p>- Front placket with snap buttons</p>\n\n<p>- Ventilation under armpit</p>\n\n<p>- Adjustable cuffs</p>\n\n<p>- Double welted front pockets</p>\n\n<p>- Adjustable elastic string at hempen</p>\n\n<p>- Ultrasonically welded seams</p>\n\n<p>This is a unisex item, please check our clothing &amp; footwear sizing guide for specific Rains jacket sizing\n    information. RAINS comes from the rainy nation of Denmark at the edge of the European continent, close to the ocean\n    and with prevailing westerly winds; all factors that contribute to an average of 121 rain days each year. Arising\n    from these rainy weather conditions comes the attitude that a quick rain shower may be beautiful, as well as moody-\n    but first and foremost requires the right outfit. Rains focus on the whole experience of going outside on rainy\n    days, issuing an invitation to explore even in the most mercurial weather.</p>\n','published','[\"products\\/21.jpg\",\"products\\/21-1.jpg\"]','HS-169-A0',0,11,0,1,1,1,0,0,112,NULL,NULL,NULL,10.00,14.00,14.00,567.00,NULL,130693,'2023-01-02 21:22:29','2023-01-02 21:22:30','in_stock',0,'Botble\\ACL\\Models\\User',NULL,'digital'),(22,'Black Glasses','<p>Short Hooded Coat features a straight body, large pockets with button flaps, ventilation air holes, and a string detail along the hemline.</p>\n<p><img src=\"https://farm66.staticflickr.com/65535/52425495655_3560b8094c_b.jpg\" alt=\"icon\" style=\"height: 15px;\" /> &nbsp;&nbsp; 1 Year AL Jazeera Brand Warranty</p>\n<p><img src=\"https://farm66.staticflickr.com/65535/52425560193_a352c8b12a_b.jpg\" alt=\"icon\" style=\"height: 15px;\" /> &nbsp; 30 Day Return Policy</p>\n<p><img src=\"https://farm66.staticflickr.com/65535/52425327619_16bbe35fbd_b.jpg\" alt=\"icon\" style=\"height: 15px;\" /> Cash on Delivery available</p>\n','<p>Short Hooded Coat features a straight body, large pockets with button flaps, ventilation air holes, and a string\n    detail along the hemline. The style is completed with a drawstring hood, featuring Rains&rsquo; signature built-in\n    cap. Made from waterproof, matte PU, this lightweight unisex rain jacket is an ode to nostalgia through its classic\n    silhouette and utilitarian design details.</p>\n<p>- Casual unisex fit</p>\n\n<p>- 64% polyester, 36% polyurethane</p>\n\n<p>- Water column pressure: 4000 mm</p>\n\n<p>- Model is 187cm tall and wearing a size S / M</p>\n\n<p>- Unisex fit</p>\n\n<p>- Drawstring hood with built-in cap</p>\n\n<p>- Front placket with snap buttons</p>\n\n<p>- Ventilation under armpit</p>\n\n<p>- Adjustable cuffs</p>\n\n<p>- Double welted front pockets</p>\n\n<p>- Adjustable elastic string at hempen</p>\n\n<p>- Ultrasonically welded seams</p>\n\n<p>This is a unisex item, please check our clothing &amp; footwear sizing guide for specific Rains jacket sizing\n    information. RAINS comes from the rainy nation of Denmark at the edge of the European continent, close to the ocean\n    and with prevailing westerly winds; all factors that contribute to an average of 121 rain days each year. Arising\n    from these rainy weather conditions comes the attitude that a quick rain shower may be beautiful, as well as moody-\n    but first and foremost requires the right outfit. Rains focus on the whole experience of going outside on rainy\n    days, issuing an invitation to explore even in the most mercurial weather.</p>\n','published','[\"products\\/22.jpg\",\"products\\/22-1.jpg\"]','HS-200-A0',0,12,0,1,1,7,0,0,113,NULL,NULL,NULL,20.00,12.00,13.00,513.00,NULL,58363,'2023-01-02 21:22:29','2023-01-02 21:22:30','in_stock',0,'Botble\\ACL\\Models\\User',NULL,'physical'),(23,'Phillips Mouse','<p>Short Hooded Coat features a straight body, large pockets with button flaps, ventilation air holes, and a string detail along the hemline.</p>\n<p><img src=\"https://farm66.staticflickr.com/65535/52425495655_3560b8094c_b.jpg\" alt=\"icon\" style=\"height: 15px;\" /> &nbsp;&nbsp; 1 Year AL Jazeera Brand Warranty</p>\n<p><img src=\"https://farm66.staticflickr.com/65535/52425560193_a352c8b12a_b.jpg\" alt=\"icon\" style=\"height: 15px;\" /> &nbsp; 30 Day Return Policy</p>\n<p><img src=\"https://farm66.staticflickr.com/65535/52425327619_16bbe35fbd_b.jpg\" alt=\"icon\" style=\"height: 15px;\" /> Cash on Delivery available</p>\n','<p>Short Hooded Coat features a straight body, large pockets with button flaps, ventilation air holes, and a string\n    detail along the hemline. The style is completed with a drawstring hood, featuring Rains&rsquo; signature built-in\n    cap. Made from waterproof, matte PU, this lightweight unisex rain jacket is an ode to nostalgia through its classic\n    silhouette and utilitarian design details.</p>\n<p>- Casual unisex fit</p>\n\n<p>- 64% polyester, 36% polyurethane</p>\n\n<p>- Water column pressure: 4000 mm</p>\n\n<p>- Model is 187cm tall and wearing a size S / M</p>\n\n<p>- Unisex fit</p>\n\n<p>- Drawstring hood with built-in cap</p>\n\n<p>- Front placket with snap buttons</p>\n\n<p>- Ventilation under armpit</p>\n\n<p>- Adjustable cuffs</p>\n\n<p>- Double welted front pockets</p>\n\n<p>- Adjustable elastic string at hempen</p>\n\n<p>- Ultrasonically welded seams</p>\n\n<p>This is a unisex item, please check our clothing &amp; footwear sizing guide for specific Rains jacket sizing\n    information. RAINS comes from the rainy nation of Denmark at the edge of the European continent, close to the ocean\n    and with prevailing westerly winds; all factors that contribute to an average of 121 rain days each year. Arising\n    from these rainy weather conditions comes the attitude that a quick rain shower may be beautiful, as well as moody-\n    but first and foremost requires the right outfit. Rains focus on the whole experience of going outside on rainy\n    days, issuing an invitation to explore even in the most mercurial weather.</p>\n','published','[\"products\\/23.jpg\",\"products\\/23-1.jpg\"]','HS-166-A0',0,13,0,1,1,1,0,0,125,NULL,NULL,NULL,12.00,11.00,11.00,782.00,NULL,50770,'2023-01-02 21:22:29','2023-01-02 21:22:30','in_stock',0,'Botble\\ACL\\Models\\User',NULL,'physical'),(24,'Gaming Keyboard','<p>Short Hooded Coat features a straight body, large pockets with button flaps, ventilation air holes, and a string detail along the hemline.</p>\n<p><img src=\"https://farm66.staticflickr.com/65535/52425495655_3560b8094c_b.jpg\" alt=\"icon\" style=\"height: 15px;\" /> &nbsp;&nbsp; 1 Year AL Jazeera Brand Warranty</p>\n<p><img src=\"https://farm66.staticflickr.com/65535/52425560193_a352c8b12a_b.jpg\" alt=\"icon\" style=\"height: 15px;\" /> &nbsp; 30 Day Return Policy</p>\n<p><img src=\"https://farm66.staticflickr.com/65535/52425327619_16bbe35fbd_b.jpg\" alt=\"icon\" style=\"height: 15px;\" /> Cash on Delivery available</p>\n','<p>Short Hooded Coat features a straight body, large pockets with button flaps, ventilation air holes, and a string\n    detail along the hemline. The style is completed with a drawstring hood, featuring Rains&rsquo; signature built-in\n    cap. Made from waterproof, matte PU, this lightweight unisex rain jacket is an ode to nostalgia through its classic\n    silhouette and utilitarian design details.</p>\n<p>- Casual unisex fit</p>\n\n<p>- 64% polyester, 36% polyurethane</p>\n\n<p>- Water column pressure: 4000 mm</p>\n\n<p>- Model is 187cm tall and wearing a size S / M</p>\n\n<p>- Unisex fit</p>\n\n<p>- Drawstring hood with built-in cap</p>\n\n<p>- Front placket with snap buttons</p>\n\n<p>- Ventilation under armpit</p>\n\n<p>- Adjustable cuffs</p>\n\n<p>- Double welted front pockets</p>\n\n<p>- Adjustable elastic string at hempen</p>\n\n<p>- Ultrasonically welded seams</p>\n\n<p>This is a unisex item, please check our clothing &amp; footwear sizing guide for specific Rains jacket sizing\n    information. RAINS comes from the rainy nation of Denmark at the edge of the European continent, close to the ocean\n    and with prevailing westerly winds; all factors that contribute to an average of 121 rain days each year. Arising\n    from these rainy weather conditions comes the attitude that a quick rain shower may be beautiful, as well as moody-\n    but first and foremost requires the right outfit. Rains focus on the whole experience of going outside on rainy\n    days, issuing an invitation to explore even in the most mercurial weather.</p>\n','published','[\"products\\/24.jpg\",\"products\\/24-1.jpg\"]','HS-192-A0',0,18,0,1,1,1,0,0,124,94.24,NULL,NULL,18.00,16.00,11.00,538.00,NULL,188212,'2023-01-02 21:22:29','2023-01-02 21:22:30','in_stock',0,'Botble\\ACL\\Models\\User',NULL,'physical'),(25,'Smart Home Speaker (Digital)',NULL,NULL,'published','[\"products\\/1.jpg\"]','HS-162-A0',0,20,0,1,0,6,1,0,439,NULL,NULL,NULL,11.00,12.00,12.00,885.00,NULL,0,'2023-01-02 21:22:29','2023-01-02 21:22:29','in_stock',0,'Botble\\ACL\\Models\\User',NULL,'digital'),(26,'Smart Home Speaker (Digital)',NULL,NULL,'published','[\"products\\/1-1.jpg\"]','HS-162-A0-A1',0,20,0,1,0,6,1,0,439,NULL,NULL,NULL,11.00,12.00,12.00,885.00,NULL,0,'2023-01-02 21:22:29','2023-01-02 21:22:29','in_stock',0,'Botble\\ACL\\Models\\User',NULL,'digital'),(27,'Smart Home Speaker (Digital)',NULL,NULL,'published','[\"products\\/1-2.jpg\"]','HS-162-A0-A2',0,20,0,1,0,6,1,0,439,NULL,NULL,NULL,11.00,12.00,12.00,885.00,NULL,0,'2023-01-02 21:22:29','2023-01-02 21:22:29','in_stock',0,'Botble\\ACL\\Models\\User',NULL,'digital'),(28,'Headphone Ultra Bass',NULL,NULL,'published','[\"products\\/2.jpg\"]','HS-140-A0',0,19,0,1,0,7,1,0,298,NULL,NULL,NULL,18.00,19.00,12.00,590.00,NULL,0,'2023-01-02 21:22:29','2023-01-02 21:22:29','in_stock',0,'Botble\\ACL\\Models\\User',NULL,'physical'),(29,'Headphone Ultra Bass',NULL,NULL,'published','[\"products\\/2-1.jpg\"]','HS-140-A0-A1',0,19,0,1,0,7,1,0,298,NULL,NULL,NULL,18.00,19.00,12.00,590.00,NULL,0,'2023-01-02 21:22:29','2023-01-02 21:22:29','in_stock',0,'Botble\\ACL\\Models\\User',NULL,'physical'),(30,'Headphone Ultra Bass',NULL,NULL,'published','[\"products\\/2-2.jpg\"]','HS-140-A0-A2',0,19,0,1,0,7,1,0,298,NULL,NULL,NULL,18.00,19.00,12.00,590.00,NULL,0,'2023-01-02 21:22:29','2023-01-02 21:22:29','in_stock',0,'Botble\\ACL\\Models\\User',NULL,'physical'),(31,'Boxed - Bluetooth Headphone',NULL,NULL,'published','[\"products\\/3.jpg\"]','HS-191-A0',0,17,0,1,0,1,1,0,358,NULL,NULL,NULL,12.00,18.00,20.00,629.00,NULL,0,'2023-01-02 21:22:29','2023-01-02 21:22:29','in_stock',0,'Botble\\ACL\\Models\\User',NULL,'physical'),(32,'Boxed - Bluetooth Headphone',NULL,NULL,'published','[\"products\\/3-1.jpg\"]','HS-191-A0-A1',0,17,0,1,0,1,1,0,358,NULL,NULL,NULL,12.00,18.00,20.00,629.00,NULL,0,'2023-01-02 21:22:29','2023-01-02 21:22:29','in_stock',0,'Botble\\ACL\\Models\\User',NULL,'physical'),(33,'Boxed - Bluetooth Headphone',NULL,NULL,'published','[\"products\\/3-2.jpg\"]','HS-191-A0-A2',0,17,0,1,0,1,1,0,358,NULL,NULL,NULL,12.00,18.00,20.00,629.00,NULL,0,'2023-01-02 21:22:29','2023-01-02 21:22:29','in_stock',0,'Botble\\ACL\\Models\\User',NULL,'physical'),(34,'Boxed - Bluetooth Headphone',NULL,NULL,'published','[\"products\\/3-3.jpg\"]','HS-191-A0-A3',0,17,0,1,0,1,1,0,358,NULL,NULL,NULL,12.00,18.00,20.00,629.00,NULL,0,'2023-01-02 21:22:29','2023-01-02 21:22:29','in_stock',0,'Botble\\ACL\\Models\\User',NULL,'physical'),(35,'Chikie - Bluetooth Speaker',NULL,NULL,'published','[\"products\\/4.jpg\"]','HS-189-A0',0,20,0,1,0,7,1,0,76,55.48,NULL,NULL,18.00,10.00,19.00,798.00,NULL,0,'2023-01-02 21:22:29','2023-01-02 21:22:30','in_stock',0,'Botble\\ACL\\Models\\User',NULL,'physical'),(36,'Chikie - Bluetooth Speaker',NULL,NULL,'published','[\"products\\/4-1.jpg\"]','HS-189-A0-A1',0,20,0,1,0,7,1,0,76,58.52,NULL,NULL,18.00,10.00,19.00,798.00,NULL,0,'2023-01-02 21:22:30','2023-01-02 21:22:30','in_stock',0,'Botble\\ACL\\Models\\User',NULL,'physical'),(37,'Camera Hikvision HK-35VS8 (Digital)',NULL,NULL,'published','[\"products\\/5.jpg\"]','HS-118-A0',0,15,0,1,0,2,1,0,40,NULL,NULL,NULL,12.00,11.00,19.00,760.00,NULL,0,'2023-01-02 21:22:30','2023-01-02 21:22:30','in_stock',0,'Botble\\ACL\\Models\\User',NULL,'digital'),(38,'Camera Hikvision HK-35VS8 (Digital)',NULL,NULL,'published','[\"products\\/5-1.jpg\"]','HS-118-A0-A1',0,15,0,1,0,2,1,0,40,NULL,NULL,NULL,12.00,11.00,19.00,760.00,NULL,0,'2023-01-02 21:22:30','2023-01-02 21:22:30','in_stock',0,'Botble\\ACL\\Models\\User',NULL,'digital'),(39,'Camera Hikvision HK-35VS8 (Digital)',NULL,NULL,'published','[\"products\\/5-2.jpg\"]','HS-118-A0-A2',0,15,0,1,0,2,1,0,40,NULL,NULL,NULL,12.00,11.00,19.00,760.00,NULL,0,'2023-01-02 21:22:30','2023-01-02 21:22:30','in_stock',0,'Botble\\ACL\\Models\\User',NULL,'digital'),(40,'Camera Samsung SS-24',NULL,NULL,'published','[\"products\\/6.jpg\"]','HS-154-A0',0,20,0,1,0,4,1,0,53,NULL,NULL,NULL,14.00,16.00,15.00,897.00,NULL,0,'2023-01-02 21:22:30','2023-01-02 21:22:30','in_stock',0,'Botble\\ACL\\Models\\User',NULL,'physical'),(41,'Camera Samsung SS-24',NULL,NULL,'published','[\"products\\/6-1.jpg\"]','HS-154-A0-A1',0,20,0,1,0,4,1,0,53,NULL,NULL,NULL,14.00,16.00,15.00,897.00,NULL,0,'2023-01-02 21:22:30','2023-01-02 21:22:30','in_stock',0,'Botble\\ACL\\Models\\User',NULL,'physical'),(42,'Leather Watch Band',NULL,NULL,'published','[\"products\\/7.jpg\"]','HS-115-A0',0,13,0,1,0,3,1,0,116,NULL,NULL,NULL,12.00,11.00,12.00,631.00,NULL,0,'2023-01-02 21:22:30','2023-01-02 21:22:30','in_stock',0,'Botble\\ACL\\Models\\User',NULL,'physical'),(43,'Leather Watch Band',NULL,NULL,'published','[\"products\\/7-1.jpg\"]','HS-115-A0-A1',0,13,0,1,0,3,1,0,116,NULL,NULL,NULL,12.00,11.00,12.00,631.00,NULL,0,'2023-01-02 21:22:30','2023-01-02 21:22:30','in_stock',0,'Botble\\ACL\\Models\\User',NULL,'physical'),(44,'Apple iPhone 13 Plus',NULL,NULL,'published','[\"products\\/8.jpg\"]','HS-174-A0',0,14,0,1,0,7,1,0,113,85.88,NULL,NULL,17.00,12.00,18.00,558.00,NULL,0,'2023-01-02 21:22:30','2023-01-02 21:22:30','in_stock',0,'Botble\\ACL\\Models\\User',NULL,'physical'),(45,'Macbook Pro 2015 (Digital)',NULL,NULL,'published','[\"products\\/9.jpg\"]','HS-198-A0',0,15,0,1,0,6,1,0,114,NULL,NULL,NULL,14.00,19.00,11.00,777.00,NULL,0,'2023-01-02 21:22:30','2023-01-02 21:22:30','in_stock',0,'Botble\\ACL\\Models\\User',NULL,'digital'),(46,'Macbook Pro 2015 (Digital)',NULL,NULL,'published','[\"products\\/9-1.jpg\"]','HS-198-A0-A1',0,15,0,1,0,6,1,0,114,NULL,NULL,NULL,14.00,19.00,11.00,777.00,NULL,0,'2023-01-02 21:22:30','2023-01-02 21:22:30','in_stock',0,'Botble\\ACL\\Models\\User',NULL,'digital'),(47,'Macbook Air 12 inch',NULL,NULL,'published','[\"products\\/10.jpg\"]','HS-180-A0',0,18,0,1,0,1,1,0,234,NULL,NULL,NULL,12.00,13.00,13.00,814.00,NULL,0,'2023-01-02 21:22:30','2023-01-02 21:22:30','in_stock',0,'Botble\\ACL\\Models\\User',NULL,'physical'),(48,'Macbook Air 12 inch',NULL,NULL,'published','[\"products\\/10-1.jpg\"]','HS-180-A0-A1',0,18,0,1,0,1,1,0,234,NULL,NULL,NULL,12.00,13.00,13.00,814.00,NULL,0,'2023-01-02 21:22:30','2023-01-02 21:22:30','in_stock',0,'Botble\\ACL\\Models\\User',NULL,'physical'),(49,'Macbook Air 12 inch',NULL,NULL,'published','[\"products\\/10.jpg\"]','HS-180-A0-A2',0,18,0,1,0,1,1,0,234,NULL,NULL,NULL,12.00,13.00,13.00,814.00,NULL,0,'2023-01-02 21:22:30','2023-01-02 21:22:30','in_stock',0,'Botble\\ACL\\Models\\User',NULL,'physical'),(50,'Macbook Air 12 inch',NULL,NULL,'published','[\"products\\/10.jpg\"]','HS-180-A0-A3',0,18,0,1,0,1,1,0,234,NULL,NULL,NULL,12.00,13.00,13.00,814.00,NULL,0,'2023-01-02 21:22:30','2023-01-02 21:22:30','in_stock',0,'Botble\\ACL\\Models\\User',NULL,'physical'),(51,'Apple Watch Serial 7',NULL,NULL,'published','[\"products\\/11.jpg\"]','HS-101-A0',0,16,0,1,0,1,1,0,114,NULL,NULL,NULL,20.00,17.00,11.00,641.00,NULL,0,'2023-01-02 21:22:30','2023-01-02 21:22:30','in_stock',0,'Botble\\ACL\\Models\\User',NULL,'physical'),(52,'Macbook Pro 13 inch',NULL,NULL,'published','[\"products\\/12.jpg\"]','HS-171-A0',0,10,0,1,0,2,1,0,116,92.8,NULL,NULL,17.00,14.00,14.00,868.00,NULL,0,'2023-01-02 21:22:30','2023-01-02 21:22:30','in_stock',0,'Botble\\ACL\\Models\\User',NULL,'physical'),(53,'Macbook Pro 13 inch',NULL,NULL,'published','[\"products\\/12-1.jpg\"]','HS-171-A0-A1',0,10,0,1,0,2,1,0,116,88.16,NULL,NULL,17.00,14.00,14.00,868.00,NULL,0,'2023-01-02 21:22:30','2023-01-02 21:22:30','in_stock',0,'Botble\\ACL\\Models\\User',NULL,'physical'),(54,'Apple Keyboard (Digital)',NULL,NULL,'published','[\"products\\/13.jpg\"]','HS-100-A0',0,15,0,1,0,2,1,0,123,NULL,NULL,NULL,18.00,19.00,16.00,695.00,NULL,0,'2023-01-02 21:22:30','2023-01-02 21:22:30','in_stock',0,'Botble\\ACL\\Models\\User',NULL,'digital'),(55,'Apple Keyboard (Digital)',NULL,NULL,'published','[\"products\\/13-1.jpg\"]','HS-100-A0-A1',0,15,0,1,0,2,1,0,123,NULL,NULL,NULL,18.00,19.00,16.00,695.00,NULL,0,'2023-01-02 21:22:30','2023-01-02 21:22:30','in_stock',0,'Botble\\ACL\\Models\\User',NULL,'digital'),(56,'Apple Keyboard (Digital)',NULL,NULL,'published','[\"products\\/13.jpg\"]','HS-100-A0-A2',0,15,0,1,0,2,1,0,123,NULL,NULL,NULL,18.00,19.00,16.00,695.00,NULL,0,'2023-01-02 21:22:30','2023-01-02 21:22:30','in_stock',0,'Botble\\ACL\\Models\\User',NULL,'digital'),(57,'MacSafe 80W',NULL,NULL,'published','[\"products\\/14.jpg\"]','HS-193-A0',0,13,0,1,0,6,1,0,115,NULL,NULL,NULL,12.00,16.00,13.00,714.00,NULL,0,'2023-01-02 21:22:30','2023-01-02 21:22:30','in_stock',0,'Botble\\ACL\\Models\\User',NULL,'physical'),(58,'MacSafe 80W',NULL,NULL,'published','[\"products\\/14-1.jpg\"]','HS-193-A0-A1',0,13,0,1,0,6,1,0,115,NULL,NULL,NULL,12.00,16.00,13.00,714.00,NULL,0,'2023-01-02 21:22:30','2023-01-02 21:22:30','in_stock',0,'Botble\\ACL\\Models\\User',NULL,'physical'),(59,'MacSafe 80W',NULL,NULL,'published','[\"products\\/14.jpg\"]','HS-193-A0-A2',0,13,0,1,0,6,1,0,115,NULL,NULL,NULL,12.00,16.00,13.00,714.00,NULL,0,'2023-01-02 21:22:30','2023-01-02 21:22:30','in_stock',0,'Botble\\ACL\\Models\\User',NULL,'physical'),(60,'MacSafe 80W',NULL,NULL,'published','[\"products\\/14.jpg\"]','HS-193-A0-A3',0,13,0,1,0,6,1,0,115,NULL,NULL,NULL,12.00,16.00,13.00,714.00,NULL,0,'2023-01-02 21:22:30','2023-01-02 21:22:30','in_stock',0,'Botble\\ACL\\Models\\User',NULL,'physical'),(61,'Hand playstation',NULL,NULL,'published','[\"products\\/15.jpg\"]','HS-138-A0',0,14,0,1,0,6,1,0,130,NULL,NULL,NULL,20.00,15.00,18.00,663.00,NULL,0,'2023-01-02 21:22:30','2023-01-02 21:22:30','in_stock',0,'Botble\\ACL\\Models\\User',NULL,'physical'),(62,'Hand playstation',NULL,NULL,'published','[\"products\\/15-1.jpg\"]','HS-138-A0-A1',0,14,0,1,0,6,1,0,130,NULL,NULL,NULL,20.00,15.00,18.00,663.00,NULL,0,'2023-01-02 21:22:30','2023-01-02 21:22:30','in_stock',0,'Botble\\ACL\\Models\\User',NULL,'physical'),(63,'Hand playstation',NULL,NULL,'published','[\"products\\/15.jpg\"]','HS-138-A0-A2',0,14,0,1,0,6,1,0,130,NULL,NULL,NULL,20.00,15.00,18.00,663.00,NULL,0,'2023-01-02 21:22:30','2023-01-02 21:22:30','in_stock',0,'Botble\\ACL\\Models\\User',NULL,'physical'),(64,'Apple Airpods Serial 3',NULL,NULL,'published','[\"products\\/16.jpg\"]','HS-136-A0',0,12,0,1,0,7,1,0,112,97.44,NULL,NULL,20.00,12.00,16.00,873.00,NULL,0,'2023-01-02 21:22:30','2023-01-02 21:22:30','in_stock',0,'Botble\\ACL\\Models\\User',NULL,'physical'),(65,'Apple Airpods Serial 3',NULL,NULL,'published','[\"products\\/16.jpg\"]','HS-136-A0-A1',0,12,0,1,0,7,1,0,112,92.96,NULL,NULL,20.00,12.00,16.00,873.00,NULL,0,'2023-01-02 21:22:30','2023-01-02 21:22:30','in_stock',0,'Botble\\ACL\\Models\\User',NULL,'physical'),(66,'Apple Airpods Serial 3',NULL,NULL,'published','[\"products\\/16.jpg\"]','HS-136-A0-A2',0,12,0,1,0,7,1,0,112,92.96,NULL,NULL,20.00,12.00,16.00,873.00,NULL,0,'2023-01-02 21:22:30','2023-01-02 21:22:30','in_stock',0,'Botble\\ACL\\Models\\User',NULL,'physical'),(67,'Cool Smart Watches (Digital)',NULL,NULL,'published','[\"products\\/17.jpg\"]','HS-154-A0',0,12,0,1,0,2,1,0,110,NULL,NULL,NULL,12.00,16.00,17.00,892.00,NULL,0,'2023-01-02 21:22:30','2023-01-02 21:22:30','in_stock',0,'Botble\\ACL\\Models\\User',NULL,'digital'),(68,'Cool Smart Watches (Digital)',NULL,NULL,'published','[\"products\\/17.jpg\"]','HS-154-A0-A1',0,12,0,1,0,2,1,0,110,NULL,NULL,NULL,12.00,16.00,17.00,892.00,NULL,0,'2023-01-02 21:22:30','2023-01-02 21:22:30','in_stock',0,'Botble\\ACL\\Models\\User',NULL,'digital'),(69,'Cool Smart Watches (Digital)',NULL,NULL,'published','[\"products\\/17.jpg\"]','HS-154-A0-A2',0,12,0,1,0,2,1,0,110,NULL,NULL,NULL,12.00,16.00,17.00,892.00,NULL,0,'2023-01-02 21:22:30','2023-01-02 21:22:30','in_stock',0,'Botble\\ACL\\Models\\User',NULL,'digital'),(70,'Black Smart Watches',NULL,NULL,'published','[\"products\\/18.jpg\"]','HS-175-A0',0,14,0,1,0,5,1,0,119,NULL,NULL,NULL,10.00,18.00,10.00,716.00,NULL,0,'2023-01-02 21:22:30','2023-01-02 21:22:30','in_stock',0,'Botble\\ACL\\Models\\User',NULL,'physical'),(71,'Black Smart Watches',NULL,NULL,'published','[\"products\\/18-1.jpg\"]','HS-175-A0-A1',0,14,0,1,0,5,1,0,119,NULL,NULL,NULL,10.00,18.00,10.00,716.00,NULL,0,'2023-01-02 21:22:30','2023-01-02 21:22:30','in_stock',0,'Botble\\ACL\\Models\\User',NULL,'physical'),(72,'Black Smart Watches',NULL,NULL,'published','[\"products\\/18-2.jpg\"]','HS-175-A0-A2',0,14,0,1,0,5,1,0,119,NULL,NULL,NULL,10.00,18.00,10.00,716.00,NULL,0,'2023-01-02 21:22:30','2023-01-02 21:22:30','in_stock',0,'Botble\\ACL\\Models\\User',NULL,'physical'),(73,'Black Smart Watches',NULL,NULL,'published','[\"products\\/18.jpg\"]','HS-175-A0-A3',0,14,0,1,0,5,1,0,119,NULL,NULL,NULL,10.00,18.00,10.00,716.00,NULL,0,'2023-01-02 21:22:30','2023-01-02 21:22:30','in_stock',0,'Botble\\ACL\\Models\\User',NULL,'physical'),(74,'Leather Watch Band Serial 3',NULL,NULL,'published','[\"products\\/19.jpg\"]','HS-118-A0',0,20,0,1,0,1,1,0,116,NULL,NULL,NULL,18.00,17.00,14.00,504.00,NULL,0,'2023-01-02 21:22:30','2023-01-02 21:22:30','in_stock',0,'Botble\\ACL\\Models\\User',NULL,'physical'),(75,'Leather Watch Band Serial 3',NULL,NULL,'published','[\"products\\/19-1.jpg\"]','HS-118-A0-A1',0,20,0,1,0,1,1,0,116,NULL,NULL,NULL,18.00,17.00,14.00,504.00,NULL,0,'2023-01-02 21:22:30','2023-01-02 21:22:30','in_stock',0,'Botble\\ACL\\Models\\User',NULL,'physical'),(76,'Leather Watch Band Serial 3',NULL,NULL,'published','[\"products\\/19.jpg\"]','HS-118-A0-A2',0,20,0,1,0,1,1,0,116,NULL,NULL,NULL,18.00,17.00,14.00,504.00,NULL,0,'2023-01-02 21:22:30','2023-01-02 21:22:30','in_stock',0,'Botble\\ACL\\Models\\User',NULL,'physical'),(77,'Leather Watch Band Serial 3',NULL,NULL,'published','[\"products\\/19.jpg\"]','HS-118-A0-A3',0,20,0,1,0,1,1,0,116,NULL,NULL,NULL,18.00,17.00,14.00,504.00,NULL,0,'2023-01-02 21:22:30','2023-01-02 21:22:30','in_stock',0,'Botble\\ACL\\Models\\User',NULL,'physical'),(78,'Leather Watch Band Serial 3',NULL,NULL,'published','[\"products\\/19.jpg\"]','HS-118-A0-A4',0,20,0,1,0,1,1,0,116,NULL,NULL,NULL,18.00,17.00,14.00,504.00,NULL,0,'2023-01-02 21:22:30','2023-01-02 21:22:30','in_stock',0,'Botble\\ACL\\Models\\User',NULL,'physical'),(79,'Macbook Pro 2015 13 inch',NULL,NULL,'published','[\"products\\/20.jpg\"]','HS-151-A0',0,20,0,1,0,5,1,0,130,106.6,NULL,NULL,13.00,17.00,15.00,541.00,NULL,0,'2023-01-02 21:22:30','2023-01-02 21:22:30','in_stock',0,'Botble\\ACL\\Models\\User',NULL,'physical'),(80,'Macbook Pro 2015 13 inch',NULL,NULL,'published','[\"products\\/20-1.jpg\"]','HS-151-A0-A1',0,20,0,1,0,5,1,0,130,97.5,NULL,NULL,13.00,17.00,15.00,541.00,NULL,0,'2023-01-02 21:22:30','2023-01-02 21:22:30','in_stock',0,'Botble\\ACL\\Models\\User',NULL,'physical'),(81,'Macbook Pro 2015 13 inch',NULL,NULL,'published','[\"products\\/20.jpg\"]','HS-151-A0-A2',0,20,0,1,0,5,1,0,130,107.9,NULL,NULL,13.00,17.00,15.00,541.00,NULL,0,'2023-01-02 21:22:30','2023-01-02 21:22:30','in_stock',0,'Botble\\ACL\\Models\\User',NULL,'physical'),(82,'Historic Alarm Clock (Digital)',NULL,NULL,'published','[\"products\\/21.jpg\"]','HS-169-A0',0,11,0,1,0,1,1,0,112,NULL,NULL,NULL,10.00,14.00,14.00,567.00,NULL,0,'2023-01-02 21:22:30','2023-01-02 21:22:30','in_stock',0,'Botble\\ACL\\Models\\User',NULL,'digital'),(83,'Historic Alarm Clock (Digital)',NULL,NULL,'published','[\"products\\/21-1.jpg\"]','HS-169-A0-A1',0,11,0,1,0,1,1,0,112,NULL,NULL,NULL,10.00,14.00,14.00,567.00,NULL,0,'2023-01-02 21:22:30','2023-01-02 21:22:30','in_stock',0,'Botble\\ACL\\Models\\User',NULL,'digital'),(84,'Historic Alarm Clock (Digital)',NULL,NULL,'published','[\"products\\/21.jpg\"]','HS-169-A0-A2',0,11,0,1,0,1,1,0,112,NULL,NULL,NULL,10.00,14.00,14.00,567.00,NULL,0,'2023-01-02 21:22:30','2023-01-02 21:22:30','in_stock',0,'Botble\\ACL\\Models\\User',NULL,'digital'),(85,'Black Glasses',NULL,NULL,'published','[\"products\\/22.jpg\"]','HS-200-A0',0,12,0,1,0,7,1,0,113,NULL,NULL,NULL,20.00,12.00,13.00,513.00,NULL,0,'2023-01-02 21:22:30','2023-01-02 21:22:30','in_stock',0,'Botble\\ACL\\Models\\User',NULL,'physical'),(86,'Black Glasses',NULL,NULL,'published','[\"products\\/22-1.jpg\"]','HS-200-A0-A1',0,12,0,1,0,7,1,0,113,NULL,NULL,NULL,20.00,12.00,13.00,513.00,NULL,0,'2023-01-02 21:22:30','2023-01-02 21:22:30','in_stock',0,'Botble\\ACL\\Models\\User',NULL,'physical'),(87,'Phillips Mouse',NULL,NULL,'published','[\"products\\/23.jpg\"]','HS-166-A0',0,13,0,1,0,1,1,0,125,NULL,NULL,NULL,12.00,11.00,11.00,782.00,NULL,0,'2023-01-02 21:22:30','2023-01-02 21:22:30','in_stock',0,'Botble\\ACL\\Models\\User',NULL,'physical'),(88,'Phillips Mouse',NULL,NULL,'published','[\"products\\/23-1.jpg\"]','HS-166-A0-A1',0,13,0,1,0,1,1,0,125,NULL,NULL,NULL,12.00,11.00,11.00,782.00,NULL,0,'2023-01-02 21:22:30','2023-01-02 21:22:30','in_stock',0,'Botble\\ACL\\Models\\User',NULL,'physical'),(89,'Phillips Mouse',NULL,NULL,'published','[\"products\\/23.jpg\"]','HS-166-A0-A2',0,13,0,1,0,1,1,0,125,NULL,NULL,NULL,12.00,11.00,11.00,782.00,NULL,0,'2023-01-02 21:22:30','2023-01-02 21:22:30','in_stock',0,'Botble\\ACL\\Models\\User',NULL,'physical'),(90,'Phillips Mouse',NULL,NULL,'published','[\"products\\/23.jpg\"]','HS-166-A0-A3',0,13,0,1,0,1,1,0,125,NULL,NULL,NULL,12.00,11.00,11.00,782.00,NULL,0,'2023-01-02 21:22:30','2023-01-02 21:22:30','in_stock',0,'Botble\\ACL\\Models\\User',NULL,'physical'),(91,'Gaming Keyboard',NULL,NULL,'published','[\"products\\/24.jpg\"]','HS-192-A0',0,18,0,1,0,1,1,0,124,94.24,NULL,NULL,18.00,16.00,11.00,538.00,NULL,0,'2023-01-02 21:22:30','2023-01-02 21:22:30','in_stock',0,'Botble\\ACL\\Models\\User',NULL,'physical'),(92,'Gaming Keyboard',NULL,NULL,'published','[\"products\\/24-1.jpg\"]','HS-192-A0-A1',0,18,0,1,0,1,1,0,124,93,NULL,NULL,18.00,16.00,11.00,538.00,NULL,0,'2023-01-02 21:22:30','2023-01-02 21:22:30','in_stock',0,'Botble\\ACL\\Models\\User',NULL,'physical');
/*!40000 ALTER TABLE `ec_products` ENABLE KEYS */;
UNLOCK TABLES;

--
-- Table structure for table `ec_products_translations`
--

DROP TABLE IF EXISTS `ec_products_translations`;
/*!40101 SET @saved_cs_client     = @@character_set_client */;
/*!50503 SET character_set_client = utf8mb4 */;
CREATE TABLE `ec_products_translations` (
  `lang_code` varchar(191) COLLATE utf8mb4_unicode_ci NOT NULL,
  `ec_products_id` int NOT NULL,
  `name` varchar(191) COLLATE utf8mb4_unicode_ci DEFAULT NULL,
  `description` text COLLATE utf8mb4_unicode_ci,
  `content` text COLLATE utf8mb4_unicode_ci,
  PRIMARY KEY (`lang_code`,`ec_products_id`)
) ENGINE=InnoDB DEFAULT CHARSET=utf8mb4 COLLATE=utf8mb4_unicode_ci;
/*!40101 SET character_set_client = @saved_cs_client */;

--
-- Dumping data for table `ec_products_translations`
--

LOCK TABLES `ec_products_translations` WRITE;
/*!40000 ALTER TABLE `ec_products_translations` DISABLE KEYS */;
INSERT INTO `ec_products_translations` VALUES ('vi',1,'Loa thông minh',NULL,NULL),('vi',2,'Tai nghe Ultra Bass',NULL,NULL),('vi',3,'Tai nghe Bluetooth',NULL,NULL),('vi',4,'Chikie - Loa Bluetooth',NULL,NULL),('vi',5,'Camera Hikvision HK-35VS8',NULL,NULL),('vi',6,'Camera Samsung SS-24',NULL,NULL),('vi',7,'Dây đeo đồng hồ da',NULL,NULL),('vi',8,'Điện thoại Apple iPhone 13 Plus',NULL,NULL),('vi',9,'Máy tính Macbook Pro 2015',NULL,NULL),('vi',10,'Máy tính Macbook Air 12 inch',NULL,NULL),('vi',11,'Đồng hồ Apple Serial 7',NULL,NULL),('vi',12,'Máy tính Macbook Pro 13 inch',NULL,NULL),('vi',13,'Bàn phím Apple',NULL,NULL),('vi',14,'Cục sạc MacSafe 80W',NULL,NULL),('vi',15,'Tay cầm chơi game',NULL,NULL),('vi',16,'Apple Airpods Serial 3',NULL,NULL),('vi',17,'Cool Smart Watches',NULL,NULL),('vi',18,'Black Smart Watches',NULL,NULL),('vi',19,'Leather Watch Band Serial 3',NULL,NULL),('vi',20,'Macbook Pro 2015 13 inch',NULL,NULL),('vi',21,'Đồng hồ báo thức cổ điển',NULL,NULL),('vi',22,'Kính đen cool ngầu',NULL,NULL),('vi',23,'Chuột máy tính Phillips',NULL,NULL),('vi',24,'Bàn phím chơi game',NULL,NULL),('vi',25,'Loa thông minh',NULL,NULL),('vi',26,'Loa thông minh',NULL,NULL),('vi',27,'Loa thông minh',NULL,NULL),('vi',28,'Tai nghe Ultra Bass',NULL,NULL),('vi',29,'Tai nghe Ultra Bass',NULL,NULL),('vi',30,'Tai nghe Ultra Bass',NULL,NULL),('vi',31,'Tai nghe Bluetooth',NULL,NULL),('vi',32,'Tai nghe Bluetooth',NULL,NULL),('vi',33,'Tai nghe Bluetooth',NULL,NULL),('vi',34,'Tai nghe Bluetooth',NULL,NULL),('vi',35,'Chikie - Loa Bluetooth',NULL,NULL),('vi',36,'Chikie - Loa Bluetooth',NULL,NULL),('vi',37,'Camera Hikvision HK-35VS8',NULL,NULL),('vi',38,'Camera Hikvision HK-35VS8',NULL,NULL),('vi',39,'Camera Hikvision HK-35VS8',NULL,NULL),('vi',40,'Camera Samsung SS-24',NULL,NULL),('vi',41,'Camera Samsung SS-24',NULL,NULL),('vi',42,'Dây đeo đồng hồ da',NULL,NULL),('vi',43,'Dây đeo đồng hồ da',NULL,NULL),('vi',44,'Điện thoại Apple iPhone 13 Plus',NULL,NULL),('vi',45,'Máy tính Macbook Pro 2015',NULL,NULL),('vi',46,'Máy tính Macbook Pro 2015',NULL,NULL),('vi',47,'Máy tính Macbook Air 12 inch',NULL,NULL),('vi',48,'Máy tính Macbook Air 12 inch',NULL,NULL),('vi',49,'Máy tính Macbook Air 12 inch',NULL,NULL),('vi',50,'Máy tính Macbook Air 12 inch',NULL,NULL),('vi',51,'Đồng hồ Apple Serial 7',NULL,NULL),('vi',52,'Máy tính Macbook Pro 13 inch',NULL,NULL),('vi',53,'Máy tính Macbook Pro 13 inch',NULL,NULL),('vi',54,'Bàn phím Apple',NULL,NULL),('vi',55,'Bàn phím Apple',NULL,NULL),('vi',56,'Bàn phím Apple',NULL,NULL),('vi',57,'Cục sạc MacSafe 80W',NULL,NULL),('vi',58,'Cục sạc MacSafe 80W',NULL,NULL),('vi',59,'Cục sạc MacSafe 80W',NULL,NULL),('vi',60,'Cục sạc MacSafe 80W',NULL,NULL),('vi',61,'Tay cầm chơi game',NULL,NULL),('vi',62,'Tay cầm chơi game',NULL,NULL),('vi',63,'Tay cầm chơi game',NULL,NULL),('vi',64,'Apple Airpods Serial 3',NULL,NULL),('vi',65,'Apple Airpods Serial 3',NULL,NULL),('vi',66,'Apple Airpods Serial 3',NULL,NULL),('vi',67,'Cool Smart Watches',NULL,NULL),('vi',68,'Cool Smart Watches',NULL,NULL),('vi',69,'Cool Smart Watches',NULL,NULL),('vi',70,'Black Smart Watches',NULL,NULL),('vi',71,'Black Smart Watches',NULL,NULL),('vi',72,'Black Smart Watches',NULL,NULL),('vi',73,'Black Smart Watches',NULL,NULL),('vi',74,'Leather Watch Band Serial 3',NULL,NULL),('vi',75,'Leather Watch Band Serial 3',NULL,NULL),('vi',76,'Leather Watch Band Serial 3',NULL,NULL),('vi',77,'Leather Watch Band Serial 3',NULL,NULL),('vi',78,'Leather Watch Band Serial 3',NULL,NULL),('vi',79,'Macbook Pro 2015 13 inch',NULL,NULL),('vi',80,'Macbook Pro 2015 13 inch',NULL,NULL),('vi',81,'Macbook Pro 2015 13 inch',NULL,NULL),('vi',82,'Đồng hồ báo thức cổ điển',NULL,NULL),('vi',83,'Đồng hồ báo thức cổ điển',NULL,NULL),('vi',84,'Đồng hồ báo thức cổ điển',NULL,NULL),('vi',85,'Kính đen cool ngầu',NULL,NULL),('vi',86,'Kính đen cool ngầu',NULL,NULL),('vi',87,'Chuột máy tính Phillips',NULL,NULL),('vi',88,'Chuột máy tính Phillips',NULL,NULL),('vi',89,'Chuột máy tính Phillips',NULL,NULL),('vi',90,'Chuột máy tính Phillips',NULL,NULL),('vi',91,'Bàn phím chơi game',NULL,NULL),('vi',92,'Bàn phím chơi game',NULL,NULL);
/*!40000 ALTER TABLE `ec_products_translations` ENABLE KEYS */;
UNLOCK TABLES;

--
-- Table structure for table `ec_reviews`
--

DROP TABLE IF EXISTS `ec_reviews`;
/*!40101 SET @saved_cs_client     = @@character_set_client */;
/*!50503 SET character_set_client = utf8mb4 */;
CREATE TABLE `ec_reviews` (
  `id` bigint unsigned NOT NULL AUTO_INCREMENT,
  `customer_id` int unsigned NOT NULL,
  `product_id` int unsigned NOT NULL,
  `star` double(8,2) NOT NULL,
  `comment` text CHARACTER SET utf8mb4 COLLATE utf8mb4_unicode_ci NOT NULL,
  `status` varchar(60) COLLATE utf8mb4_unicode_ci NOT NULL DEFAULT 'published',
  `created_at` timestamp NULL DEFAULT NULL,
  `updated_at` timestamp NULL DEFAULT NULL,
  `images` text COLLATE utf8mb4_unicode_ci,
  PRIMARY KEY (`id`),
  KEY `ec_reviews_product_id_customer_id_status_created_at_index` (`product_id`,`customer_id`,`status`,`created_at`),
  KEY `ec_reviews_product_id_customer_id_status_index` (`product_id`,`customer_id`,`status`)
) ENGINE=InnoDB AUTO_INCREMENT=101 DEFAULT CHARSET=utf8mb4 COLLATE=utf8mb4_unicode_ci;
/*!40101 SET character_set_client = @saved_cs_client */;

--
-- Dumping data for table `ec_reviews`
--

LOCK TABLES `ec_reviews` WRITE;
/*!40000 ALTER TABLE `ec_reviews` DISABLE KEYS */;
INSERT INTO `ec_reviews` VALUES (1,2,9,4.00,'Perfect +++++++++ i love it really also i get to fast ticket answers... Thanks Lot BOTBLE Teams','published','2023-01-02 21:22:32','2023-01-02 21:22:32','[\"products\\/2.jpg\",\"products\\/5.jpg\"]'),(2,6,22,3.00,'Amazing code, amazing support. Overall, im really confident in Botble and im happy I made the right choice! Thank you so much guys for coding this masterpiece','published','2023-01-02 21:22:32','2023-01-02 21:22:32','[\"products\\/2.jpg\",\"products\\/6.jpg\"]'),(3,6,12,5.00,'Customer Support are grade (A*), however the code is a way too over engineered for it\'s purpose.','published','2023-01-02 21:22:32','2023-01-02 21:22:32','[\"products\\/2.jpg\",\"products\\/7.jpg\"]'),(4,2,11,1.00,'Those guys now what they are doing, the release such a good product that it\'s a pleasure to work with ! Even when I was stuck on the project, I created a ticket and the next day it was replied by the team. GOOD JOB guys. I love working with them :)','published','2023-01-02 21:22:32','2023-01-02 21:22:32','[\"products\\/4.jpg\"]'),(5,8,23,3.00,'The best ecommerce CMS! Excellent coding! best support service! Thank you so much..... I really like your hard work.','published','2023-01-02 21:22:32','2023-01-02 21:22:32','[\"products\\/2.jpg\",\"products\\/7.jpg\"]'),(6,8,2,4.00,'The script is the best of its class, fast, easy to implement and work with , and the most important thing is the great support team , Recommend with no doubt.','published','2023-01-02 21:22:32','2023-01-02 21:22:32','{\"0\":\"products\\/2.jpg\",\"2\":\"products\\/8.jpg\"}'),(7,6,14,3.00,'The script is the best of its class, fast, easy to implement and work with , and the most important thing is the great support team , Recommend with no doubt.','published','2023-01-02 21:22:32','2023-01-02 21:22:32','{\"0\":\"products\\/2.jpg\",\"2\":\"products\\/24.jpg\"}'),(8,5,17,4.00,'Good app, good backup service and support. Good documentation.','published','2023-01-02 21:22:32','2023-01-02 21:22:32','{\"0\":\"products\\/1.jpg\",\"2\":\"products\\/17.jpg\"}'),(9,7,18,2.00,'Clean & perfect source code','published','2023-01-02 21:22:32','2023-01-02 21:22:32','[\"products\\/1.jpg\",\"products\\/5.jpg\"]'),(10,10,9,4.00,'Solution is too robust for our purpose so we didn\'t use it at the end. But I appreciate customer support during initial configuration.','published','2023-01-02 21:22:32','2023-01-02 21:22:32','[\"products\\/3.jpg\",\"products\\/5.jpg\"]'),(11,9,16,3.00,'Best ecommerce CMS online store!','published','2023-01-02 21:22:32','2023-01-02 21:22:32','{\"0\":\"products\\/3.jpg\",\"2\":\"products\\/19.jpg\"}'),(12,8,20,2.00,'The best ecommerce CMS! Excellent coding! best support service! Thank you so much..... I really like your hard work.','published','2023-01-02 21:22:32','2023-01-02 21:22:32','[\"products\\/2.jpg\"]'),(13,9,22,4.00,'Cool template. Excellent code quality. The support responds very quickly, which is very rare on themeforest and codecanyon.net, I buy a lot of templates, and everyone will have a response from technical support for two or three days. Thanks to tech support. I recommend to buy.','published','2023-01-02 21:22:32','2023-01-02 21:22:32','[\"products\\/3.jpg\",\"products\\/5.jpg\",\"products\\/14.jpg\"]'),(14,9,24,1.00,'The best store template! Excellent coding! Very good support! Thank you so much for all the help, I really appreciated.','published','2023-01-02 21:22:32','2023-01-02 21:22:32','[\"products\\/4.jpg\",\"products\\/7.jpg\",\"products\\/14.jpg\"]'),(15,9,2,2.00,'Cool template. Excellent code quality. The support responds very quickly, which is very rare on themeforest and codecanyon.net, I buy a lot of templates, and everyone will have a response from technical support for two or three days. Thanks to tech support. I recommend to buy.','published','2023-01-02 21:22:32','2023-01-02 21:22:32','[\"products\\/1.jpg\",\"products\\/5.jpg\"]'),(16,1,6,3.00,'This script is well coded and is super fast. The support is pretty quick. Very patient and helpful team. I strongly recommend it and they deserve more than 5 stars.','published','2023-01-02 21:22:32','2023-01-02 21:22:32','[\"products\\/3.jpg\",\"products\\/5.jpg\",\"products\\/24.jpg\"]'),(17,2,11,1.00,'The code is good, in general, if you like it, can you give it 5 stars?','published','2023-01-02 21:22:32','2023-01-02 21:22:32','{\"0\":\"products\\/2.jpg\",\"2\":\"products\\/15.jpg\"}'),(18,1,11,3.00,'Amazing code, amazing support. Overall, im really confident in Botble and im happy I made the right choice! Thank you so much guys for coding this masterpiece','published','2023-01-02 21:22:32','2023-01-02 21:22:32','[\"products\\/1.jpg\",\"products\\/6.jpg\",\"products\\/22.jpg\"]'),(19,3,9,4.00,'These guys are amazing! Responses immediately, amazing support and help... I immediately feel at ease after Purchasing..','published','2023-01-02 21:22:32','2023-01-02 21:22:32','[\"products\\/1.jpg\",\"products\\/7.jpg\",\"products\\/19.jpg\"]'),(20,9,5,2.00,'Ok good product. I have some issues in customizations. But its not correct to blame the developer. The product is good. Good luck for your business.','published','2023-01-02 21:22:32','2023-01-02 21:22:32','[\"products\\/2.jpg\",\"products\\/5.jpg\"]'),(21,3,7,1.00,'The best ecommerce CMS! Excellent coding! best support service! Thank you so much..... I really like your hard work.','published','2023-01-02 21:22:32','2023-01-02 21:22:32','[\"products\\/2.jpg\"]'),(22,9,20,3.00,'The best ecommerce CMS! Excellent coding! best support service! Thank you so much..... I really like your hard work.','published','2023-01-02 21:22:32','2023-01-02 21:22:32','[\"products\\/3.jpg\",\"products\\/7.jpg\",\"products\\/14.jpg\"]'),(23,3,22,1.00,'I Love this Script. I also found how to add other fees. Now I just wait the BIG update for the Marketplace with the Bulk Import. Just do not forget to make it to be Multi-language for us the Botble Fans.','published','2023-01-02 21:22:32','2023-01-02 21:22:32','[\"products\\/1.jpg\"]'),(24,1,14,1.00,'Great E-commerce system. And much more : Wonderful Customer Support.','published','2023-01-02 21:22:32','2023-01-02 21:22:32','[\"products\\/3.jpg\",\"products\\/7.jpg\"]'),(25,1,5,3.00,'Cool template. Excellent code quality. The support responds very quickly, which is very rare on themeforest and codecanyon.net, I buy a lot of templates, and everyone will have a response from technical support for two or three days. Thanks to tech support. I recommend to buy.','published','2023-01-02 21:22:32','2023-01-02 21:22:32','[\"products\\/1.jpg\"]'),(26,2,24,1.00,'The script is the best of its class, fast, easy to implement and work with , and the most important thing is the great support team , Recommend with no doubt.','published','2023-01-02 21:22:32','2023-01-02 21:22:32','[\"products\\/3.jpg\"]'),(27,10,6,3.00,'These guys are amazing! Responses immediately, amazing support and help... I immediately feel at ease after Purchasing..','published','2023-01-02 21:22:32','2023-01-02 21:22:32','[\"products\\/2.jpg\",\"products\\/6.jpg\"]'),(28,2,24,2.00,'I Love this Script. I also found how to add other fees. Now I just wait the BIG update for the Marketplace with the Bulk Import. Just do not forget to make it to be Multi-language for us the Botble Fans.','published','2023-01-02 21:22:32','2023-01-02 21:22:32','[\"products\\/2.jpg\",\"products\\/7.jpg\"]'),(29,3,14,5.00,'Second or third time that I buy a Botble product, happy with the products and support. You guys do a good job :)','published','2023-01-02 21:22:32','2023-01-02 21:22:32','[\"products\\/2.jpg\",\"products\\/7.jpg\"]'),(30,1,17,1.00,'The best ecommerce CMS! Excellent coding! best support service! Thank you so much..... I really like your hard work.','published','2023-01-02 21:22:32','2023-01-02 21:22:32','[\"products\\/2.jpg\",\"products\\/5.jpg\"]'),(31,10,16,3.00,'These guys are amazing! Responses immediately, amazing support and help... I immediately feel at ease after Purchasing..','published','2023-01-02 21:22:32','2023-01-02 21:22:32','[\"products\\/2.jpg\",\"products\\/7.jpg\"]'),(32,3,14,4.00,'The code is good, in general, if you like it, can you give it 5 stars?','published','2023-01-02 21:22:32','2023-01-02 21:22:32','[\"products\\/3.jpg\",\"products\\/5.jpg\"]'),(33,4,19,3.00,'Solution is too robust for our purpose so we didn\'t use it at the end. But I appreciate customer support during initial configuration.','published','2023-01-02 21:22:32','2023-01-02 21:22:32','[\"products\\/3.jpg\",\"products\\/6.jpg\"]'),(34,5,9,5.00,'Amazing code, amazing support. Overall, im really confident in Botble and im happy I made the right choice! Thank you so much guys for coding this masterpiece','published','2023-01-02 21:22:32','2023-01-02 21:22:32','[\"products\\/3.jpg\"]'),(35,3,19,4.00,'These guys are amazing! Responses immediately, amazing support and help... I immediately feel at ease after Purchasing..','published','2023-01-02 21:22:32','2023-01-02 21:22:32','[\"products\\/3.jpg\",\"products\\/5.jpg\",\"products\\/9.jpg\"]'),(36,8,5,3.00,'Best ecommerce CMS online store!','published','2023-01-02 21:22:32','2023-01-02 21:22:32','[\"products\\/4.jpg\"]'),(37,10,20,5.00,'Best ecommerce CMS online store!','published','2023-01-02 21:22:32','2023-01-02 21:22:32','[\"products\\/1.jpg\",\"products\\/6.jpg\"]'),(38,9,10,5.00,'For me the best eCommerce script on Envato at this moment: modern, clean code, a lot of great features. The customer support is great too: I always get an answer within hours!','published','2023-01-02 21:22:32','2023-01-02 21:22:32','[\"products\\/2.jpg\",\"products\\/5.jpg\",\"products\\/22.jpg\"]'),(39,10,2,4.00,'Clean & perfect source code','published','2023-01-02 21:22:32','2023-01-02 21:22:32','[\"products\\/4.jpg\",\"products\\/5.jpg\"]'),(40,5,12,5.00,'The best ecommerce CMS! Excellent coding! best support service! Thank you so much..... I really like your hard work.','published','2023-01-02 21:22:32','2023-01-02 21:22:32','{\"0\":\"products\\/4.jpg\",\"2\":\"products\\/22.jpg\"}'),(41,3,14,3.00,'This web app is really good in design, code quality & features. Besides, the customer support provided by the Botble team was really fast & helpful. You guys are awesome!','published','2023-01-02 21:22:32','2023-01-02 21:22:32','[\"products\\/3.jpg\",\"products\\/7.jpg\"]'),(42,6,3,3.00,'This script is well coded and is super fast. The support is pretty quick. Very patient and helpful team. I strongly recommend it and they deserve more than 5 stars.','published','2023-01-02 21:22:32','2023-01-02 21:22:32','[\"products\\/1.jpg\",\"products\\/5.jpg\"]'),(43,5,17,3.00,'Cool template. Excellent code quality. The support responds very quickly, which is very rare on themeforest and codecanyon.net, I buy a lot of templates, and everyone will have a response from technical support for two or three days. Thanks to tech support. I recommend to buy.','published','2023-01-02 21:22:32','2023-01-02 21:22:32','[\"products\\/1.jpg\",\"products\\/7.jpg\"]'),(44,10,7,4.00,'Great system, great support, good job Botble. I\'m looking forward to more great functional plugins.','published','2023-01-02 21:22:32','2023-01-02 21:22:32','[\"products\\/2.jpg\",\"products\\/7.jpg\"]'),(45,5,7,5.00,'For me the best eCommerce script on Envato at this moment: modern, clean code, a lot of great features. The customer support is great too: I always get an answer within hours!','published','2023-01-02 21:22:32','2023-01-02 21:22:32','[\"products\\/4.jpg\",\"products\\/7.jpg\"]'),(46,1,23,5.00,'As a developer I reviewed this script. This is really awesome ecommerce script. I have convinced when I noticed that it\'s built on fully WordPress concept.','published','2023-01-02 21:22:32','2023-01-02 21:22:32','[\"products\\/3.jpg\",\"products\\/6.jpg\"]'),(47,3,2,4.00,'Very enthusiastic support! Excellent code is written. It\'s a true pleasure working with.','published','2023-01-02 21:22:32','2023-01-02 21:22:32','[\"products\\/4.jpg\"]'),(48,6,7,2.00,'Cool template. Excellent code quality. The support responds very quickly, which is very rare on themeforest and codecanyon.net, I buy a lot of templates, and everyone will have a response from technical support for two or three days. Thanks to tech support. I recommend to buy.','published','2023-01-02 21:22:32','2023-01-02 21:22:32','[\"products\\/4.jpg\",\"products\\/6.jpg\"]'),(49,3,11,3.00,'Amazing code, amazing support. Overall, im really confident in Botble and im happy I made the right choice! Thank you so much guys for coding this masterpiece','published','2023-01-02 21:22:32','2023-01-02 21:22:32','[\"products\\/4.jpg\",\"products\\/5.jpg\"]'),(50,4,16,5.00,'Very enthusiastic support! Excellent code is written. It\'s a true pleasure working with.','published','2023-01-02 21:22:32','2023-01-02 21:22:32','[\"products\\/2.jpg\",\"products\\/6.jpg\",\"products\\/14.jpg\"]'),(51,4,6,5.00,'Best ecommerce CMS online store!','published','2023-01-02 21:22:32','2023-01-02 21:22:32','{\"0\":\"products\\/3.jpg\",\"2\":\"products\\/22.jpg\"}'),(52,4,5,3.00,'Great system, great support, good job Botble. I\'m looking forward to more great functional plugins.','published','2023-01-02 21:22:32','2023-01-02 21:22:32','{\"0\":\"products\\/1.jpg\",\"2\":\"products\\/20.jpg\"}'),(53,2,13,1.00,'Amazing code, amazing support. Overall, im really confident in Botble and im happy I made the right choice! Thank you so much guys for coding this masterpiece','published','2023-01-02 21:22:32','2023-01-02 21:22:32','[\"products\\/4.jpg\"]'),(54,1,24,5.00,'The code is good, in general, if you like it, can you give it 5 stars?','published','2023-01-02 21:22:32','2023-01-02 21:22:32','{\"0\":\"products\\/4.jpg\",\"2\":\"products\\/14.jpg\"}'),(55,4,11,5.00,'This web app is really good in design, code quality & features. Besides, the customer support provided by the Botble team was really fast & helpful. You guys are awesome!','published','2023-01-02 21:22:32','2023-01-02 21:22:32','{\"0\":\"products\\/2.jpg\",\"2\":\"products\\/16.jpg\"}'),(56,3,19,4.00,'The script is the best of its class, fast, easy to implement and work with , and the most important thing is the great support team , Recommend with no doubt.','published','2023-01-02 21:22:32','2023-01-02 21:22:32','[\"products\\/4.jpg\",\"products\\/5.jpg\",\"products\\/15.jpg\"]'),(57,1,3,5.00,'The script is the best of its class, fast, easy to implement and work with , and the most important thing is the great support team , Recommend with no doubt.','published','2023-01-02 21:22:32','2023-01-02 21:22:32','[\"products\\/4.jpg\"]'),(58,3,14,5.00,'We have received brilliant service support and will be expanding the features with the developer. Nice product!','published','2023-01-02 21:22:32','2023-01-02 21:22:32','[\"products\\/3.jpg\",\"products\\/6.jpg\",\"products\\/21.jpg\"]'),(59,3,10,4.00,'It\'s not my first experience here on Codecanyon and I can honestly tell you all that Botble puts a LOT of effort into the support. They answer so fast, they helped me tons of times. REALLY by far THE BEST EXPERIENCE on Codecanyon. Those guys at Botble are so good that they deserve 5 stars. I recommend them, I trust them and I can\'t wait to see what they will sell in a near future. Thank you Botble :)','published','2023-01-02 21:22:32','2023-01-02 21:22:32','[\"products\\/4.jpg\",\"products\\/5.jpg\"]'),(60,6,18,1.00,'The best ecommerce CMS! Excellent coding! best support service! Thank you so much..... I really like your hard work.','published','2023-01-02 21:22:32','2023-01-02 21:22:32','{\"0\":\"products\\/3.jpg\",\"2\":\"products\\/12.jpg\"}'),(61,8,8,5.00,'The best store template! Excellent coding! Very good support! Thank you so much for all the help, I really appreciated.','published','2023-01-02 21:22:32','2023-01-02 21:22:32','{\"0\":\"products\\/3.jpg\",\"2\":\"products\\/12.jpg\"}'),(62,6,19,1.00,'We have received brilliant service support and will be expanding the features with the developer. Nice product!','published','2023-01-02 21:22:32','2023-01-02 21:22:32','[\"products\\/1.jpg\",\"products\\/6.jpg\",\"products\\/10.jpg\"]'),(63,2,7,3.00,'This web app is really good in design, code quality & features. Besides, the customer support provided by the Botble team was really fast & helpful. You guys are awesome!','published','2023-01-02 21:22:32','2023-01-02 21:22:32','[\"products\\/2.jpg\",\"products\\/7.jpg\"]'),(64,6,24,1.00,'Very enthusiastic support! Excellent code is written. It\'s a true pleasure working with.','published','2023-01-02 21:22:32','2023-01-02 21:22:32','[\"products\\/2.jpg\"]'),(65,4,17,5.00,'Great E-commerce system. And much more : Wonderful Customer Support.','published','2023-01-02 21:22:32','2023-01-02 21:22:32','[\"products\\/4.jpg\",\"products\\/6.jpg\",\"products\\/21.jpg\"]'),(66,5,18,1.00,'The code is good, in general, if you like it, can you give it 5 stars?','published','2023-01-02 21:22:32','2023-01-02 21:22:32','[\"products\\/4.jpg\",\"products\\/5.jpg\"]'),(67,8,10,3.00,'Amazing code, amazing support. Overall, im really confident in Botble and im happy I made the right choice! Thank you so much guys for coding this masterpiece','published','2023-01-02 21:22:32','2023-01-02 21:22:32','[\"products\\/2.jpg\",\"products\\/5.jpg\",\"products\\/23.jpg\"]'),(68,4,14,3.00,'These guys are amazing! Responses immediately, amazing support and help... I immediately feel at ease after Purchasing..','published','2023-01-02 21:22:32','2023-01-02 21:22:32','[\"products\\/2.jpg\",\"products\\/6.jpg\",\"products\\/18.jpg\"]'),(69,5,1,3.00,'As a developer I reviewed this script. This is really awesome ecommerce script. I have convinced when I noticed that it\'s built on fully WordPress concept.','published','2023-01-02 21:22:32','2023-01-02 21:22:32','[\"products\\/4.jpg\",\"products\\/6.jpg\",\"products\\/16.jpg\"]'),(70,4,6,2.00,'This script is well coded and is super fast. The support is pretty quick. Very patient and helpful team. I strongly recommend it and they deserve more than 5 stars.','published','2023-01-02 21:22:32','2023-01-02 21:22:32','[\"products\\/2.jpg\",\"products\\/6.jpg\"]'),(71,10,21,1.00,'This web app is really good in design, code quality & features. Besides, the customer support provided by the Botble team was really fast & helpful. You guys are awesome!','published','2023-01-02 21:22:32','2023-01-02 21:22:32','[\"products\\/2.jpg\"]'),(72,2,21,1.00,'Perfect +++++++++ i love it really also i get to fast ticket answers... Thanks Lot BOTBLE Teams','published','2023-01-02 21:22:32','2023-01-02 21:22:32','[\"products\\/1.jpg\",\"products\\/5.jpg\"]'),(73,3,9,1.00,'Solution is too robust for our purpose so we didn\'t use it at the end. But I appreciate customer support during initial configuration.','published','2023-01-02 21:22:32','2023-01-02 21:22:32','[\"products\\/1.jpg\",\"products\\/7.jpg\"]'),(74,4,12,3.00,'Customer Support are grade (A*), however the code is a way too over engineered for it\'s purpose.','published','2023-01-02 21:22:32','2023-01-02 21:22:32','[\"products\\/2.jpg\"]'),(75,4,22,1.00,'These guys are amazing! Responses immediately, amazing support and help... I immediately feel at ease after Purchasing..','published','2023-01-02 21:22:32','2023-01-02 21:22:32','{\"0\":\"products\\/1.jpg\",\"2\":\"products\\/9.jpg\"}'),(76,8,17,5.00,'As a developer I reviewed this script. This is really awesome ecommerce script. I have convinced when I noticed that it\'s built on fully WordPress concept.','published','2023-01-02 21:22:32','2023-01-02 21:22:32','[\"products\\/3.jpg\",\"products\\/7.jpg\"]'),(77,5,22,4.00,'This web app is really good in design, code quality & features. Besides, the customer support provided by the Botble team was really fast & helpful. You guys are awesome!','published','2023-01-02 21:22:32','2023-01-02 21:22:32','[\"products\\/1.jpg\",\"products\\/6.jpg\"]'),(78,2,10,4.00,'It\'s not my first experience here on Codecanyon and I can honestly tell you all that Botble puts a LOT of effort into the support. They answer so fast, they helped me tons of times. REALLY by far THE BEST EXPERIENCE on Codecanyon. Those guys at Botble are so good that they deserve 5 stars. I recommend them, I trust them and I can\'t wait to see what they will sell in a near future. Thank you Botble :)','published','2023-01-02 21:22:32','2023-01-02 21:22:32','{\"0\":\"products\\/3.jpg\",\"2\":\"products\\/24.jpg\"}'),(79,2,13,5.00,'We have received brilliant service support and will be expanding the features with the developer. Nice product!','published','2023-01-02 21:22:32','2023-01-02 21:22:32','[\"products\\/3.jpg\",\"products\\/6.jpg\"]'),(80,9,4,3.00,'This web app is really good in design, code quality & features. Besides, the customer support provided by the Botble team was really fast & helpful. You guys are awesome!','published','2023-01-02 21:22:32','2023-01-02 21:22:32','[\"products\\/4.jpg\",\"products\\/5.jpg\",\"products\\/14.jpg\"]'),(81,3,14,2.00,'It\'s not my first experience here on Codecanyon and I can honestly tell you all that Botble puts a LOT of effort into the support. They answer so fast, they helped me tons of times. REALLY by far THE BEST EXPERIENCE on Codecanyon. Those guys at Botble are so good that they deserve 5 stars. I recommend them, I trust them and I can\'t wait to see what they will sell in a near future. Thank you Botble :)','published','2023-01-02 21:22:32','2023-01-02 21:22:32','[\"products\\/2.jpg\",\"products\\/6.jpg\",\"products\\/20.jpg\"]'),(82,5,5,1.00,'Great system, great support, good job Botble. I\'m looking forward to more great functional plugins.','published','2023-01-02 21:22:32','2023-01-02 21:22:32','[\"products\\/1.jpg\",\"products\\/7.jpg\"]'),(83,8,11,2.00,'Ok good product. I have some issues in customizations. But its not correct to blame the developer. The product is good. Good luck for your business.','published','2023-01-02 21:22:32','2023-01-02 21:22:32','[\"products\\/3.jpg\"]'),(84,1,13,5.00,'Amazing code, amazing support. Overall, im really confident in Botble and im happy I made the right choice! Thank you so much guys for coding this masterpiece','published','2023-01-02 21:22:32','2023-01-02 21:22:32','[\"products\\/2.jpg\",\"products\\/5.jpg\"]'),(85,3,10,2.00,'Second or third time that I buy a Botble product, happy with the products and support. You guys do a good job :)','published','2023-01-02 21:22:32','2023-01-02 21:22:32','[\"products\\/2.jpg\",\"products\\/6.jpg\",\"products\\/15.jpg\"]'),(86,1,21,3.00,'Solution is too robust for our purpose so we didn\'t use it at the end. But I appreciate customer support during initial configuration.','published','2023-01-02 21:22:32','2023-01-02 21:22:32','[\"products\\/4.jpg\",\"products\\/6.jpg\"]'),(87,5,17,2.00,'This script is well coded and is super fast. The support is pretty quick. Very patient and helpful team. I strongly recommend it and they deserve more than 5 stars.','published','2023-01-02 21:22:32','2023-01-02 21:22:32','[\"products\\/4.jpg\",\"products\\/6.jpg\"]'),(88,8,13,3.00,'Solution is too robust for our purpose so we didn\'t use it at the end. But I appreciate customer support during initial configuration.','published','2023-01-02 21:22:32','2023-01-02 21:22:32','{\"0\":\"products\\/1.jpg\",\"2\":\"products\\/8.jpg\"}'),(89,3,18,3.00,'Very enthusiastic support! Excellent code is written. It\'s a true pleasure working with.','published','2023-01-02 21:22:32','2023-01-02 21:22:32','[\"products\\/3.jpg\"]'),(90,5,19,5.00,'Ok good product. I have some issues in customizations. But its not correct to blame the developer. The product is good. Good luck for your business.','published','2023-01-02 21:22:32','2023-01-02 21:22:32','{\"0\":\"products\\/2.jpg\",\"2\":\"products\\/20.jpg\"}'),(91,6,21,5.00,'This web app is really good in design, code quality & features. Besides, the customer support provided by the Botble team was really fast & helpful. You guys are awesome!','published','2023-01-02 21:22:32','2023-01-02 21:22:32','[\"products\\/2.jpg\"]'),(92,6,23,1.00,'Amazing code, amazing support. Overall, im really confident in Botble and im happy I made the right choice! Thank you so much guys for coding this masterpiece','published','2023-01-02 21:22:32','2023-01-02 21:22:32','[\"products\\/4.jpg\",\"products\\/7.jpg\"]'),(93,9,12,2.00,'Great E-commerce system. And much more : Wonderful Customer Support.','published','2023-01-02 21:22:32','2023-01-02 21:22:32','{\"0\":\"products\\/2.jpg\",\"2\":\"products\\/23.jpg\"}'),(94,8,18,2.00,'Solution is too robust for our purpose so we didn\'t use it at the end. But I appreciate customer support during initial configuration.','published','2023-01-02 21:22:32','2023-01-02 21:22:32','[\"products\\/1.jpg\",\"products\\/6.jpg\",\"products\\/24.jpg\"]'),(95,6,2,5.00,'Very enthusiastic support! Excellent code is written. It\'s a true pleasure working with.','published','2023-01-02 21:22:32','2023-01-02 21:22:32','[\"products\\/2.jpg\",\"products\\/7.jpg\",\"products\\/16.jpg\"]'),(96,2,15,1.00,'Best ecommerce CMS online store!','published','2023-01-02 21:22:32','2023-01-02 21:22:32','[\"products\\/2.jpg\"]'),(97,9,10,5.00,'The best ecommerce CMS! Excellent coding! best support service! Thank you so much..... I really like your hard work.','published','2023-01-02 21:22:32','2023-01-02 21:22:32','[\"products\\/1.jpg\",\"products\\/6.jpg\"]'),(98,10,11,4.00,'Second or third time that I buy a Botble product, happy with the products and support. You guys do a good job :)','published','2023-01-02 21:22:32','2023-01-02 21:22:32','[\"products\\/1.jpg\",\"products\\/7.jpg\"]'),(99,5,2,5.00,'It\'s not my first experience here on Codecanyon and I can honestly tell you all that Botble puts a LOT of effort into the support. They answer so fast, they helped me tons of times. REALLY by far THE BEST EXPERIENCE on Codecanyon. Those guys at Botble are so good that they deserve 5 stars. I recommend them, I trust them and I can\'t wait to see what they will sell in a near future. Thank you Botble :)','published','2023-01-02 21:22:32','2023-01-02 21:22:32','{\"0\":\"products\\/2.jpg\",\"2\":\"products\\/17.jpg\"}'),(100,3,12,3.00,'Clean & perfect source code','published','2023-01-02 21:22:32','2023-01-02 21:22:32','[\"products\\/3.jpg\",\"products\\/6.jpg\"]');
/*!40000 ALTER TABLE `ec_reviews` ENABLE KEYS */;
UNLOCK TABLES;

--
-- Table structure for table `ec_shipment_histories`
--

DROP TABLE IF EXISTS `ec_shipment_histories`;
/*!40101 SET @saved_cs_client     = @@character_set_client */;
/*!50503 SET character_set_client = utf8mb4 */;
CREATE TABLE `ec_shipment_histories` (
  `id` bigint unsigned NOT NULL AUTO_INCREMENT,
  `action` varchar(120) COLLATE utf8mb4_unicode_ci NOT NULL,
  `description` varchar(255) COLLATE utf8mb4_unicode_ci NOT NULL,
  `user_id` int unsigned DEFAULT NULL,
  `shipment_id` int unsigned NOT NULL,
  `order_id` int unsigned NOT NULL,
  `created_at` timestamp NULL DEFAULT NULL,
  `updated_at` timestamp NULL DEFAULT NULL,
  PRIMARY KEY (`id`)
) ENGINE=InnoDB AUTO_INCREMENT=52 DEFAULT CHARSET=utf8mb4 COLLATE=utf8mb4_unicode_ci;
/*!40101 SET character_set_client = @saved_cs_client */;

--
-- Dumping data for table `ec_shipment_histories`
--

LOCK TABLES `ec_shipment_histories` WRITE;
/*!40000 ALTER TABLE `ec_shipment_histories` DISABLE KEYS */;
INSERT INTO `ec_shipment_histories` VALUES (1,'create_from_order','Shipping was created from order %order_id%',0,1,1,'2022-12-27 05:22:32','2022-12-27 05:22:32'),(2,'update_status','Changed status of shipping to: Approved. Updated by: %user_name%',0,1,1,'2023-01-01 05:22:32','2023-01-02 21:22:32'),(3,'create_from_order','Shipping was created from order %order_id%',0,2,2,'2022-12-21 05:22:32','2022-12-21 05:22:32'),(4,'update_status','Changed status of shipping to: Approved. Updated by: %user_name%',0,2,2,'2023-01-01 07:22:32','2023-01-02 21:22:32'),(5,'update_cod_status','Updated COD status to Completed . Updated by: %user_name%',0,2,2,'2023-01-02 21:22:32','2023-01-02 21:22:32'),(6,'update_status','Changed status of shipping to: Delivered. Updated by: %user_name%',0,2,2,'2023-01-02 21:22:32','2023-01-02 21:22:32'),(7,'create_from_order','Shipping was created from order %order_id%',0,3,3,'2022-12-18 21:22:32','2022-12-18 21:22:32'),(8,'update_status','Changed status of shipping to: Approved. Updated by: %user_name%',0,3,3,'2023-01-01 09:22:32','2023-01-02 21:22:32'),(9,'update_status','Changed status of shipping to: Delivered. Updated by: %user_name%',0,3,3,'2023-01-02 21:22:32','2023-01-02 21:22:32'),(10,'create_from_order','Shipping was created from order %order_id%',0,4,4,'2022-12-28 05:22:32','2022-12-28 05:22:32'),(11,'update_status','Changed status of shipping to: Approved. Updated by: %user_name%',0,4,4,'2023-01-01 11:22:32','2023-01-02 21:22:32'),(12,'create_from_order','Shipping was created from order %order_id%',0,5,5,'2022-12-28 13:22:32','2022-12-28 13:22:32'),(13,'update_status','Changed status of shipping to: Approved. Updated by: %user_name%',0,5,5,'2023-01-01 13:22:32','2023-01-02 21:22:32'),(14,'create_from_order','Shipping was created from order %order_id%',0,6,6,'2022-12-22 15:22:32','2022-12-22 15:22:32'),(15,'update_status','Changed status of shipping to: Approved. Updated by: %user_name%',0,6,6,'2023-01-01 15:22:32','2023-01-02 21:22:32'),(16,'update_cod_status','Updated COD status to Completed . Updated by: %user_name%',0,6,6,'2023-01-02 21:22:32','2023-01-02 21:22:32'),(17,'update_status','Changed status of shipping to: Delivered. Updated by: %user_name%',0,6,6,'2023-01-02 21:22:32','2023-01-02 21:22:32'),(18,'create_from_order','Shipping was created from order %order_id%',0,7,7,'2022-12-23 09:22:32','2022-12-23 09:22:32'),(19,'update_status','Changed status of shipping to: Approved. Updated by: %user_name%',0,7,7,'2023-01-01 17:22:32','2023-01-02 21:22:32'),(20,'update_status','Changed status of shipping to: Delivered. Updated by: %user_name%',0,7,7,'2023-01-02 21:22:32','2023-01-02 21:22:32'),(21,'create_from_order','Shipping was created from order %order_id%',0,8,8,'2022-12-30 15:22:32','2022-12-30 15:22:32'),(22,'update_status','Changed status of shipping to: Approved. Updated by: %user_name%',0,8,8,'2023-01-01 19:22:32','2023-01-02 21:22:32'),(23,'create_from_order','Shipping was created from order %order_id%',0,9,9,'2022-12-30 21:22:32','2022-12-30 21:22:32'),(24,'update_status','Changed status of shipping to: Approved. Updated by: %user_name%',0,9,9,'2023-01-01 21:22:32','2023-01-02 21:22:32'),(25,'update_status','Changed status of shipping to: Delivered. Updated by: %user_name%',0,9,9,'2023-01-02 21:22:32','2023-01-02 21:22:32'),(26,'create_from_order','Shipping was created from order %order_id%',0,10,10,'2022-12-26 13:22:32','2022-12-26 13:22:32'),(27,'update_status','Changed status of shipping to: Approved. Updated by: %user_name%',0,10,10,'2023-01-01 23:22:32','2023-01-02 21:22:32'),(28,'create_from_order','Shipping was created from order %order_id%',0,11,11,'2022-12-28 01:22:32','2022-12-28 01:22:32'),(29,'update_status','Changed status of shipping to: Approved. Updated by: %user_name%',0,11,11,'2023-01-02 01:22:32','2023-01-02 21:22:32'),(30,'create_from_order','Shipping was created from order %order_id%',0,12,12,'2022-12-30 21:22:32','2022-12-30 21:22:32'),(31,'update_status','Changed status of shipping to: Approved. Updated by: %user_name%',0,12,12,'2023-01-02 03:22:32','2023-01-02 21:22:32'),(32,'update_status','Changed status of shipping to: Delivered. Updated by: %user_name%',0,12,12,'2023-01-02 21:22:32','2023-01-02 21:22:32'),(33,'create_from_order','Shipping was created from order %order_id%',0,13,13,'2022-12-27 21:22:32','2022-12-27 21:22:32'),(34,'update_status','Changed status of shipping to: Approved. Updated by: %user_name%',0,13,13,'2023-01-02 05:22:32','2023-01-02 21:22:32'),(35,'create_from_order','Shipping was created from order %order_id%',0,14,14,'2022-12-29 05:22:32','2022-12-29 05:22:32'),(36,'update_status','Changed status of shipping to: Approved. Updated by: %user_name%',0,14,14,'2023-01-02 07:22:32','2023-01-02 21:22:32'),(37,'update_status','Changed status of shipping to: Delivered. Updated by: %user_name%',0,14,14,'2023-01-02 21:22:32','2023-01-02 21:22:32'),(38,'create_from_order','Shipping was created from order %order_id%',0,15,15,'2022-12-31 09:22:32','2022-12-31 09:22:32'),(39,'update_status','Changed status of shipping to: Approved. Updated by: %user_name%',0,15,15,'2023-01-02 09:22:32','2023-01-02 21:22:32'),(40,'create_from_order','Shipping was created from order %order_id%',0,16,16,'2022-12-31 09:22:32','2022-12-31 09:22:32'),(41,'update_status','Changed status of shipping to: Approved. Updated by: %user_name%',0,16,16,'2023-01-02 11:22:32','2023-01-02 21:22:32'),(42,'create_from_order','Shipping was created from order %order_id%',0,17,17,'2023-01-02 05:22:32','2023-01-02 05:22:32'),(43,'update_status','Changed status of shipping to: Approved. Updated by: %user_name%',0,17,17,'2023-01-02 13:22:32','2023-01-02 21:22:32'),(44,'update_status','Changed status of shipping to: Delivered. Updated by: %user_name%',0,17,17,'2023-01-02 21:22:33','2023-01-02 21:22:33'),(45,'create_from_order','Shipping was created from order %order_id%',0,18,18,'2023-01-01 09:22:33','2023-01-01 09:22:33'),(46,'update_status','Changed status of shipping to: Approved. Updated by: %user_name%',0,18,18,'2023-01-02 15:22:33','2023-01-02 21:22:33'),(47,'create_from_order','Shipping was created from order %order_id%',0,19,19,'2023-01-01 21:22:33','2023-01-01 21:22:33'),(48,'update_status','Changed status of shipping to: Approved. Updated by: %user_name%',0,19,19,'2023-01-02 17:22:33','2023-01-02 21:22:33'),(49,'create_from_order','Shipping was created from order %order_id%',0,20,20,'2023-01-02 15:22:33','2023-01-02 15:22:33'),(50,'update_status','Changed status of shipping to: Approved. Updated by: %user_name%',0,20,20,'2023-01-02 19:22:33','2023-01-02 21:22:33'),(51,'update_status','Changed status of shipping to: Delivered. Updated by: %user_name%',0,20,20,'2023-01-02 21:22:33','2023-01-02 21:22:33');
/*!40000 ALTER TABLE `ec_shipment_histories` ENABLE KEYS */;
UNLOCK TABLES;

--
-- Table structure for table `ec_shipments`
--

DROP TABLE IF EXISTS `ec_shipments`;
/*!40101 SET @saved_cs_client     = @@character_set_client */;
/*!50503 SET character_set_client = utf8mb4 */;
CREATE TABLE `ec_shipments` (
  `id` bigint unsigned NOT NULL AUTO_INCREMENT,
  `order_id` int unsigned NOT NULL,
  `user_id` int unsigned DEFAULT NULL,
  `weight` double(8,2) DEFAULT '0.00',
  `shipment_id` varchar(120) COLLATE utf8mb4_unicode_ci DEFAULT NULL,
  `rate_id` varchar(120) COLLATE utf8mb4_unicode_ci DEFAULT NULL,
  `note` varchar(120) COLLATE utf8mb4_unicode_ci DEFAULT NULL,
  `status` varchar(120) COLLATE utf8mb4_unicode_ci NOT NULL DEFAULT 'pending',
  `cod_amount` decimal(15,2) DEFAULT '0.00',
  `cod_status` varchar(60) COLLATE utf8mb4_unicode_ci NOT NULL DEFAULT 'pending',
  `cross_checking_status` varchar(60) COLLATE utf8mb4_unicode_ci NOT NULL DEFAULT 'pending',
  `price` decimal(15,2) DEFAULT '0.00',
  `store_id` int unsigned DEFAULT NULL,
  `created_at` timestamp NULL DEFAULT NULL,
  `updated_at` timestamp NULL DEFAULT NULL,
  `tracking_id` varchar(191) COLLATE utf8mb4_unicode_ci DEFAULT NULL,
  `shipping_company_name` varchar(191) COLLATE utf8mb4_unicode_ci DEFAULT NULL,
  `tracking_link` varchar(191) COLLATE utf8mb4_unicode_ci DEFAULT NULL,
  `estimate_date_shipped` datetime DEFAULT NULL,
  `date_shipped` datetime DEFAULT NULL,
  `label_url` text COLLATE utf8mb4_unicode_ci,
  `metadata` mediumtext COLLATE utf8mb4_unicode_ci,
  PRIMARY KEY (`id`)
) ENGINE=InnoDB AUTO_INCREMENT=21 DEFAULT CHARSET=utf8mb4 COLLATE=utf8mb4_unicode_ci;
/*!40101 SET character_set_client = @saved_cs_client */;

--
-- Dumping data for table `ec_shipments`
--

LOCK TABLES `ec_shipments` WRITE;
/*!40000 ALTER TABLE `ec_shipments` DISABLE KEYS */;
INSERT INTO `ec_shipments` VALUES (1,1,NULL,4030.00,NULL,NULL,'','approved',0.00,'completed','pending',0.00,0,'2023-01-02 21:22:32','2023-01-02 21:22:32','JJD0073661610','AliExpress','https://mydhl.express.dhl/us/en/tracking.html#/track-by-reference','2023-01-05 04:22:32',NULL,NULL,NULL),(2,2,NULL,4674.00,NULL,NULL,'','delivered',856.00,'completed','pending',0.00,0,'2023-01-02 21:22:32','2023-01-02 21:22:32','JJD0016049491','DHL','https://mydhl.express.dhl/us/en/tracking.html#/track-by-reference','2023-01-12 04:22:32','2023-01-03 04:22:32',NULL,NULL),(3,3,NULL,5633.00,NULL,NULL,'','delivered',0.00,'completed','pending',0.00,0,'2023-01-02 21:22:32','2023-01-02 21:22:32','JJD0037130172','FastShipping','https://mydhl.express.dhl/us/en/tracking.html#/track-by-reference','2023-01-04 04:22:32','2023-01-03 04:22:32',NULL,NULL),(4,4,NULL,4071.00,NULL,NULL,'','approved',0.00,'completed','pending',0.00,0,'2023-01-02 21:22:32','2023-01-02 21:22:32','JJD0058693264','AliExpress','https://mydhl.express.dhl/us/en/tracking.html#/track-by-reference','2023-01-07 04:22:32',NULL,NULL,NULL),(5,5,NULL,4693.00,NULL,NULL,'','approved',0.00,'completed','pending',0.00,0,'2023-01-02 21:22:32','2023-01-02 21:22:32','JJD007114680','FastShipping','https://mydhl.express.dhl/us/en/tracking.html#/track-by-reference','2023-01-11 04:22:32',NULL,NULL,NULL),(6,6,NULL,4839.00,NULL,NULL,'','delivered',859.00,'completed','pending',0.00,0,'2023-01-02 21:22:32','2023-01-02 21:22:32','JJD0018454871','GHN','https://mydhl.express.dhl/us/en/tracking.html#/track-by-reference','2023-01-06 04:22:32','2023-01-03 04:22:32',NULL,NULL),(7,7,NULL,3881.00,NULL,NULL,'','delivered',0.00,'completed','pending',0.00,0,'2023-01-02 21:22:32','2023-01-02 21:22:32','JJD0050911439','AliExpress','https://mydhl.express.dhl/us/en/tracking.html#/track-by-reference','2023-01-10 04:22:32','2023-01-03 04:22:32',NULL,NULL),(8,8,NULL,3771.00,NULL,NULL,'','approved',0.00,'completed','pending',0.00,0,'2023-01-02 21:22:32','2023-01-02 21:22:32','JJD0029320304','GHN','https://mydhl.express.dhl/us/en/tracking.html#/track-by-reference','2023-01-11 04:22:32',NULL,NULL,NULL),(9,9,NULL,2652.00,NULL,NULL,'','delivered',0.00,'completed','pending',0.00,0,'2023-01-02 21:22:32','2023-01-02 21:22:32','JJD0093729299','GHN','https://mydhl.express.dhl/us/en/tracking.html#/track-by-reference','2023-01-12 04:22:32','2023-01-03 04:22:32',NULL,NULL),(10,10,NULL,2118.00,NULL,NULL,'','approved',0.00,'completed','pending',0.00,0,'2023-01-02 21:22:32','2023-01-02 21:22:32','JJD0023678105','AliExpress','https://mydhl.express.dhl/us/en/tracking.html#/track-by-reference','2023-01-11 04:22:32',NULL,NULL,NULL),(11,11,NULL,5737.00,NULL,NULL,'','approved',0.00,'completed','pending',0.00,0,'2023-01-02 21:22:32','2023-01-02 21:22:32','JJD0098521961','GHN','https://mydhl.express.dhl/us/en/tracking.html#/track-by-reference','2023-01-13 04:22:32',NULL,NULL,NULL),(12,12,NULL,3393.00,NULL,NULL,'','delivered',0.00,'completed','pending',0.00,0,'2023-01-02 21:22:32','2023-01-02 21:22:32','JJD0080613992','DHL','https://mydhl.express.dhl/us/en/tracking.html#/track-by-reference','2023-01-09 04:22:32','2023-01-03 04:22:32',NULL,NULL),(13,13,NULL,4923.00,NULL,NULL,'','approved',1293.00,'pending','pending',0.00,0,'2023-01-02 21:22:32','2023-01-02 21:22:32','JJD0011177840','AliExpress','https://mydhl.express.dhl/us/en/tracking.html#/track-by-reference','2023-01-13 04:22:32',NULL,NULL,NULL),(14,14,NULL,4351.00,NULL,NULL,'','delivered',0.00,'completed','pending',0.00,0,'2023-01-02 21:22:32','2023-01-02 21:22:32','JJD0088104924','AliExpress','https://mydhl.express.dhl/us/en/tracking.html#/track-by-reference','2023-01-09 04:22:32','2023-01-03 04:22:32',NULL,NULL),(15,15,NULL,5149.00,NULL,NULL,'','approved',0.00,'completed','pending',0.00,0,'2023-01-02 21:22:32','2023-01-02 21:22:32','JJD0062044098','FastShipping','https://mydhl.express.dhl/us/en/tracking.html#/track-by-reference','2023-01-10 04:22:32',NULL,NULL,NULL),(16,16,NULL,5916.00,NULL,NULL,'','approved',0.00,'completed','pending',0.00,0,'2023-01-02 21:22:32','2023-01-02 21:22:32','JJD0099351264','AliExpress','https://mydhl.express.dhl/us/en/tracking.html#/track-by-reference','2023-01-12 04:22:32',NULL,NULL,NULL),(17,17,NULL,3161.00,NULL,NULL,'','delivered',0.00,'completed','pending',0.00,0,'2023-01-02 21:22:32','2023-01-02 21:22:32','JJD0017941071','FastShipping','https://mydhl.express.dhl/us/en/tracking.html#/track-by-reference','2023-01-04 04:22:32','2023-01-03 04:22:32',NULL,NULL),(18,18,NULL,1430.00,NULL,NULL,'','approved',0.00,'completed','pending',0.00,0,'2023-01-02 21:22:33','2023-01-02 21:22:33','JJD0089477010','FastShipping','https://mydhl.express.dhl/us/en/tracking.html#/track-by-reference','2023-01-04 04:22:33',NULL,NULL,NULL),(19,19,NULL,2436.00,NULL,NULL,'','approved',0.00,'completed','pending',0.00,0,'2023-01-02 21:22:33','2023-01-02 21:22:33','JJD0022921030','AliExpress','https://mydhl.express.dhl/us/en/tracking.html#/track-by-reference','2023-01-10 04:22:33',NULL,NULL,NULL),(20,20,NULL,2246.00,NULL,NULL,'','delivered',0.00,'completed','pending',0.00,0,'2023-01-02 21:22:33','2023-01-02 21:22:33','JJD006749947','GHN','https://mydhl.express.dhl/us/en/tracking.html#/track-by-reference','2023-01-05 04:22:33','2023-01-03 04:22:33',NULL,NULL);
/*!40000 ALTER TABLE `ec_shipments` ENABLE KEYS */;
UNLOCK TABLES;

--
-- Table structure for table `ec_shipping`
--

DROP TABLE IF EXISTS `ec_shipping`;
/*!40101 SET @saved_cs_client     = @@character_set_client */;
/*!50503 SET character_set_client = utf8mb4 */;
CREATE TABLE `ec_shipping` (
  `id` bigint unsigned NOT NULL AUTO_INCREMENT,
  `title` varchar(191) COLLATE utf8mb4_unicode_ci DEFAULT NULL,
  `country` varchar(120) COLLATE utf8mb4_unicode_ci DEFAULT NULL,
  `created_at` timestamp NULL DEFAULT NULL,
  `updated_at` timestamp NULL DEFAULT NULL,
  PRIMARY KEY (`id`)
) ENGINE=InnoDB AUTO_INCREMENT=2 DEFAULT CHARSET=utf8mb4 COLLATE=utf8mb4_unicode_ci;
/*!40101 SET character_set_client = @saved_cs_client */;

--
-- Dumping data for table `ec_shipping`
--

LOCK TABLES `ec_shipping` WRITE;
/*!40000 ALTER TABLE `ec_shipping` DISABLE KEYS */;
INSERT INTO `ec_shipping` VALUES (1,'All',NULL,'2023-01-02 21:22:32','2023-01-02 21:22:32');
/*!40000 ALTER TABLE `ec_shipping` ENABLE KEYS */;
UNLOCK TABLES;

--
-- Table structure for table `ec_shipping_rule_items`
--

DROP TABLE IF EXISTS `ec_shipping_rule_items`;
/*!40101 SET @saved_cs_client     = @@character_set_client */;
/*!50503 SET character_set_client = utf8mb4 */;
CREATE TABLE `ec_shipping_rule_items` (
  `id` bigint unsigned NOT NULL AUTO_INCREMENT,
  `shipping_rule_id` int unsigned NOT NULL,
  `country` varchar(120) COLLATE utf8mb4_unicode_ci DEFAULT NULL,
  `state` varchar(120) COLLATE utf8mb4_unicode_ci DEFAULT NULL,
  `city` varchar(120) COLLATE utf8mb4_unicode_ci DEFAULT NULL,
  `zip_code` varchar(20) COLLATE utf8mb4_unicode_ci DEFAULT NULL,
  `adjustment_price` decimal(15,2) DEFAULT '0.00',
  `is_enabled` tinyint(1) NOT NULL DEFAULT '1',
  `created_at` timestamp NULL DEFAULT NULL,
  `updated_at` timestamp NULL DEFAULT NULL,
  PRIMARY KEY (`id`)
) ENGINE=InnoDB DEFAULT CHARSET=utf8mb4 COLLATE=utf8mb4_unicode_ci;
/*!40101 SET character_set_client = @saved_cs_client */;

--
-- Dumping data for table `ec_shipping_rule_items`
--

LOCK TABLES `ec_shipping_rule_items` WRITE;
/*!40000 ALTER TABLE `ec_shipping_rule_items` DISABLE KEYS */;
/*!40000 ALTER TABLE `ec_shipping_rule_items` ENABLE KEYS */;
UNLOCK TABLES;

--
-- Table structure for table `ec_shipping_rules`
--

DROP TABLE IF EXISTS `ec_shipping_rules`;
/*!40101 SET @saved_cs_client     = @@character_set_client */;
/*!50503 SET character_set_client = utf8mb4 */;
CREATE TABLE `ec_shipping_rules` (
  `id` bigint unsigned NOT NULL AUTO_INCREMENT,
  `name` varchar(120) COLLATE utf8mb4_unicode_ci NOT NULL,
  `shipping_id` int unsigned NOT NULL,
  `type` varchar(24) CHARACTER SET utf8mb4 COLLATE utf8mb4_unicode_ci DEFAULT 'based_on_price',
  `from` decimal(15,2) DEFAULT '0.00',
  `to` decimal(15,2) DEFAULT '0.00',
  `price` decimal(15,2) DEFAULT '0.00',
  `created_at` timestamp NULL DEFAULT NULL,
  `updated_at` timestamp NULL DEFAULT NULL,
  PRIMARY KEY (`id`)
) ENGINE=InnoDB AUTO_INCREMENT=2 DEFAULT CHARSET=utf8mb4 COLLATE=utf8mb4_unicode_ci;
/*!40101 SET character_set_client = @saved_cs_client */;

--
-- Dumping data for table `ec_shipping_rules`
--

LOCK TABLES `ec_shipping_rules` WRITE;
/*!40000 ALTER TABLE `ec_shipping_rules` DISABLE KEYS */;
INSERT INTO `ec_shipping_rules` VALUES (1,'Free delivery',1,'based_on_price',0.00,NULL,0.00,'2023-01-02 21:22:32','2023-01-02 21:22:32');
/*!40000 ALTER TABLE `ec_shipping_rules` ENABLE KEYS */;
UNLOCK TABLES;

--
-- Table structure for table `ec_store_locators`
--

DROP TABLE IF EXISTS `ec_store_locators`;
/*!40101 SET @saved_cs_client     = @@character_set_client */;
/*!50503 SET character_set_client = utf8mb4 */;
CREATE TABLE `ec_store_locators` (
  `id` bigint unsigned NOT NULL AUTO_INCREMENT,
  `name` varchar(60) COLLATE utf8mb4_unicode_ci NOT NULL,
  `email` varchar(60) COLLATE utf8mb4_unicode_ci DEFAULT NULL,
  `phone` varchar(20) COLLATE utf8mb4_unicode_ci NOT NULL,
  `address` varchar(255) COLLATE utf8mb4_unicode_ci NOT NULL,
  `country` varchar(120) COLLATE utf8mb4_unicode_ci DEFAULT NULL,
  `state` varchar(120) COLLATE utf8mb4_unicode_ci DEFAULT NULL,
  `city` varchar(120) COLLATE utf8mb4_unicode_ci DEFAULT NULL,
  `is_primary` tinyint(1) DEFAULT '0',
  `is_shipping_location` tinyint(1) DEFAULT '1',
  `created_at` timestamp NULL DEFAULT NULL,
  `updated_at` timestamp NULL DEFAULT NULL,
  PRIMARY KEY (`id`)
) ENGINE=InnoDB AUTO_INCREMENT=2 DEFAULT CHARSET=utf8mb4 COLLATE=utf8mb4_unicode_ci;
/*!40101 SET character_set_client = @saved_cs_client */;

--
-- Dumping data for table `ec_store_locators`
--

LOCK TABLES `ec_store_locators` WRITE;
/*!40000 ALTER TABLE `ec_store_locators` DISABLE KEYS */;
INSERT INTO `ec_store_locators` VALUES (1,'Wowy','sales@botble.com','18006268','North Link Building, 10 Admiralty Street','SG','Singapore','Singapore',1,1,'2023-01-02 21:22:32','2023-01-02 21:22:32');
/*!40000 ALTER TABLE `ec_store_locators` ENABLE KEYS */;
UNLOCK TABLES;

--
-- Table structure for table `ec_tax_products`
--

DROP TABLE IF EXISTS `ec_tax_products`;
/*!40101 SET @saved_cs_client     = @@character_set_client */;
/*!50503 SET character_set_client = utf8mb4 */;
CREATE TABLE `ec_tax_products` (
  `id` bigint unsigned NOT NULL AUTO_INCREMENT,
  `tax_id` int unsigned NOT NULL,
  `product_id` int unsigned NOT NULL,
  PRIMARY KEY (`id`),
  KEY `ec_tax_products_tax_id_index` (`tax_id`),
  KEY `ec_tax_products_product_id_index` (`product_id`)
) ENGINE=InnoDB AUTO_INCREMENT=25 DEFAULT CHARSET=utf8mb4 COLLATE=utf8mb4_unicode_ci;
/*!40101 SET character_set_client = @saved_cs_client */;

--
-- Dumping data for table `ec_tax_products`
--

LOCK TABLES `ec_tax_products` WRITE;
/*!40000 ALTER TABLE `ec_tax_products` DISABLE KEYS */;
INSERT INTO `ec_tax_products` VALUES (1,1,1),(2,1,2),(3,1,3),(4,1,4),(5,1,5),(6,1,6),(7,1,7),(8,1,8),(9,1,9),(10,1,10),(11,1,11),(12,1,12),(13,1,13),(14,1,14),(15,1,15),(16,1,16),(17,1,17),(18,1,18),(19,1,19),(20,1,20),(21,1,21),(22,1,22),(23,1,23),(24,1,24);
/*!40000 ALTER TABLE `ec_tax_products` ENABLE KEYS */;
UNLOCK TABLES;

--
-- Table structure for table `ec_taxes`
--

DROP TABLE IF EXISTS `ec_taxes`;
/*!40101 SET @saved_cs_client     = @@character_set_client */;
/*!50503 SET character_set_client = utf8mb4 */;
CREATE TABLE `ec_taxes` (
  `id` bigint unsigned NOT NULL AUTO_INCREMENT,
  `title` varchar(191) COLLATE utf8mb4_unicode_ci DEFAULT NULL,
  `percentage` double(8,6) DEFAULT NULL,
  `priority` int DEFAULT NULL,
  `status` varchar(60) COLLATE utf8mb4_unicode_ci NOT NULL DEFAULT 'published',
  `created_at` timestamp NULL DEFAULT NULL,
  `updated_at` timestamp NULL DEFAULT NULL,
  PRIMARY KEY (`id`)
) ENGINE=InnoDB AUTO_INCREMENT=4 DEFAULT CHARSET=utf8mb4 COLLATE=utf8mb4_unicode_ci;
/*!40101 SET character_set_client = @saved_cs_client */;

--
-- Dumping data for table `ec_taxes`
--

LOCK TABLES `ec_taxes` WRITE;
/*!40000 ALTER TABLE `ec_taxes` DISABLE KEYS */;
INSERT INTO `ec_taxes` VALUES (1,'VAT',10.000000,1,'published','2023-01-02 21:22:31','2023-01-02 21:22:31'),(2,'None',0.000000,2,'published','2023-01-02 21:22:31','2023-01-02 21:22:31'),(3,'Import Tax',15.000000,3,'published','2023-01-02 21:22:31','2023-01-02 21:22:31');
/*!40000 ALTER TABLE `ec_taxes` ENABLE KEYS */;
UNLOCK TABLES;

--
-- Table structure for table `ec_wish_lists`
--

DROP TABLE IF EXISTS `ec_wish_lists`;
/*!40101 SET @saved_cs_client     = @@character_set_client */;
/*!50503 SET character_set_client = utf8mb4 */;
CREATE TABLE `ec_wish_lists` (
  `id` bigint unsigned NOT NULL AUTO_INCREMENT,
  `customer_id` int unsigned NOT NULL,
  `product_id` int unsigned NOT NULL,
  `created_at` timestamp NULL DEFAULT NULL,
  `updated_at` timestamp NULL DEFAULT NULL,
  PRIMARY KEY (`id`),
  KEY `ec_wish_lists_product_id_customer_id_index` (`product_id`,`customer_id`)
) ENGINE=InnoDB DEFAULT CHARSET=utf8mb4 COLLATE=utf8mb4_unicode_ci;
/*!40101 SET character_set_client = @saved_cs_client */;

--
-- Dumping data for table `ec_wish_lists`
--

LOCK TABLES `ec_wish_lists` WRITE;
/*!40000 ALTER TABLE `ec_wish_lists` DISABLE KEYS */;
/*!40000 ALTER TABLE `ec_wish_lists` ENABLE KEYS */;
UNLOCK TABLES;

--
-- Table structure for table `failed_jobs`
--

DROP TABLE IF EXISTS `failed_jobs`;
/*!40101 SET @saved_cs_client     = @@character_set_client */;
/*!50503 SET character_set_client = utf8mb4 */;
CREATE TABLE `failed_jobs` (
  `id` bigint unsigned NOT NULL AUTO_INCREMENT,
  `uuid` varchar(191) COLLATE utf8mb4_unicode_ci NOT NULL,
  `connection` text COLLATE utf8mb4_unicode_ci NOT NULL,
  `queue` text COLLATE utf8mb4_unicode_ci NOT NULL,
  `payload` longtext COLLATE utf8mb4_unicode_ci NOT NULL,
  `exception` longtext COLLATE utf8mb4_unicode_ci NOT NULL,
  `failed_at` timestamp NOT NULL DEFAULT CURRENT_TIMESTAMP,
  PRIMARY KEY (`id`),
  UNIQUE KEY `failed_jobs_uuid_unique` (`uuid`)
) ENGINE=InnoDB DEFAULT CHARSET=utf8mb4 COLLATE=utf8mb4_unicode_ci;
/*!40101 SET character_set_client = @saved_cs_client */;

--
-- Dumping data for table `failed_jobs`
--

LOCK TABLES `failed_jobs` WRITE;
/*!40000 ALTER TABLE `failed_jobs` DISABLE KEYS */;
/*!40000 ALTER TABLE `failed_jobs` ENABLE KEYS */;
UNLOCK TABLES;

--
-- Table structure for table `faq_categories`
--

DROP TABLE IF EXISTS `faq_categories`;
/*!40101 SET @saved_cs_client     = @@character_set_client */;
/*!50503 SET character_set_client = utf8mb4 */;
CREATE TABLE `faq_categories` (
  `id` bigint unsigned NOT NULL AUTO_INCREMENT,
  `name` varchar(120) COLLATE utf8mb4_unicode_ci NOT NULL,
  `order` tinyint NOT NULL DEFAULT '0',
  `status` varchar(60) COLLATE utf8mb4_unicode_ci NOT NULL DEFAULT 'published',
  `created_at` timestamp NULL DEFAULT NULL,
  `updated_at` timestamp NULL DEFAULT NULL,
  PRIMARY KEY (`id`)
) ENGINE=InnoDB AUTO_INCREMENT=4 DEFAULT CHARSET=utf8mb4 COLLATE=utf8mb4_unicode_ci;
/*!40101 SET character_set_client = @saved_cs_client */;

--
-- Dumping data for table `faq_categories`
--

LOCK TABLES `faq_categories` WRITE;
/*!40000 ALTER TABLE `faq_categories` DISABLE KEYS */;
INSERT INTO `faq_categories` VALUES (1,'Shipping',0,'published','2023-01-02 21:22:37','2023-01-02 21:22:37'),(2,'Payment',1,'published','2023-01-02 21:22:37','2023-01-02 21:22:37'),(3,'Order &amp; Returns',2,'published','2023-01-02 21:22:37','2023-01-02 21:22:37');
/*!40000 ALTER TABLE `faq_categories` ENABLE KEYS */;
UNLOCK TABLES;

--
-- Table structure for table `faq_categories_translations`
--

DROP TABLE IF EXISTS `faq_categories_translations`;
/*!40101 SET @saved_cs_client     = @@character_set_client */;
/*!50503 SET character_set_client = utf8mb4 */;
CREATE TABLE `faq_categories_translations` (
  `lang_code` varchar(191) COLLATE utf8mb4_unicode_ci NOT NULL,
  `faq_categories_id` int NOT NULL,
  `name` varchar(120) COLLATE utf8mb4_unicode_ci DEFAULT NULL,
  PRIMARY KEY (`lang_code`,`faq_categories_id`)
) ENGINE=InnoDB DEFAULT CHARSET=utf8mb4 COLLATE=utf8mb4_unicode_ci;
/*!40101 SET character_set_client = @saved_cs_client */;

--
-- Dumping data for table `faq_categories_translations`
--

LOCK TABLES `faq_categories_translations` WRITE;
/*!40000 ALTER TABLE `faq_categories_translations` DISABLE KEYS */;
INSERT INTO `faq_categories_translations` VALUES ('vi',1,'VẬN CHUYỂN'),('vi',2,'THANH TOÁN'),('vi',3,'ĐƠN HÀNG & HOÀN TRẢ');
/*!40000 ALTER TABLE `faq_categories_translations` ENABLE KEYS */;
UNLOCK TABLES;

--
-- Table structure for table `faqs`
--

DROP TABLE IF EXISTS `faqs`;
/*!40101 SET @saved_cs_client     = @@character_set_client */;
/*!50503 SET character_set_client = utf8mb4 */;
CREATE TABLE `faqs` (
  `id` bigint unsigned NOT NULL AUTO_INCREMENT,
  `question` text COLLATE utf8mb4_unicode_ci NOT NULL,
  `answer` text COLLATE utf8mb4_unicode_ci NOT NULL,
  `category_id` int unsigned NOT NULL,
  `status` varchar(60) COLLATE utf8mb4_unicode_ci NOT NULL DEFAULT 'published',
  `created_at` timestamp NULL DEFAULT NULL,
  `updated_at` timestamp NULL DEFAULT NULL,
  PRIMARY KEY (`id`)
) ENGINE=InnoDB AUTO_INCREMENT=11 DEFAULT CHARSET=utf8mb4 COLLATE=utf8mb4_unicode_ci;
/*!40101 SET character_set_client = @saved_cs_client */;

--
-- Dumping data for table `faqs`
--

LOCK TABLES `faqs` WRITE;
/*!40000 ALTER TABLE `faqs` DISABLE KEYS */;
INSERT INTO `faqs` VALUES (1,'What Shipping Methods Are Available?','Ex Portland Pitchfork irure mustache. Eutra fap before they sold out literally. Aliquip ugh bicycle rights actually mlkshk, seitan squid craft beer tempor.',1,'published','2023-01-02 21:22:37','2023-01-02 21:22:37'),(2,'Do You Ship Internationally?','Hoodie tote bag mixtape tofu. Typewriter jean shorts wolf quinoa, messenger bag organic freegan cray.',1,'published','2023-01-02 21:22:37','2023-01-02 21:22:37'),(3,'How Long Will It Take To Get My Package?','Swag slow-carb quinoa VHS typewriter pork belly brunch, paleo single-origin coffee Wes Anderson. Flexitarian Pitchfork forage, literally paleo fap pour-over. Wes Anderson Pinterest YOLO fanny pack meggings, deep v XOXO chambray sustainable slow-carb raw denim church-key fap chillwave Etsy. +1 typewriter kitsch, American Apparel tofu Banksy Vice.',1,'published','2023-01-02 21:22:37','2023-01-02 21:22:37'),(4,'What Payment Methods Are Accepted?','Fashion axe DIY jean shorts, swag kale chips meh polaroid kogi butcher Wes Anderson chambray next level semiotics gentrify yr. Voluptate photo booth fugiat Vice. Austin sed Williamsburg, ea labore raw denim voluptate cred proident mixtape excepteur mustache. Twee chia photo booth readymade food truck, hoodie roof party swag keytar PBR DIY.',2,'published','2023-01-02 21:22:37','2023-01-02 21:22:37'),(5,'Is Buying On-Line Safe?','Art party authentic freegan semiotics jean shorts chia cred. Neutra Austin roof party Brooklyn, synth Thundercats swag 8-bit photo booth. Plaid letterpress leggings craft beer meh ethical Pinterest.',2,'published','2023-01-02 21:22:37','2023-01-02 21:22:37'),(6,'How do I place an Order?','Keytar cray slow-carb, Godard banh mi salvia pour-over. Slow-carb Odd Future seitan normcore. Master cleanse American Apparel gentrify flexitarian beard slow-carb next level. Raw denim polaroid paleo farm-to-table, put a bird on it lo-fi tattooed Wes Anderson Pinterest letterpress. Fingerstache McSweeney’s pour-over, letterpress Schlitz photo booth master cleanse bespoke hashtag chillwave gentrify.',3,'published','2023-01-02 21:22:37','2023-01-02 21:22:37'),(7,'How Can I Cancel Or Change My Order?','Plaid letterpress leggings craft beer meh ethical Pinterest. Art party authentic freegan semiotics jean shorts chia cred. Neutra Austin roof party Brooklyn, synth Thundercats swag 8-bit photo booth.',3,'published','2023-01-02 21:22:37','2023-01-02 21:22:37'),(8,'Do I need an account to place an order?','Thundercats swag 8-bit photo booth. Plaid letterpress leggings craft beer meh ethical Pinterest. Twee chia photo booth readymade food truck, hoodie roof party swag keytar PBR DIY. Cray ugh 3 wolf moon fap, fashion axe irony butcher cornhole typewriter chambray VHS banjo street art.',3,'published','2023-01-02 21:22:37','2023-01-02 21:22:37'),(9,'How Do I Track My Order?','Keytar cray slow-carb, Godard banh mi salvia pour-over. Slow-carb @Odd Future seitan normcore. Master cleanse American Apparel gentrify flexitarian beard slow-carb next level.',3,'published','2023-01-02 21:22:37','2023-01-02 21:22:37'),(10,'How Can I Return a Product?','Kale chips Truffaut Williamsburg, hashtag fixie Pinterest raw denim c hambray drinking vinegar Carles street art Bushwick gastropub. Wolf Tumblr paleo church-key. Plaid food truck Echo Park YOLO bitters hella, direct trade Thundercats leggings quinoa before they sold out. You probably haven’t heard of them wayfarers authentic umami drinking vinegar Pinterest Cosby sweater, fingerstache fap High Life.',3,'published','2023-01-02 21:22:37','2023-01-02 21:22:37');
/*!40000 ALTER TABLE `faqs` ENABLE KEYS */;
UNLOCK TABLES;

--
-- Table structure for table `faqs_translations`
--

DROP TABLE IF EXISTS `faqs_translations`;
/*!40101 SET @saved_cs_client     = @@character_set_client */;
/*!50503 SET character_set_client = utf8mb4 */;
CREATE TABLE `faqs_translations` (
  `lang_code` varchar(191) COLLATE utf8mb4_unicode_ci NOT NULL,
  `faqs_id` int NOT NULL,
  `question` text COLLATE utf8mb4_unicode_ci,
  `answer` text COLLATE utf8mb4_unicode_ci,
  PRIMARY KEY (`lang_code`,`faqs_id`)
) ENGINE=InnoDB DEFAULT CHARSET=utf8mb4 COLLATE=utf8mb4_unicode_ci;
/*!40101 SET character_set_client = @saved_cs_client */;

--
-- Dumping data for table `faqs_translations`
--

LOCK TABLES `faqs_translations` WRITE;
/*!40000 ALTER TABLE `faqs_translations` DISABLE KEYS */;
INSERT INTO `faqs_translations` VALUES ('vi',1,'Có những phương thức vận chuyển nào?','Ex Portland Pitchfork irure ria mép. Eutra fap trước khi họ bán hết theo đúng nghĩa đen. Aliquip ugh quyền xe đạp thực sự mlkshk, rượu bia thủ công mực seitan. '),('vi',2,'Bạn có giao hàng quốc tế không?','Áo hoodie túi tote Tofu mixtape. Quần đùi jean đánh chữ Wolf quinoa, túi messenger hữu cơ freegan cray. '),('vi',3,'Mất bao lâu để nhận được gói hàng của tôi?','Bữa nửa buổi ăn sáng bằng bụng heo quay từ máy đánh chữ VHS, cà phê có nguồn gốc đơn Paleo, Wes Anderson. Khoan Pitchfork linh hoạt, theo nghĩa đen là đổ qua fap theo nghĩa đen. Wes Anderson Pinterest YOLO fanny pack meggings, deep v XOXO chambray bền vững slow-carb raw denim Church-key fap chillwave Etsy. +1 bộ dụng cụ đánh máy, đậu phụ Banksy Vice của American Apparel. '),('vi',4,'Phương thức thanh toán nào được chấp nhận?','Fashion Axe DIY jean shorts, swag kale chips meh polaroid kogi butcher Wes Anderson chambray next level semiotics gentrify yr. Quầy ảnh Voluptate fugiat Vice. Austin sed Williamsburg, ea labore raw denim voluptate cred proident mixtape excepteur ria mép. Twee chia gian hàng chụp ảnh xe bán đồ ăn sẵn, bữa tiệc trên mái áo hoodie swag keytar PBR DIY. '),('vi',5,'Mua trực tuyến có an toàn không?','Bữa tiệc nghệ thuật đích thực freegan semiotics jean shorts chia credit. Tiệc trên mái nhà Neutra Austin Brooklyn, Thundercats swag synth gian hàng ảnh 8-bit. Xà cạp letterpress kẻ sọc thủ công bia meh đạo đức Pinterest. '),('vi',6,'Làm cách nào để đặt hàng?','Keytar cray slow-carb, Godard banh mi salvia pour-over. Slow-carb Odd Định mức seitan trong tương lai. Master làm sạch American Apparel nhẹ nhàng làm sạch râu linh hoạt chậm carb cấp độ tiếp theo. Vải thô denim polaroid nhạt từ trang trại đến bàn, đặt một con chim trên đó hình xăm lo-fi Wes Anderson Pinterest letterpress. Bậc thầy gian hàng ảnh Schlitz của Fingerstache McSweeney đang làm sạch thẻ bắt đầu bằng hashtag theo yêu cầu riêng, chillwave gentrify. '),('vi',7,'Làm cách nào để tôi có thể hủy hoặc thay đổi đơn hàng của mình?','Xà cạp letterpress kẻ sọc thủ công bia meh đạo đức Pinterest. Bữa tiệc nghệ thuật đích thực freegan semiotics jean shorts chia tín. Tiệc trên mái nhà Neutra Austin ở Brooklyn, synth Thundercats có gian hàng ảnh 8-bit. '),('vi',8,'Tôi có cần tài khoản để đặt hàng không?','Thundercats làm lung lay gian hàng ảnh 8-bit. Xà cạp letterpress kẻ sọc thủ công bia meh đạo đức Pinterest. Twee chia ảnh gian hàng xe bán thức ăn làm sẵn, bữa tiệc trên mái áo hoodie swag keytar PBR DIY. Cray ugh 3 wolf moon fap, rìu thời trang mỉa mai người bán thịt máy đánh chữ chambray VHS banjo nghệ thuật đường phố. '),('vi',9,'Làm cách nào để theo dõi đơn hàng của tôi?','Keytar cray slow-carb, Godard banh mi salvia pour-over. Slow-carb @Odd Định mức seitan trong tương lai. Bậc thầy làm sạch American Apparel nhẹ nhàng làm sạch râu linh hoạt theo kiểu chậm carb cấp độ tiếp theo. '),('vi',10,'Làm cách nào để trả lại sản phẩm?','Kale chips Truffaut Williamsburg, fixie hashtag Pinterest raw denim c hambray uống giấm Carles street art Bushwick gastropub. Chìa khóa nhà thờ Wolf Tumblr. Xe tải thực phẩm kẻ sọc Echo Park YOLO cắn hella, giao dịch trực tiếp Thundercats legging quinoa trước khi bán hết. Có thể bạn chưa từng nghe nói về họ những người truyền bá vị umami đích thực uống giấm Pinterest Áo len Cosby, fingerstache fap High Life. ');
/*!40000 ALTER TABLE `faqs_translations` ENABLE KEYS */;
UNLOCK TABLES;

--
-- Table structure for table `jobs`
--

DROP TABLE IF EXISTS `jobs`;
/*!40101 SET @saved_cs_client     = @@character_set_client */;
/*!50503 SET character_set_client = utf8mb4 */;
CREATE TABLE `jobs` (
  `id` bigint unsigned NOT NULL AUTO_INCREMENT,
  `queue` varchar(191) COLLATE utf8mb4_unicode_ci NOT NULL,
  `payload` longtext COLLATE utf8mb4_unicode_ci NOT NULL,
  `attempts` tinyint unsigned NOT NULL,
  `reserved_at` int unsigned DEFAULT NULL,
  `available_at` int unsigned NOT NULL,
  `created_at` int unsigned NOT NULL,
  PRIMARY KEY (`id`),
  KEY `jobs_queue_index` (`queue`)
) ENGINE=InnoDB DEFAULT CHARSET=utf8mb4 COLLATE=utf8mb4_unicode_ci;
/*!40101 SET character_set_client = @saved_cs_client */;

--
-- Dumping data for table `jobs`
--

LOCK TABLES `jobs` WRITE;
/*!40000 ALTER TABLE `jobs` DISABLE KEYS */;
/*!40000 ALTER TABLE `jobs` ENABLE KEYS */;
UNLOCK TABLES;

--
-- Table structure for table `language_meta`
--

DROP TABLE IF EXISTS `language_meta`;
/*!40101 SET @saved_cs_client     = @@character_set_client */;
/*!50503 SET character_set_client = utf8mb4 */;
CREATE TABLE `language_meta` (
  `lang_meta_id` int unsigned NOT NULL AUTO_INCREMENT,
  `lang_meta_code` text COLLATE utf8mb4_unicode_ci,
  `lang_meta_origin` varchar(255) COLLATE utf8mb4_unicode_ci NOT NULL,
  `reference_id` int unsigned NOT NULL,
  `reference_type` varchar(120) COLLATE utf8mb4_unicode_ci NOT NULL,
  PRIMARY KEY (`lang_meta_id`),
  KEY `language_meta_reference_id_index` (`reference_id`)
) ENGINE=InnoDB AUTO_INCREMENT=17 DEFAULT CHARSET=utf8mb4 COLLATE=utf8mb4_unicode_ci;
/*!40101 SET character_set_client = @saved_cs_client */;

--
-- Dumping data for table `language_meta`
--

LOCK TABLES `language_meta` WRITE;
/*!40000 ALTER TABLE `language_meta` DISABLE KEYS */;
INSERT INTO `language_meta` VALUES (1,'en_US','d599e92065c850acb099acba910fbfad',1,'Botble\\SimpleSlider\\Models\\SimpleSlider'),(2,'en_US','da98e70f36cba07bdcb02723357f8816',2,'Botble\\SimpleSlider\\Models\\SimpleSlider'),(3,'en_US','6259de8e388acc177d71a51470e7a5d4',3,'Botble\\SimpleSlider\\Models\\SimpleSlider'),(4,'en_US','7648dc50ea96de3687f8265644d8edb1',4,'Botble\\SimpleSlider\\Models\\SimpleSlider'),(5,'vi','d599e92065c850acb099acba910fbfad',5,'Botble\\SimpleSlider\\Models\\SimpleSlider'),(6,'vi','da98e70f36cba07bdcb02723357f8816',6,'Botble\\SimpleSlider\\Models\\SimpleSlider'),(7,'vi','6259de8e388acc177d71a51470e7a5d4',7,'Botble\\SimpleSlider\\Models\\SimpleSlider'),(8,'vi','7648dc50ea96de3687f8265644d8edb1',8,'Botble\\SimpleSlider\\Models\\SimpleSlider'),(9,'en_US','07ef5a35783f29dc88fe3def0f63bc69',1,'Botble\\Menu\\Models\\MenuLocation'),(10,'en_US','b32574fb70e98828a3441019b5f93e1b',1,'Botble\\Menu\\Models\\Menu'),(11,'en_US','478bb92ce27b87120f16b01ce1928cba',2,'Botble\\Menu\\Models\\Menu'),(12,'en_US','f551962067d061ac2f17df5b7ff91cc0',3,'Botble\\Menu\\Models\\Menu'),(13,'vi','c216dab89ad6a70b9b52f5c88f3def2b',2,'Botble\\Menu\\Models\\MenuLocation'),(14,'vi','b32574fb70e98828a3441019b5f93e1b',4,'Botble\\Menu\\Models\\Menu'),(15,'vi','478bb92ce27b87120f16b01ce1928cba',5,'Botble\\Menu\\Models\\Menu'),(16,'vi','f551962067d061ac2f17df5b7ff91cc0',6,'Botble\\Menu\\Models\\Menu');
/*!40000 ALTER TABLE `language_meta` ENABLE KEYS */;
UNLOCK TABLES;

--
-- Table structure for table `languages`
--

DROP TABLE IF EXISTS `languages`;
/*!40101 SET @saved_cs_client     = @@character_set_client */;
/*!50503 SET character_set_client = utf8mb4 */;
CREATE TABLE `languages` (
  `lang_id` int unsigned NOT NULL AUTO_INCREMENT,
  `lang_name` varchar(120) COLLATE utf8mb4_unicode_ci NOT NULL,
  `lang_locale` varchar(20) COLLATE utf8mb4_unicode_ci NOT NULL,
  `lang_code` varchar(20) COLLATE utf8mb4_unicode_ci NOT NULL,
  `lang_flag` varchar(20) COLLATE utf8mb4_unicode_ci DEFAULT NULL,
  `lang_is_default` tinyint unsigned NOT NULL DEFAULT '0',
  `lang_order` int NOT NULL DEFAULT '0',
  `lang_is_rtl` tinyint unsigned NOT NULL DEFAULT '0',
  PRIMARY KEY (`lang_id`)
) ENGINE=InnoDB AUTO_INCREMENT=3 DEFAULT CHARSET=utf8mb4 COLLATE=utf8mb4_unicode_ci;
/*!40101 SET character_set_client = @saved_cs_client */;

--
-- Dumping data for table `languages`
--

LOCK TABLES `languages` WRITE;
/*!40000 ALTER TABLE `languages` DISABLE KEYS */;
INSERT INTO `languages` VALUES (1,'English','en','en_US','us',1,0,0),(2,'Tiếng Việt','vi','vi','vn',0,0,0);
/*!40000 ALTER TABLE `languages` ENABLE KEYS */;
UNLOCK TABLES;

--
-- Table structure for table `media_files`
--

DROP TABLE IF EXISTS `media_files`;
/*!40101 SET @saved_cs_client     = @@character_set_client */;
/*!50503 SET character_set_client = utf8mb4 */;
CREATE TABLE `media_files` (
  `id` bigint unsigned NOT NULL AUTO_INCREMENT,
  `user_id` int unsigned NOT NULL,
  `name` varchar(255) COLLATE utf8mb4_unicode_ci NOT NULL,
  `folder_id` int unsigned NOT NULL DEFAULT '0',
  `mime_type` varchar(120) COLLATE utf8mb4_unicode_ci NOT NULL,
  `size` int NOT NULL,
  `url` varchar(255) COLLATE utf8mb4_unicode_ci NOT NULL,
  `options` text COLLATE utf8mb4_unicode_ci,
  `created_at` timestamp NULL DEFAULT NULL,
  `updated_at` timestamp NULL DEFAULT NULL,
  `deleted_at` timestamp NULL DEFAULT NULL,
  PRIMARY KEY (`id`),
  KEY `media_files_user_id_index` (`user_id`),
  KEY `media_files_index` (`folder_id`,`user_id`,`created_at`)
) ENGINE=InnoDB AUTO_INCREMENT=120 DEFAULT CHARSET=utf8mb4 COLLATE=utf8mb4_unicode_ci;
/*!40101 SET character_set_client = @saved_cs_client */;

--
-- Dumping data for table `media_files`
--

LOCK TABLES `media_files` WRITE;
/*!40000 ALTER TABLE `media_files` DISABLE KEYS */;
INSERT INTO `media_files` VALUES (1,0,'1',1,'image/png',727,'brands/1.png','[]','2023-01-02 21:22:22','2023-01-02 21:22:22',NULL),(2,0,'2',1,'image/png',727,'brands/2.png','[]','2023-01-02 21:22:22','2023-01-02 21:22:22',NULL),(3,0,'3',1,'image/png',727,'brands/3.png','[]','2023-01-02 21:22:22','2023-01-02 21:22:22',NULL),(4,0,'4',1,'image/png',727,'brands/4.png','[]','2023-01-02 21:22:22','2023-01-02 21:22:22',NULL),(5,0,'5',1,'image/png',727,'brands/5.png','[]','2023-01-02 21:22:22','2023-01-02 21:22:22',NULL),(6,0,'6',1,'image/png',727,'brands/6.png','[]','2023-01-02 21:22:23','2023-01-02 21:22:23',NULL),(7,0,'7',1,'image/png',727,'brands/7.png','[]','2023-01-02 21:22:23','2023-01-02 21:22:23',NULL),(8,0,'1',2,'image/jpeg',1307,'product-categories/1.jpg','[]','2023-01-02 21:22:23','2023-01-02 21:22:23',NULL),(9,0,'2',2,'image/jpeg',1307,'product-categories/2.jpg','[]','2023-01-02 21:22:23','2023-01-02 21:22:23',NULL),(10,0,'3',2,'image/jpeg',1307,'product-categories/3.jpg','[]','2023-01-02 21:22:23','2023-01-02 21:22:23',NULL),(11,0,'4',2,'image/jpeg',1307,'product-categories/4.jpg','[]','2023-01-02 21:22:23','2023-01-02 21:22:23',NULL),(12,0,'5',2,'image/jpeg',1307,'product-categories/5.jpg','[]','2023-01-02 21:22:23','2023-01-02 21:22:23',NULL),(13,0,'6',2,'image/jpeg',1307,'product-categories/6.jpg','[]','2023-01-02 21:22:23','2023-01-02 21:22:23',NULL),(14,0,'7',2,'image/jpeg',1307,'product-categories/7.jpg','[]','2023-01-02 21:22:23','2023-01-02 21:22:23',NULL),(15,0,'8',2,'image/jpeg',1307,'product-categories/8.jpg','[]','2023-01-02 21:22:23','2023-01-02 21:22:23',NULL),(16,0,'1-1',3,'image/jpeg',2165,'products/1-1.jpg','[]','2023-01-02 21:22:23','2023-01-02 21:22:23',NULL),(17,0,'1-2',3,'image/jpeg',2165,'products/1-2.jpg','[]','2023-01-02 21:22:23','2023-01-02 21:22:23',NULL),(18,0,'1-3',3,'image/jpeg',2165,'products/1-3.jpg','[]','2023-01-02 21:22:23','2023-01-02 21:22:23',NULL),(19,0,'1',3,'image/jpeg',2165,'products/1.jpg','[]','2023-01-02 21:22:24','2023-01-02 21:22:24',NULL),(20,0,'10-1',3,'image/jpeg',2165,'products/10-1.jpg','[]','2023-01-02 21:22:24','2023-01-02 21:22:24',NULL),(21,0,'10',3,'image/jpeg',2165,'products/10.jpg','[]','2023-01-02 21:22:24','2023-01-02 21:22:24',NULL),(22,0,'11-1',3,'image/jpeg',2165,'products/11-1.jpg','[]','2023-01-02 21:22:24','2023-01-02 21:22:24',NULL),(23,0,'11',3,'image/jpeg',2165,'products/11.jpg','[]','2023-01-02 21:22:24','2023-01-02 21:22:24',NULL),(24,0,'12-1',3,'image/jpeg',2165,'products/12-1.jpg','[]','2023-01-02 21:22:24','2023-01-02 21:22:24',NULL),(25,0,'12',3,'image/jpeg',2165,'products/12.jpg','[]','2023-01-02 21:22:24','2023-01-02 21:22:24',NULL),(26,0,'13-1',3,'image/jpeg',2165,'products/13-1.jpg','[]','2023-01-02 21:22:24','2023-01-02 21:22:24',NULL),(27,0,'13',3,'image/jpeg',2165,'products/13.jpg','[]','2023-01-02 21:22:24','2023-01-02 21:22:24',NULL),(28,0,'14-1',3,'image/jpeg',2165,'products/14-1.jpg','[]','2023-01-02 21:22:24','2023-01-02 21:22:24',NULL),(29,0,'14',3,'image/jpeg',2165,'products/14.jpg','[]','2023-01-02 21:22:24','2023-01-02 21:22:24',NULL),(30,0,'15-1',3,'image/jpeg',2165,'products/15-1.jpg','[]','2023-01-02 21:22:24','2023-01-02 21:22:24',NULL),(31,0,'15',3,'image/jpeg',2165,'products/15.jpg','[]','2023-01-02 21:22:24','2023-01-02 21:22:24',NULL),(32,0,'16',3,'image/jpeg',2165,'products/16.jpg','[]','2023-01-02 21:22:24','2023-01-02 21:22:24',NULL),(33,0,'17',3,'image/jpeg',2165,'products/17.jpg','[]','2023-01-02 21:22:25','2023-01-02 21:22:25',NULL),(34,0,'18-1',3,'image/jpeg',2165,'products/18-1.jpg','[]','2023-01-02 21:22:25','2023-01-02 21:22:25',NULL),(35,0,'18-2',3,'image/jpeg',2165,'products/18-2.jpg','[]','2023-01-02 21:22:25','2023-01-02 21:22:25',NULL),(36,0,'18',3,'image/jpeg',2165,'products/18.jpg','[]','2023-01-02 21:22:25','2023-01-02 21:22:25',NULL),(37,0,'19-1',3,'image/jpeg',2165,'products/19-1.jpg','[]','2023-01-02 21:22:25','2023-01-02 21:22:25',NULL),(38,0,'19',3,'image/jpeg',2165,'products/19.jpg','[]','2023-01-02 21:22:25','2023-01-02 21:22:25',NULL),(39,0,'2-1',3,'image/jpeg',2165,'products/2-1.jpg','[]','2023-01-02 21:22:25','2023-01-02 21:22:25',NULL),(40,0,'2-2',3,'image/jpeg',2165,'products/2-2.jpg','[]','2023-01-02 21:22:25','2023-01-02 21:22:25',NULL),(41,0,'2-3',3,'image/jpeg',2165,'products/2-3.jpg','[]','2023-01-02 21:22:25','2023-01-02 21:22:25',NULL),(42,0,'2',3,'image/jpeg',2165,'products/2.jpg','[]','2023-01-02 21:22:25','2023-01-02 21:22:25',NULL),(43,0,'20-1',3,'image/jpeg',2165,'products/20-1.jpg','[]','2023-01-02 21:22:25','2023-01-02 21:22:25',NULL),(44,0,'20',3,'image/jpeg',2165,'products/20.jpg','[]','2023-01-02 21:22:25','2023-01-02 21:22:25',NULL),(45,0,'21-1',3,'image/jpeg',2165,'products/21-1.jpg','[]','2023-01-02 21:22:25','2023-01-02 21:22:25',NULL),(46,0,'21',3,'image/jpeg',2165,'products/21.jpg','[]','2023-01-02 21:22:26','2023-01-02 21:22:26',NULL),(47,0,'22-1',3,'image/jpeg',2165,'products/22-1.jpg','[]','2023-01-02 21:22:26','2023-01-02 21:22:26',NULL),(48,0,'22',3,'image/jpeg',2165,'products/22.jpg','[]','2023-01-02 21:22:26','2023-01-02 21:22:26',NULL),(49,0,'23-1',3,'image/jpeg',2165,'products/23-1.jpg','[]','2023-01-02 21:22:26','2023-01-02 21:22:26',NULL),(50,0,'23',3,'image/jpeg',2165,'products/23.jpg','[]','2023-01-02 21:22:26','2023-01-02 21:22:26',NULL),(51,0,'24-1',3,'image/jpeg',2165,'products/24-1.jpg','[]','2023-01-02 21:22:26','2023-01-02 21:22:26',NULL),(52,0,'24',3,'image/jpeg',2165,'products/24.jpg','[]','2023-01-02 21:22:26','2023-01-02 21:22:26',NULL),(53,0,'3-1',3,'image/jpeg',2165,'products/3-1.jpg','[]','2023-01-02 21:22:26','2023-01-02 21:22:26',NULL),(54,0,'3-2',3,'image/jpeg',2165,'products/3-2.jpg','[]','2023-01-02 21:22:26','2023-01-02 21:22:26',NULL),(55,0,'3-3',3,'image/jpeg',2165,'products/3-3.jpg','[]','2023-01-02 21:22:26','2023-01-02 21:22:26',NULL),(56,0,'3',3,'image/jpeg',2165,'products/3.jpg','[]','2023-01-02 21:22:26','2023-01-02 21:22:26',NULL),(57,0,'4-1',3,'image/jpeg',2165,'products/4-1.jpg','[]','2023-01-02 21:22:26','2023-01-02 21:22:26',NULL),(58,0,'4-2',3,'image/jpeg',2165,'products/4-2.jpg','[]','2023-01-02 21:22:27','2023-01-02 21:22:27',NULL),(59,0,'4-3',3,'image/jpeg',2165,'products/4-3.jpg','[]','2023-01-02 21:22:27','2023-01-02 21:22:27',NULL),(60,0,'4',3,'image/jpeg',2165,'products/4.jpg','[]','2023-01-02 21:22:27','2023-01-02 21:22:27',NULL),(61,0,'5-1',3,'image/jpeg',2165,'products/5-1.jpg','[]','2023-01-02 21:22:27','2023-01-02 21:22:27',NULL),(62,0,'5-2',3,'image/jpeg',2165,'products/5-2.jpg','[]','2023-01-02 21:22:27','2023-01-02 21:22:27',NULL),(63,0,'5-3',3,'image/jpeg',2165,'products/5-3.jpg','[]','2023-01-02 21:22:27','2023-01-02 21:22:27',NULL),(64,0,'5',3,'image/jpeg',2165,'products/5.jpg','[]','2023-01-02 21:22:27','2023-01-02 21:22:27',NULL),(65,0,'6-1',3,'image/jpeg',2165,'products/6-1.jpg','[]','2023-01-02 21:22:27','2023-01-02 21:22:27',NULL),(66,0,'6',3,'image/jpeg',2165,'products/6.jpg','[]','2023-01-02 21:22:27','2023-01-02 21:22:27',NULL),(67,0,'7-1',3,'image/jpeg',2165,'products/7-1.jpg','[]','2023-01-02 21:22:27','2023-01-02 21:22:27',NULL),(68,0,'7',3,'image/jpeg',2165,'products/7.jpg','[]','2023-01-02 21:22:27','2023-01-02 21:22:27',NULL),(69,0,'8-1',3,'image/jpeg',2165,'products/8-1.jpg','[]','2023-01-02 21:22:27','2023-01-02 21:22:27',NULL),(70,0,'8',3,'image/jpeg',2165,'products/8.jpg','[]','2023-01-02 21:22:27','2023-01-02 21:22:27',NULL),(71,0,'9-1',3,'image/jpeg',2165,'products/9-1.jpg','[]','2023-01-02 21:22:28','2023-01-02 21:22:28',NULL),(72,0,'9',3,'image/jpeg',2165,'products/9.jpg','[]','2023-01-02 21:22:28','2023-01-02 21:22:28',NULL),(73,0,'1',4,'image/jpeg',2165,'customers/1.jpg','[]','2023-01-02 21:22:31','2023-01-02 21:22:31',NULL),(74,0,'2',4,'image/jpeg',2165,'customers/2.jpg','[]','2023-01-02 21:22:31','2023-01-02 21:22:31',NULL),(75,0,'3',4,'image/jpeg',2165,'customers/3.jpg','[]','2023-01-02 21:22:31','2023-01-02 21:22:31',NULL),(76,0,'4',4,'image/jpeg',2165,'customers/4.jpg','[]','2023-01-02 21:22:31','2023-01-02 21:22:31',NULL),(77,0,'5',4,'image/jpeg',2165,'customers/5.jpg','[]','2023-01-02 21:22:31','2023-01-02 21:22:31',NULL),(78,0,'6',4,'image/jpeg',2165,'customers/6.jpg','[]','2023-01-02 21:22:31','2023-01-02 21:22:31',NULL),(79,0,'7',4,'image/jpeg',2165,'customers/7.jpg','[]','2023-01-02 21:22:31','2023-01-02 21:22:31',NULL),(80,0,'8',4,'image/jpeg',2165,'customers/8.jpg','[]','2023-01-02 21:22:31','2023-01-02 21:22:31',NULL),(81,0,'1',5,'image/jpeg',2147,'flash-sales/1.jpg','[]','2023-01-02 21:22:32','2023-01-02 21:22:32',NULL),(82,0,'2',5,'image/jpeg',2147,'flash-sales/2.jpg','[]','2023-01-02 21:22:32','2023-01-02 21:22:32',NULL),(83,0,'1-1',6,'image/png',2796,'sliders/1-1.png','[]','2023-01-02 21:22:33','2023-01-02 21:22:33',NULL),(84,0,'1-2',6,'image/png',2719,'sliders/1-2.png','[]','2023-01-02 21:22:33','2023-01-02 21:22:33',NULL),(85,0,'1-3',6,'image/png',2697,'sliders/1-3.png','[]','2023-01-02 21:22:33','2023-01-02 21:22:33',NULL),(86,0,'2-1',6,'image/png',2796,'sliders/2-1.png','[]','2023-01-02 21:22:33','2023-01-02 21:22:33',NULL),(87,0,'2-2',6,'image/png',2719,'sliders/2-2.png','[]','2023-01-02 21:22:33','2023-01-02 21:22:33',NULL),(88,0,'2-3',6,'image/png',2697,'sliders/2-3.png','[]','2023-01-02 21:22:33','2023-01-02 21:22:33',NULL),(89,0,'3-1',6,'image/png',3988,'sliders/3-1.png','[]','2023-01-02 21:22:33','2023-01-02 21:22:33',NULL),(90,0,'3-2',6,'image/png',3988,'sliders/3-2.png','[]','2023-01-02 21:22:33','2023-01-02 21:22:33',NULL),(91,0,'4-1',6,'image/png',2796,'sliders/4-1.png','[]','2023-01-02 21:22:33','2023-01-02 21:22:33',NULL),(92,0,'4-2',6,'image/png',2796,'sliders/4-2.png','[]','2023-01-02 21:22:33','2023-01-02 21:22:33',NULL),(93,0,'4-3',6,'image/png',2697,'sliders/4-3.png','[]','2023-01-02 21:22:33','2023-01-02 21:22:33',NULL),(94,0,'1',7,'image/jpeg',2165,'news/1.jpg','[]','2023-01-02 21:22:34','2023-01-02 21:22:34',NULL),(95,0,'10',7,'image/jpeg',2165,'news/10.jpg','[]','2023-01-02 21:22:34','2023-01-02 21:22:34',NULL),(96,0,'11',7,'image/jpeg',2165,'news/11.jpg','[]','2023-01-02 21:22:34','2023-01-02 21:22:34',NULL),(97,0,'2',7,'image/jpeg',2165,'news/2.jpg','[]','2023-01-02 21:22:34','2023-01-02 21:22:34',NULL),(98,0,'3',7,'image/jpeg',2165,'news/3.jpg','[]','2023-01-02 21:22:34','2023-01-02 21:22:34',NULL),(99,0,'4',7,'image/jpeg',2165,'news/4.jpg','[]','2023-01-02 21:22:34','2023-01-02 21:22:34',NULL),(100,0,'5',7,'image/jpeg',2165,'news/5.jpg','[]','2023-01-02 21:22:34','2023-01-02 21:22:34',NULL),(101,0,'6',7,'image/jpeg',2165,'news/6.jpg','[]','2023-01-02 21:22:35','2023-01-02 21:22:35',NULL),(102,0,'7',7,'image/jpeg',2165,'news/7.jpg','[]','2023-01-02 21:22:35','2023-01-02 21:22:35',NULL),(103,0,'8',7,'image/jpeg',2165,'news/8.jpg','[]','2023-01-02 21:22:35','2023-01-02 21:22:35',NULL),(104,0,'9',7,'image/jpeg',2165,'news/9.jpg','[]','2023-01-02 21:22:35','2023-01-02 21:22:35',NULL),(105,0,'1',8,'image/png',2054,'promotion/1.png','[]','2023-01-02 21:22:37','2023-01-02 21:22:37',NULL),(106,0,'2',8,'image/png',2054,'promotion/2.png','[]','2023-01-02 21:22:37','2023-01-02 21:22:37',NULL),(107,0,'3',8,'image/png',2054,'promotion/3.png','[]','2023-01-02 21:22:37','2023-01-02 21:22:37',NULL),(108,0,'4',8,'image/png',1597,'promotion/4.png','[]','2023-01-02 21:22:37','2023-01-02 21:22:37',NULL),(109,0,'5',8,'image/png',1569,'promotion/5.png','[]','2023-01-02 21:22:37','2023-01-02 21:22:37',NULL),(110,0,'6',8,'image/png',3357,'promotion/6.png','[]','2023-01-02 21:22:37','2023-01-02 21:22:37',NULL),(111,0,'favicon',9,'image/png',2343,'general/favicon.png','[]','2023-01-02 21:22:38','2023-01-02 21:22:38',NULL),(112,0,'icon-bag',9,'image/png',15551,'general/icon-bag.png','[]','2023-01-02 21:22:38','2023-01-02 21:22:38',NULL),(113,0,'icon-operator',9,'image/png',23328,'general/icon-operator.png','[]','2023-01-02 21:22:38','2023-01-02 21:22:38',NULL),(114,0,'icon-purchase',9,'image/png',22947,'general/icon-purchase.png','[]','2023-01-02 21:22:38','2023-01-02 21:22:38',NULL),(115,0,'icon-truck',9,'image/png',17131,'general/icon-truck.png','[]','2023-01-02 21:22:38','2023-01-02 21:22:38',NULL),(116,0,'logo-light',9,'image/png',1938,'general/logo-light.png','[]','2023-01-02 21:22:39','2023-01-02 21:22:39',NULL),(117,0,'logo',9,'image/png',2494,'general/logo.png','[]','2023-01-02 21:22:39','2023-01-02 21:22:39',NULL),(118,0,'open-graph-image',9,'image/png',293189,'general/open-graph-image.png','[]','2023-01-02 21:22:39','2023-01-02 21:22:39',NULL),(119,0,'payment-methods',9,'image/png',268,'general/payment-methods.png','[]','2023-01-02 21:22:39','2023-01-02 21:22:39',NULL);
/*!40000 ALTER TABLE `media_files` ENABLE KEYS */;
UNLOCK TABLES;

--
-- Table structure for table `media_folders`
--

DROP TABLE IF EXISTS `media_folders`;
/*!40101 SET @saved_cs_client     = @@character_set_client */;
/*!50503 SET character_set_client = utf8mb4 */;
CREATE TABLE `media_folders` (
  `id` bigint unsigned NOT NULL AUTO_INCREMENT,
  `user_id` int unsigned NOT NULL,
  `name` varchar(191) COLLATE utf8mb4_unicode_ci DEFAULT NULL,
  `slug` varchar(191) COLLATE utf8mb4_unicode_ci DEFAULT NULL,
  `parent_id` int NOT NULL DEFAULT '0',
  `created_at` timestamp NULL DEFAULT NULL,
  `updated_at` timestamp NULL DEFAULT NULL,
  `deleted_at` timestamp NULL DEFAULT NULL,
  PRIMARY KEY (`id`),
  KEY `media_folders_user_id_index` (`user_id`),
  KEY `media_folders_index` (`parent_id`,`user_id`,`created_at`)
) ENGINE=InnoDB AUTO_INCREMENT=10 DEFAULT CHARSET=utf8mb4 COLLATE=utf8mb4_unicode_ci;
/*!40101 SET character_set_client = @saved_cs_client */;

--
-- Dumping data for table `media_folders`
--

LOCK TABLES `media_folders` WRITE;
/*!40000 ALTER TABLE `media_folders` DISABLE KEYS */;
INSERT INTO `media_folders` VALUES (1,0,'brands','brands',0,'2023-01-02 21:22:22','2023-01-02 21:22:22',NULL),(2,0,'product-categories','product-categories',0,'2023-01-02 21:22:23','2023-01-02 21:22:23',NULL),(3,0,'products','products',0,'2023-01-02 21:22:23','2023-01-02 21:22:23',NULL),(4,0,'customers','customers',0,'2023-01-02 21:22:31','2023-01-02 21:22:31',NULL),(5,0,'flash-sales','flash-sales',0,'2023-01-02 21:22:32','2023-01-02 21:22:32',NULL),(6,0,'sliders','sliders',0,'2023-01-02 21:22:33','2023-01-02 21:22:33',NULL),(7,0,'news','news',0,'2023-01-02 21:22:34','2023-01-02 21:22:34',NULL),(8,0,'promotion','promotion',0,'2023-01-02 21:22:37','2023-01-02 21:22:37',NULL),(9,0,'general','general',0,'2023-01-02 21:22:38','2023-01-02 21:22:38',NULL);
/*!40000 ALTER TABLE `media_folders` ENABLE KEYS */;
UNLOCK TABLES;

--
-- Table structure for table `media_settings`
--

DROP TABLE IF EXISTS `media_settings`;
/*!40101 SET @saved_cs_client     = @@character_set_client */;
/*!50503 SET character_set_client = utf8mb4 */;
CREATE TABLE `media_settings` (
  `id` bigint unsigned NOT NULL AUTO_INCREMENT,
  `key` varchar(120) COLLATE utf8mb4_unicode_ci NOT NULL,
  `value` text COLLATE utf8mb4_unicode_ci,
  `media_id` int DEFAULT NULL,
  `user_id` int DEFAULT NULL,
  `created_at` timestamp NULL DEFAULT NULL,
  `updated_at` timestamp NULL DEFAULT NULL,
  PRIMARY KEY (`id`)
) ENGINE=InnoDB DEFAULT CHARSET=utf8mb4 COLLATE=utf8mb4_unicode_ci;
/*!40101 SET character_set_client = @saved_cs_client */;

--
-- Dumping data for table `media_settings`
--

LOCK TABLES `media_settings` WRITE;
/*!40000 ALTER TABLE `media_settings` DISABLE KEYS */;
/*!40000 ALTER TABLE `media_settings` ENABLE KEYS */;
UNLOCK TABLES;

--
-- Table structure for table `menu_locations`
--

DROP TABLE IF EXISTS `menu_locations`;
/*!40101 SET @saved_cs_client     = @@character_set_client */;
/*!50503 SET character_set_client = utf8mb4 */;
CREATE TABLE `menu_locations` (
  `id` bigint unsigned NOT NULL AUTO_INCREMENT,
  `menu_id` int unsigned NOT NULL,
  `location` varchar(120) COLLATE utf8mb4_unicode_ci NOT NULL,
  `created_at` timestamp NULL DEFAULT NULL,
  `updated_at` timestamp NULL DEFAULT NULL,
  PRIMARY KEY (`id`),
  KEY `menu_locations_menu_id_created_at_index` (`menu_id`,`created_at`)
) ENGINE=InnoDB AUTO_INCREMENT=3 DEFAULT CHARSET=utf8mb4 COLLATE=utf8mb4_unicode_ci;
/*!40101 SET character_set_client = @saved_cs_client */;

--
-- Dumping data for table `menu_locations`
--

LOCK TABLES `menu_locations` WRITE;
/*!40000 ALTER TABLE `menu_locations` DISABLE KEYS */;
INSERT INTO `menu_locations` VALUES (1,1,'main-menu','2023-01-02 21:22:37','2023-01-02 21:22:37'),(2,4,'main-menu','2023-01-02 21:22:37','2023-01-02 21:22:37');
/*!40000 ALTER TABLE `menu_locations` ENABLE KEYS */;
UNLOCK TABLES;

--
-- Table structure for table `menu_nodes`
--

DROP TABLE IF EXISTS `menu_nodes`;
/*!40101 SET @saved_cs_client     = @@character_set_client */;
/*!50503 SET character_set_client = utf8mb4 */;
CREATE TABLE `menu_nodes` (
  `id` bigint unsigned NOT NULL AUTO_INCREMENT,
  `menu_id` int unsigned NOT NULL,
  `parent_id` int unsigned NOT NULL DEFAULT '0',
  `reference_id` int unsigned DEFAULT NULL,
  `reference_type` varchar(255) COLLATE utf8mb4_unicode_ci DEFAULT NULL,
  `url` varchar(120) COLLATE utf8mb4_unicode_ci DEFAULT NULL,
  `icon_font` varchar(50) COLLATE utf8mb4_unicode_ci DEFAULT NULL,
  `position` tinyint unsigned NOT NULL DEFAULT '0',
  `title` varchar(120) COLLATE utf8mb4_unicode_ci DEFAULT NULL,
  `css_class` varchar(120) COLLATE utf8mb4_unicode_ci DEFAULT NULL,
  `target` varchar(20) COLLATE utf8mb4_unicode_ci NOT NULL DEFAULT '_self',
  `has_child` tinyint unsigned NOT NULL DEFAULT '0',
  `created_at` timestamp NULL DEFAULT NULL,
  `updated_at` timestamp NULL DEFAULT NULL,
  PRIMARY KEY (`id`),
  KEY `menu_nodes_menu_id_index` (`menu_id`),
  KEY `menu_nodes_parent_id_index` (`parent_id`),
  KEY `reference_id` (`reference_id`),
  KEY `reference_type` (`reference_type`)
) ENGINE=InnoDB AUTO_INCREMENT=69 DEFAULT CHARSET=utf8mb4 COLLATE=utf8mb4_unicode_ci;
/*!40101 SET character_set_client = @saved_cs_client */;

--
-- Dumping data for table `menu_nodes`
--

LOCK TABLES `menu_nodes` WRITE;
/*!40000 ALTER TABLE `menu_nodes` DISABLE KEYS */;
INSERT INTO `menu_nodes` VALUES (1,1,0,NULL,NULL,'/',NULL,0,'Home',NULL,'_self',1,'2023-01-02 21:22:37','2023-01-02 21:22:37'),(2,1,1,1,'Botble\\Page\\Models\\Page','/homepage',NULL,0,'Home 1',NULL,'_self',0,'2023-01-02 21:22:37','2023-01-02 21:22:38'),(3,1,1,2,'Botble\\Page\\Models\\Page','/homepage-2',NULL,0,'Home 2',NULL,'_self',0,'2023-01-02 21:22:37','2023-01-02 21:22:38'),(4,1,1,3,'Botble\\Page\\Models\\Page','/homepage-3',NULL,0,'Home 3',NULL,'_self',0,'2023-01-02 21:22:37','2023-01-02 21:22:38'),(5,1,1,4,'Botble\\Page\\Models\\Page','/homepage-4',NULL,0,'Home 4',NULL,'_self',0,'2023-01-02 21:22:37','2023-01-02 21:22:38'),(6,1,0,NULL,NULL,'/products',NULL,0,'Shop',NULL,'_self',1,'2023-01-02 21:22:37','2023-01-02 21:22:37'),(7,1,6,NULL,NULL,'/products',NULL,0,'Shop Grid - Full Width',NULL,'_self',0,'2023-01-02 21:22:37','2023-01-02 21:22:37'),(8,1,6,NULL,NULL,'/products?layout=product-right-sidebar',NULL,0,'Shop Grid - Right Sidebar',NULL,'_self',0,'2023-01-02 21:22:37','2023-01-02 21:22:37'),(9,1,6,NULL,NULL,'/products?layout=product-left-sidebar',NULL,0,'Shop Grid - Left Sidebar',NULL,'_self',0,'2023-01-02 21:22:37','2023-01-02 21:22:37'),(10,1,6,1,'Botble\\Ecommerce\\Models\\ProductCategory','/product-categories/hot-promotions',NULL,0,'Products Of Category',NULL,'_self',0,'2023-01-02 21:22:37','2023-01-02 21:22:38'),(11,1,0,NULL,NULL,'#',NULL,0,'Product',NULL,'_self',1,'2023-01-02 21:22:37','2023-01-02 21:22:37'),(12,1,11,NULL,NULL,'/products/smart-home-speaker',NULL,0,'Product Right Sidebar',NULL,'_self',0,'2023-01-02 21:22:37','2023-01-02 21:22:37'),(13,1,11,NULL,NULL,'/products/headphone-ultra-bass',NULL,0,'Product Left Sidebar',NULL,'_self',0,'2023-01-02 21:22:37','2023-01-02 21:22:37'),(14,1,11,NULL,NULL,'/products/boxed-bluetooth-headphone',NULL,0,'Product Full Width',NULL,'_self',0,'2023-01-02 21:22:37','2023-01-02 21:22:37'),(15,1,0,5,'Botble\\Page\\Models\\Page','/blog',NULL,0,'Blog',NULL,'_self',1,'2023-01-02 21:22:37','2023-01-02 21:22:38'),(16,1,15,5,'Botble\\Page\\Models\\Page','/blog',NULL,0,'Blog Right Sidebar',NULL,'_self',0,'2023-01-02 21:22:37','2023-01-02 21:22:38'),(17,1,15,13,'Botble\\Page\\Models\\Page','/blog-left-sidebar',NULL,0,'Blog Left Sidebar',NULL,'_self',0,'2023-01-02 21:22:37','2023-01-02 21:22:38'),(18,1,15,NULL,NULL,'/blog/4-expert-tips-on-how-to-choose-the-right-mens-wallet',NULL,0,'Single Post Right Sidebar',NULL,'_self',0,'2023-01-02 21:22:37','2023-01-02 21:22:37'),(19,1,15,NULL,NULL,'/blog/sexy-clutches-how-to-buy-amp-wear-a-designer-clutch-bag',NULL,0,'Single Post Left Sidebar',NULL,'_self',0,'2023-01-02 21:22:37','2023-01-02 21:22:37'),(20,1,15,NULL,NULL,'/blog/the-top-2020-handbag-trends-to-know',NULL,0,'Single Post Full Width',NULL,'_self',0,'2023-01-02 21:22:37','2023-01-02 21:22:37'),(21,1,15,NULL,NULL,'/blog/how-to-match-the-color-of-your-handbag-with-an-outfit',NULL,0,'Single Post with Product Listing',NULL,'_self',0,'2023-01-02 21:22:37','2023-01-02 21:22:37'),(22,1,0,14,'Botble\\Page\\Models\\Page','/faq',NULL,0,'FAQ',NULL,'_self',0,'2023-01-02 21:22:37','2023-01-02 21:22:38'),(23,1,0,6,'Botble\\Page\\Models\\Page','/contact',NULL,0,'Contact',NULL,'_self',0,'2023-01-02 21:22:37','2023-01-02 21:22:38'),(24,2,0,1,'Botble\\Ecommerce\\Models\\ProductCategory','/product-categories/hot-promotions',NULL,0,'Men',NULL,'_self',0,'2023-01-02 21:22:37','2023-01-02 21:22:38'),(25,2,0,2,'Botble\\Ecommerce\\Models\\ProductCategory','/product-categories/electronics',NULL,0,'Women',NULL,'_self',0,'2023-01-02 21:22:37','2023-01-02 21:22:38'),(26,2,0,3,'Botble\\Ecommerce\\Models\\ProductCategory','/product-categories/home-audio-theaters',NULL,0,'Accessories',NULL,'_self',0,'2023-01-02 21:22:37','2023-01-02 21:22:38'),(27,2,0,4,'Botble\\Ecommerce\\Models\\ProductCategory','/product-categories/tv-videos',NULL,0,'Shoes',NULL,'_self',0,'2023-01-02 21:22:37','2023-01-02 21:22:38'),(28,2,0,5,'Botble\\Ecommerce\\Models\\ProductCategory','/product-categories/camera-photos-videos',NULL,0,'Denim',NULL,'_self',0,'2023-01-02 21:22:37','2023-01-02 21:22:38'),(29,2,0,6,'Botble\\Ecommerce\\Models\\ProductCategory','/product-categories/cellphones-accessories',NULL,0,'Dress',NULL,'_self',0,'2023-01-02 21:22:37','2023-01-02 21:22:38'),(30,3,0,6,'Botble\\Page\\Models\\Page','/contact',NULL,0,'Contact Us',NULL,'_self',0,'2023-01-02 21:22:37','2023-01-02 21:22:38'),(31,3,0,8,'Botble\\Page\\Models\\Page','/cookie-policy',NULL,0,'About Us',NULL,'_self',0,'2023-01-02 21:22:37','2023-01-02 21:22:38'),(32,3,0,9,'Botble\\Page\\Models\\Page','/terms-amp-conditions',NULL,0,'Terms & Conditions',NULL,'_self',0,'2023-01-02 21:22:37','2023-01-02 21:22:38'),(33,3,0,10,'Botble\\Page\\Models\\Page','/returns-amp-exchanges',NULL,0,'Returns & Exchanges',NULL,'_self',0,'2023-01-02 21:22:37','2023-01-02 21:22:38'),(34,3,0,11,'Botble\\Page\\Models\\Page','/shipping-amp-delivery',NULL,0,'Shipping & Delivery',NULL,'_self',0,'2023-01-02 21:22:37','2023-01-02 21:22:38'),(35,3,0,12,'Botble\\Page\\Models\\Page','/privacy-policy',NULL,0,'Privacy Policy',NULL,'_self',0,'2023-01-02 21:22:37','2023-01-02 21:22:38'),(36,4,0,NULL,NULL,'/',NULL,0,'Trang chủ',NULL,'_self',1,'2023-01-02 21:22:37','2023-01-02 21:22:37'),(37,4,36,1,'Botble\\Page\\Models\\Page','/homepage',NULL,0,'Trang chủ 1',NULL,'_self',0,'2023-01-02 21:22:37','2023-01-02 21:22:38'),(38,4,36,2,'Botble\\Page\\Models\\Page','/homepage-2',NULL,0,'Trang chủ 2',NULL,'_self',0,'2023-01-02 21:22:37','2023-01-02 21:22:38'),(39,4,36,3,'Botble\\Page\\Models\\Page','/homepage-3',NULL,0,'Trang chủ 3',NULL,'_self',0,'2023-01-02 21:22:37','2023-01-02 21:22:38'),(40,4,36,4,'Botble\\Page\\Models\\Page','/homepage-4',NULL,0,'Trang chủ 4',NULL,'_self',0,'2023-01-02 21:22:37','2023-01-02 21:22:38'),(41,4,0,NULL,NULL,'/products',NULL,0,'Bán hàng',NULL,'_self',1,'2023-01-02 21:22:37','2023-01-02 21:22:37'),(42,4,41,NULL,NULL,'/products',NULL,0,'Tất cả sản phẩm',NULL,'_self',0,'2023-01-02 21:22:37','2023-01-02 21:22:37'),(43,4,41,1,'Botble\\Ecommerce\\Models\\ProductCategory','/product-categories/hot-promotions',NULL,0,'Danh mục sản phẩm',NULL,'_self',0,'2023-01-02 21:22:37','2023-01-02 21:22:38'),(44,4,0,NULL,NULL,'#',NULL,0,'Sản phẩm',NULL,'_self',1,'2023-01-02 21:22:37','2023-01-02 21:22:37'),(45,4,44,NULL,NULL,'/products/smart-home-speaker',NULL,0,'Sản phẩm Sidebar phải',NULL,'_self',0,'2023-01-02 21:22:37','2023-01-02 21:22:37'),(46,4,44,NULL,NULL,'/products/headphone-ultra-bass',NULL,0,'Sản phẩm Sidebar trái',NULL,'_self',0,'2023-01-02 21:22:37','2023-01-02 21:22:37'),(47,4,44,NULL,NULL,'/products/boxed-bluetooth-headphone',NULL,0,'Sản phẩm full width',NULL,'_self',0,'2023-01-02 21:22:37','2023-01-02 21:22:37'),(48,4,0,5,'Botble\\Page\\Models\\Page','/blog',NULL,0,'Tin tức',NULL,'_self',1,'2023-01-02 21:22:37','2023-01-02 21:22:38'),(49,4,48,5,'Botble\\Page\\Models\\Page','/blog',NULL,0,'Tin tức Sidebar phải',NULL,'_self',0,'2023-01-02 21:22:38','2023-01-02 21:22:38'),(50,4,48,13,'Botble\\Page\\Models\\Page','/blog-left-sidebar',NULL,0,'Tin tức Sidebar trái',NULL,'_self',0,'2023-01-02 21:22:38','2023-01-02 21:22:38'),(51,4,48,NULL,NULL,'/blog/4-expert-tips-on-how-to-choose-the-right-mens-wallet',NULL,0,'Bài viết Sidebar phải',NULL,'_self',0,'2023-01-02 21:22:38','2023-01-02 21:22:38'),(52,4,48,NULL,NULL,'/blog/sexy-clutches-how-to-buy-amp-wear-a-designer-clutch-bag',NULL,0,'Bài viết Sidebar trái',NULL,'_self',0,'2023-01-02 21:22:38','2023-01-02 21:22:38'),(53,4,48,NULL,NULL,'/blog/the-top-2020-handbag-trends-to-know',NULL,0,'Bài viết Full Width',NULL,'_self',0,'2023-01-02 21:22:38','2023-01-02 21:22:38'),(54,4,48,NULL,NULL,'/blog/how-to-match-the-color-of-your-handbag-with-an-outfit',NULL,0,'Bài viết with kèm sản phẩm',NULL,'_self',0,'2023-01-02 21:22:38','2023-01-02 21:22:38'),(55,4,0,14,'Botble\\Page\\Models\\Page','/faq',NULL,0,'FAQ',NULL,'_self',0,'2023-01-02 21:22:38','2023-01-02 21:22:38'),(56,4,0,6,'Botble\\Page\\Models\\Page','/contact',NULL,0,'Liên hệ',NULL,'_self',0,'2023-01-02 21:22:38','2023-01-02 21:22:38'),(57,5,0,1,'Botble\\Ecommerce\\Models\\ProductCategory','/product-categories/hot-promotions',NULL,0,'Dành cho nam',NULL,'_self',0,'2023-01-02 21:22:38','2023-01-02 21:22:38'),(58,5,0,2,'Botble\\Ecommerce\\Models\\ProductCategory','/product-categories/electronics',NULL,0,'Dành cho nữ',NULL,'_self',0,'2023-01-02 21:22:38','2023-01-02 21:22:38'),(59,5,0,3,'Botble\\Ecommerce\\Models\\ProductCategory','/product-categories/home-audio-theaters',NULL,0,'Phụ kiện',NULL,'_self',0,'2023-01-02 21:22:38','2023-01-02 21:22:38'),(60,5,0,4,'Botble\\Ecommerce\\Models\\ProductCategory','/product-categories/tv-videos',NULL,0,'Giày dép',NULL,'_self',0,'2023-01-02 21:22:38','2023-01-02 21:22:38'),(61,5,0,5,'Botble\\Ecommerce\\Models\\ProductCategory','/product-categories/camera-photos-videos',NULL,0,'Denim',NULL,'_self',0,'2023-01-02 21:22:38','2023-01-02 21:22:38'),(62,5,0,6,'Botble\\Ecommerce\\Models\\ProductCategory','/product-categories/cellphones-accessories',NULL,0,'Quần áo',NULL,'_self',0,'2023-01-02 21:22:38','2023-01-02 21:22:38'),(63,6,0,6,'Botble\\Page\\Models\\Page','/contact',NULL,0,'Liên hệ',NULL,'_self',0,'2023-01-02 21:22:38','2023-01-02 21:22:38'),(64,6,0,8,'Botble\\Page\\Models\\Page','/cookie-policy',NULL,0,'Về chúng tôi',NULL,'_self',0,'2023-01-02 21:22:38','2023-01-02 21:22:38'),(65,6,0,9,'Botble\\Page\\Models\\Page','/terms-amp-conditions',NULL,0,'Điều khoản & quy định',NULL,'_self',0,'2023-01-02 21:22:38','2023-01-02 21:22:38'),(66,6,0,10,'Botble\\Page\\Models\\Page','/returns-amp-exchanges',NULL,0,'Chính sách đổi trả',NULL,'_self',0,'2023-01-02 21:22:38','2023-01-02 21:22:38'),(67,6,0,11,'Botble\\Page\\Models\\Page','/shipping-amp-delivery',NULL,0,'Chính sách vận chuyển',NULL,'_self',0,'2023-01-02 21:22:38','2023-01-02 21:22:38'),(68,6,0,12,'Botble\\Page\\Models\\Page','/privacy-policy',NULL,0,'Chính sách bảo mật',NULL,'_self',0,'2023-01-02 21:22:38','2023-01-02 21:22:38');
/*!40000 ALTER TABLE `menu_nodes` ENABLE KEYS */;
UNLOCK TABLES;

--
-- Table structure for table `menus`
--

DROP TABLE IF EXISTS `menus`;
/*!40101 SET @saved_cs_client     = @@character_set_client */;
/*!50503 SET character_set_client = utf8mb4 */;
CREATE TABLE `menus` (
  `id` bigint unsigned NOT NULL AUTO_INCREMENT,
  `name` varchar(120) COLLATE utf8mb4_unicode_ci NOT NULL,
  `slug` varchar(120) COLLATE utf8mb4_unicode_ci DEFAULT NULL,
  `status` varchar(60) COLLATE utf8mb4_unicode_ci NOT NULL DEFAULT 'published',
  `created_at` timestamp NULL DEFAULT NULL,
  `updated_at` timestamp NULL DEFAULT NULL,
  PRIMARY KEY (`id`),
  UNIQUE KEY `menus_slug_unique` (`slug`)
) ENGINE=InnoDB AUTO_INCREMENT=7 DEFAULT CHARSET=utf8mb4 COLLATE=utf8mb4_unicode_ci;
/*!40101 SET character_set_client = @saved_cs_client */;

--
-- Dumping data for table `menus`
--

LOCK TABLES `menus` WRITE;
/*!40000 ALTER TABLE `menus` DISABLE KEYS */;
INSERT INTO `menus` VALUES (1,'Main menu','main-menu','published','2023-01-02 21:22:37','2023-01-02 21:22:37'),(2,'Product categories','product-categories','published','2023-01-02 21:22:37','2023-01-02 21:22:37'),(3,'Information','information','published','2023-01-02 21:22:37','2023-01-02 21:22:37'),(4,'Menu chính','menu-chinh','published','2023-01-02 21:22:37','2023-01-02 21:22:37'),(5,'Product categories','danh-muc-san-pham','published','2023-01-02 21:22:38','2023-01-02 21:22:38'),(6,'Information','thong-tin','published','2023-01-02 21:22:38','2023-01-02 21:22:38');
/*!40000 ALTER TABLE `menus` ENABLE KEYS */;
UNLOCK TABLES;

--
-- Table structure for table `meta_boxes`
--

DROP TABLE IF EXISTS `meta_boxes`;
/*!40101 SET @saved_cs_client     = @@character_set_client */;
/*!50503 SET character_set_client = utf8mb4 */;
CREATE TABLE `meta_boxes` (
  `id` bigint unsigned NOT NULL AUTO_INCREMENT,
  `meta_key` varchar(255) COLLATE utf8mb4_unicode_ci NOT NULL,
  `meta_value` text COLLATE utf8mb4_unicode_ci,
  `reference_id` int unsigned NOT NULL,
  `reference_type` varchar(120) COLLATE utf8mb4_unicode_ci NOT NULL,
  `created_at` timestamp NULL DEFAULT NULL,
  `updated_at` timestamp NULL DEFAULT NULL,
  PRIMARY KEY (`id`),
  KEY `meta_boxes_reference_id_index` (`reference_id`)
) ENGINE=InnoDB AUTO_INCREMENT=154 DEFAULT CHARSET=utf8mb4 COLLATE=utf8mb4_unicode_ci;
/*!40101 SET character_set_client = @saved_cs_client */;

--
-- Dumping data for table `meta_boxes`
--

LOCK TABLES `meta_boxes` WRITE;
/*!40000 ALTER TABLE `meta_boxes` DISABLE KEYS */;
INSERT INTO `meta_boxes` VALUES (1,'icon','[\"far fa-star\"]',1,'Botble\\Ecommerce\\Models\\ProductCategory','2023-01-02 21:22:23','2023-01-02 21:22:23'),(2,'icon','[\"wowy-font-cpu\"]',2,'Botble\\Ecommerce\\Models\\ProductCategory','2023-01-02 21:22:23','2023-01-02 21:22:23'),(3,'icon','[\"wowy-font-tshirt\"]',11,'Botble\\Ecommerce\\Models\\ProductCategory','2023-01-02 21:22:23','2023-01-02 21:22:23'),(4,'icon','[\"wowy-font-desktop\"]',12,'Botble\\Ecommerce\\Models\\ProductCategory','2023-01-02 21:22:23','2023-01-02 21:22:23'),(5,'icon','[\"wowy-font-home\"]',17,'Botble\\Ecommerce\\Models\\ProductCategory','2023-01-02 21:22:23','2023-01-02 21:22:23'),(6,'icon','[\"wowy-font-dress\"]',18,'Botble\\Ecommerce\\Models\\ProductCategory','2023-01-02 21:22:23','2023-01-02 21:22:23'),(7,'icon','[\"wowy-font-diamond\"]',19,'Botble\\Ecommerce\\Models\\ProductCategory','2023-01-02 21:22:23','2023-01-02 21:22:23'),(8,'icon','[\"far fa-microchip\"]',20,'Botble\\Ecommerce\\Models\\ProductCategory','2023-01-02 21:22:23','2023-01-02 21:22:23'),(9,'icon','[\"wowy-font-smartphone\"]',25,'Botble\\Ecommerce\\Models\\ProductCategory','2023-01-02 21:22:23','2023-01-02 21:22:23'),(10,'icon','[\"wowy-font-teddy-bear\"]',26,'Botble\\Ecommerce\\Models\\ProductCategory','2023-01-02 21:22:23','2023-01-02 21:22:23'),(11,'icon','[\"wowy-font-kite\"]',27,'Botble\\Ecommerce\\Models\\ProductCategory','2023-01-02 21:22:23','2023-01-02 21:22:23'),(12,'icon','[\"far fa-book\"]',28,'Botble\\Ecommerce\\Models\\ProductCategory','2023-01-02 21:22:23','2023-01-02 21:22:23'),(13,'icon','[\"far fa-car\"]',29,'Botble\\Ecommerce\\Models\\ProductCategory','2023-01-02 21:22:23','2023-01-02 21:22:23'),(14,'icon','[\"wowy-font-home\"]',30,'Botble\\Ecommerce\\Models\\ProductCategory','2023-01-02 21:22:23','2023-01-02 21:22:23'),(15,'layout','[\"product-right-sidebar\"]',1,'Botble\\Ecommerce\\Models\\Product','2023-01-02 21:22:28','2023-01-02 21:22:28'),(16,'faq_schema_config','[[[{\"key\":\"question\",\"value\":\"What Shipping Methods Are Available?\"},{\"key\":\"answer\",\"value\":\"Ex Portland Pitchfork irure mustache. Eutra fap before they sold out literally. Aliquip ugh bicycle rights actually mlkshk, seitan squid craft beer tempor.\"}],[{\"key\":\"question\",\"value\":\"Do You Ship Internationally?\"},{\"key\":\"answer\",\"value\":\"Hoodie tote bag mixtape tofu. Typewriter jean shorts wolf quinoa, messenger bag organic freegan cray.\"}],[{\"key\":\"question\",\"value\":\"How Long Will It Take To Get My Package?\"},{\"key\":\"answer\",\"value\":\"Swag slow-carb quinoa VHS typewriter pork belly brunch, paleo single-origin coffee Wes Anderson. Flexitarian Pitchfork forage, literally paleo fap pour-over. Wes Anderson Pinterest YOLO fanny pack meggings, deep v XOXO chambray sustainable slow-carb raw denim church-key fap chillwave Etsy. +1 typewriter kitsch, American Apparel tofu Banksy Vice.\"}],[{\"key\":\"question\",\"value\":\"What Payment Methods Are Accepted?\"},{\"key\":\"answer\",\"value\":\"Fashion axe DIY jean shorts, swag kale chips meh polaroid kogi butcher Wes Anderson chambray next level semiotics gentrify yr. Voluptate photo booth fugiat Vice. Austin sed Williamsburg, ea labore raw denim voluptate cred proident mixtape excepteur mustache. Twee chia photo booth readymade food truck, hoodie roof party swag keytar PBR DIY.\"}],[{\"key\":\"question\",\"value\":\"Is Buying On-Line Safe?\"},{\"key\":\"answer\",\"value\":\"Art party authentic freegan semiotics jean shorts chia cred. Neutra Austin roof party Brooklyn, synth Thundercats swag 8-bit photo booth. Plaid letterpress leggings craft beer meh ethical Pinterest.\"}]]]',1,'Botble\\Ecommerce\\Models\\Product','2023-01-02 21:22:28','2023-01-02 21:22:28'),(17,'layout','[\"product-left-sidebar\"]',2,'Botble\\Ecommerce\\Models\\Product','2023-01-02 21:22:28','2023-01-02 21:22:28'),(18,'faq_schema_config','[[[{\"key\":\"question\",\"value\":\"What Shipping Methods Are Available?\"},{\"key\":\"answer\",\"value\":\"Ex Portland Pitchfork irure mustache. Eutra fap before they sold out literally. Aliquip ugh bicycle rights actually mlkshk, seitan squid craft beer tempor.\"}],[{\"key\":\"question\",\"value\":\"Do You Ship Internationally?\"},{\"key\":\"answer\",\"value\":\"Hoodie tote bag mixtape tofu. Typewriter jean shorts wolf quinoa, messenger bag organic freegan cray.\"}],[{\"key\":\"question\",\"value\":\"How Long Will It Take To Get My Package?\"},{\"key\":\"answer\",\"value\":\"Swag slow-carb quinoa VHS typewriter pork belly brunch, paleo single-origin coffee Wes Anderson. Flexitarian Pitchfork forage, literally paleo fap pour-over. Wes Anderson Pinterest YOLO fanny pack meggings, deep v XOXO chambray sustainable slow-carb raw denim church-key fap chillwave Etsy. +1 typewriter kitsch, American Apparel tofu Banksy Vice.\"}],[{\"key\":\"question\",\"value\":\"What Payment Methods Are Accepted?\"},{\"key\":\"answer\",\"value\":\"Fashion axe DIY jean shorts, swag kale chips meh polaroid kogi butcher Wes Anderson chambray next level semiotics gentrify yr. Voluptate photo booth fugiat Vice. Austin sed Williamsburg, ea labore raw denim voluptate cred proident mixtape excepteur mustache. Twee chia photo booth readymade food truck, hoodie roof party swag keytar PBR DIY.\"}],[{\"key\":\"question\",\"value\":\"Is Buying On-Line Safe?\"},{\"key\":\"answer\",\"value\":\"Art party authentic freegan semiotics jean shorts chia cred. Neutra Austin roof party Brooklyn, synth Thundercats swag 8-bit photo booth. Plaid letterpress leggings craft beer meh ethical Pinterest.\"}]]]',2,'Botble\\Ecommerce\\Models\\Product','2023-01-02 21:22:28','2023-01-02 21:22:28'),(19,'layout','[\"product-full-width\"]',3,'Botble\\Ecommerce\\Models\\Product','2023-01-02 21:22:28','2023-01-02 21:22:28'),(20,'faq_schema_config','[[[{\"key\":\"question\",\"value\":\"What Shipping Methods Are Available?\"},{\"key\":\"answer\",\"value\":\"Ex Portland Pitchfork irure mustache. Eutra fap before they sold out literally. Aliquip ugh bicycle rights actually mlkshk, seitan squid craft beer tempor.\"}],[{\"key\":\"question\",\"value\":\"Do You Ship Internationally?\"},{\"key\":\"answer\",\"value\":\"Hoodie tote bag mixtape tofu. Typewriter jean shorts wolf quinoa, messenger bag organic freegan cray.\"}],[{\"key\":\"question\",\"value\":\"How Long Will It Take To Get My Package?\"},{\"key\":\"answer\",\"value\":\"Swag slow-carb quinoa VHS typewriter pork belly brunch, paleo single-origin coffee Wes Anderson. Flexitarian Pitchfork forage, literally paleo fap pour-over. Wes Anderson Pinterest YOLO fanny pack meggings, deep v XOXO chambray sustainable slow-carb raw denim church-key fap chillwave Etsy. +1 typewriter kitsch, American Apparel tofu Banksy Vice.\"}],[{\"key\":\"question\",\"value\":\"What Payment Methods Are Accepted?\"},{\"key\":\"answer\",\"value\":\"Fashion axe DIY jean shorts, swag kale chips meh polaroid kogi butcher Wes Anderson chambray next level semiotics gentrify yr. Voluptate photo booth fugiat Vice. Austin sed Williamsburg, ea labore raw denim voluptate cred proident mixtape excepteur mustache. Twee chia photo booth readymade food truck, hoodie roof party swag keytar PBR DIY.\"}],[{\"key\":\"question\",\"value\":\"Is Buying On-Line Safe?\"},{\"key\":\"answer\",\"value\":\"Art party authentic freegan semiotics jean shorts chia cred. Neutra Austin roof party Brooklyn, synth Thundercats swag 8-bit photo booth. Plaid letterpress leggings craft beer meh ethical Pinterest.\"}]]]',3,'Botble\\Ecommerce\\Models\\Product','2023-01-02 21:22:28','2023-01-02 21:22:28'),(21,'faq_schema_config','[[[{\"key\":\"question\",\"value\":\"What Shipping Methods Are Available?\"},{\"key\":\"answer\",\"value\":\"Ex Portland Pitchfork irure mustache. Eutra fap before they sold out literally. Aliquip ugh bicycle rights actually mlkshk, seitan squid craft beer tempor.\"}],[{\"key\":\"question\",\"value\":\"Do You Ship Internationally?\"},{\"key\":\"answer\",\"value\":\"Hoodie tote bag mixtape tofu. Typewriter jean shorts wolf quinoa, messenger bag organic freegan cray.\"}],[{\"key\":\"question\",\"value\":\"How Long Will It Take To Get My Package?\"},{\"key\":\"answer\",\"value\":\"Swag slow-carb quinoa VHS typewriter pork belly brunch, paleo single-origin coffee Wes Anderson. Flexitarian Pitchfork forage, literally paleo fap pour-over. Wes Anderson Pinterest YOLO fanny pack meggings, deep v XOXO chambray sustainable slow-carb raw denim church-key fap chillwave Etsy. +1 typewriter kitsch, American Apparel tofu Banksy Vice.\"}],[{\"key\":\"question\",\"value\":\"What Payment Methods Are Accepted?\"},{\"key\":\"answer\",\"value\":\"Fashion axe DIY jean shorts, swag kale chips meh polaroid kogi butcher Wes Anderson chambray next level semiotics gentrify yr. Voluptate photo booth fugiat Vice. Austin sed Williamsburg, ea labore raw denim voluptate cred proident mixtape excepteur mustache. Twee chia photo booth readymade food truck, hoodie roof party swag keytar PBR DIY.\"}],[{\"key\":\"question\",\"value\":\"Is Buying On-Line Safe?\"},{\"key\":\"answer\",\"value\":\"Art party authentic freegan semiotics jean shorts chia cred. Neutra Austin roof party Brooklyn, synth Thundercats swag 8-bit photo booth. Plaid letterpress leggings craft beer meh ethical Pinterest.\"}]]]',4,'Botble\\Ecommerce\\Models\\Product','2023-01-02 21:22:28','2023-01-02 21:22:28'),(22,'faq_schema_config','[[[{\"key\":\"question\",\"value\":\"What Shipping Methods Are Available?\"},{\"key\":\"answer\",\"value\":\"Ex Portland Pitchfork irure mustache. Eutra fap before they sold out literally. Aliquip ugh bicycle rights actually mlkshk, seitan squid craft beer tempor.\"}],[{\"key\":\"question\",\"value\":\"Do You Ship Internationally?\"},{\"key\":\"answer\",\"value\":\"Hoodie tote bag mixtape tofu. Typewriter jean shorts wolf quinoa, messenger bag organic freegan cray.\"}],[{\"key\":\"question\",\"value\":\"How Long Will It Take To Get My Package?\"},{\"key\":\"answer\",\"value\":\"Swag slow-carb quinoa VHS typewriter pork belly brunch, paleo single-origin coffee Wes Anderson. Flexitarian Pitchfork forage, literally paleo fap pour-over. Wes Anderson Pinterest YOLO fanny pack meggings, deep v XOXO chambray sustainable slow-carb raw denim church-key fap chillwave Etsy. +1 typewriter kitsch, American Apparel tofu Banksy Vice.\"}],[{\"key\":\"question\",\"value\":\"What Payment Methods Are Accepted?\"},{\"key\":\"answer\",\"value\":\"Fashion axe DIY jean shorts, swag kale chips meh polaroid kogi butcher Wes Anderson chambray next level semiotics gentrify yr. Voluptate photo booth fugiat Vice. Austin sed Williamsburg, ea labore raw denim voluptate cred proident mixtape excepteur mustache. Twee chia photo booth readymade food truck, hoodie roof party swag keytar PBR DIY.\"}],[{\"key\":\"question\",\"value\":\"Is Buying On-Line Safe?\"},{\"key\":\"answer\",\"value\":\"Art party authentic freegan semiotics jean shorts chia cred. Neutra Austin roof party Brooklyn, synth Thundercats swag 8-bit photo booth. Plaid letterpress leggings craft beer meh ethical Pinterest.\"}]]]',5,'Botble\\Ecommerce\\Models\\Product','2023-01-02 21:22:28','2023-01-02 21:22:28'),(23,'faq_schema_config','[[[{\"key\":\"question\",\"value\":\"What Shipping Methods Are Available?\"},{\"key\":\"answer\",\"value\":\"Ex Portland Pitchfork irure mustache. Eutra fap before they sold out literally. Aliquip ugh bicycle rights actually mlkshk, seitan squid craft beer tempor.\"}],[{\"key\":\"question\",\"value\":\"Do You Ship Internationally?\"},{\"key\":\"answer\",\"value\":\"Hoodie tote bag mixtape tofu. Typewriter jean shorts wolf quinoa, messenger bag organic freegan cray.\"}],[{\"key\":\"question\",\"value\":\"How Long Will It Take To Get My Package?\"},{\"key\":\"answer\",\"value\":\"Swag slow-carb quinoa VHS typewriter pork belly brunch, paleo single-origin coffee Wes Anderson. Flexitarian Pitchfork forage, literally paleo fap pour-over. Wes Anderson Pinterest YOLO fanny pack meggings, deep v XOXO chambray sustainable slow-carb raw denim church-key fap chillwave Etsy. +1 typewriter kitsch, American Apparel tofu Banksy Vice.\"}],[{\"key\":\"question\",\"value\":\"What Payment Methods Are Accepted?\"},{\"key\":\"answer\",\"value\":\"Fashion axe DIY jean shorts, swag kale chips meh polaroid kogi butcher Wes Anderson chambray next level semiotics gentrify yr. Voluptate photo booth fugiat Vice. Austin sed Williamsburg, ea labore raw denim voluptate cred proident mixtape excepteur mustache. Twee chia photo booth readymade food truck, hoodie roof party swag keytar PBR DIY.\"}],[{\"key\":\"question\",\"value\":\"Is Buying On-Line Safe?\"},{\"key\":\"answer\",\"value\":\"Art party authentic freegan semiotics jean shorts chia cred. Neutra Austin roof party Brooklyn, synth Thundercats swag 8-bit photo booth. Plaid letterpress leggings craft beer meh ethical Pinterest.\"}]]]',6,'Botble\\Ecommerce\\Models\\Product','2023-01-02 21:22:28','2023-01-02 21:22:28'),(24,'faq_schema_config','[[[{\"key\":\"question\",\"value\":\"What Shipping Methods Are Available?\"},{\"key\":\"answer\",\"value\":\"Ex Portland Pitchfork irure mustache. Eutra fap before they sold out literally. Aliquip ugh bicycle rights actually mlkshk, seitan squid craft beer tempor.\"}],[{\"key\":\"question\",\"value\":\"Do You Ship Internationally?\"},{\"key\":\"answer\",\"value\":\"Hoodie tote bag mixtape tofu. Typewriter jean shorts wolf quinoa, messenger bag organic freegan cray.\"}],[{\"key\":\"question\",\"value\":\"How Long Will It Take To Get My Package?\"},{\"key\":\"answer\",\"value\":\"Swag slow-carb quinoa VHS typewriter pork belly brunch, paleo single-origin coffee Wes Anderson. Flexitarian Pitchfork forage, literally paleo fap pour-over. Wes Anderson Pinterest YOLO fanny pack meggings, deep v XOXO chambray sustainable slow-carb raw denim church-key fap chillwave Etsy. +1 typewriter kitsch, American Apparel tofu Banksy Vice.\"}],[{\"key\":\"question\",\"value\":\"What Payment Methods Are Accepted?\"},{\"key\":\"answer\",\"value\":\"Fashion axe DIY jean shorts, swag kale chips meh polaroid kogi butcher Wes Anderson chambray next level semiotics gentrify yr. Voluptate photo booth fugiat Vice. Austin sed Williamsburg, ea labore raw denim voluptate cred proident mixtape excepteur mustache. Twee chia photo booth readymade food truck, hoodie roof party swag keytar PBR DIY.\"}],[{\"key\":\"question\",\"value\":\"Is Buying On-Line Safe?\"},{\"key\":\"answer\",\"value\":\"Art party authentic freegan semiotics jean shorts chia cred. Neutra Austin roof party Brooklyn, synth Thundercats swag 8-bit photo booth. Plaid letterpress leggings craft beer meh ethical Pinterest.\"}]]]',7,'Botble\\Ecommerce\\Models\\Product','2023-01-02 21:22:28','2023-01-02 21:22:28'),(25,'faq_schema_config','[[[{\"key\":\"question\",\"value\":\"What Shipping Methods Are Available?\"},{\"key\":\"answer\",\"value\":\"Ex Portland Pitchfork irure mustache. Eutra fap before they sold out literally. Aliquip ugh bicycle rights actually mlkshk, seitan squid craft beer tempor.\"}],[{\"key\":\"question\",\"value\":\"Do You Ship Internationally?\"},{\"key\":\"answer\",\"value\":\"Hoodie tote bag mixtape tofu. Typewriter jean shorts wolf quinoa, messenger bag organic freegan cray.\"}],[{\"key\":\"question\",\"value\":\"How Long Will It Take To Get My Package?\"},{\"key\":\"answer\",\"value\":\"Swag slow-carb quinoa VHS typewriter pork belly brunch, paleo single-origin coffee Wes Anderson. Flexitarian Pitchfork forage, literally paleo fap pour-over. Wes Anderson Pinterest YOLO fanny pack meggings, deep v XOXO chambray sustainable slow-carb raw denim church-key fap chillwave Etsy. +1 typewriter kitsch, American Apparel tofu Banksy Vice.\"}],[{\"key\":\"question\",\"value\":\"What Payment Methods Are Accepted?\"},{\"key\":\"answer\",\"value\":\"Fashion axe DIY jean shorts, swag kale chips meh polaroid kogi butcher Wes Anderson chambray next level semiotics gentrify yr. Voluptate photo booth fugiat Vice. Austin sed Williamsburg, ea labore raw denim voluptate cred proident mixtape excepteur mustache. Twee chia photo booth readymade food truck, hoodie roof party swag keytar PBR DIY.\"}],[{\"key\":\"question\",\"value\":\"Is Buying On-Line Safe?\"},{\"key\":\"answer\",\"value\":\"Art party authentic freegan semiotics jean shorts chia cred. Neutra Austin roof party Brooklyn, synth Thundercats swag 8-bit photo booth. Plaid letterpress leggings craft beer meh ethical Pinterest.\"}]]]',8,'Botble\\Ecommerce\\Models\\Product','2023-01-02 21:22:28','2023-01-02 21:22:28'),(26,'faq_schema_config','[[[{\"key\":\"question\",\"value\":\"What Shipping Methods Are Available?\"},{\"key\":\"answer\",\"value\":\"Ex Portland Pitchfork irure mustache. Eutra fap before they sold out literally. Aliquip ugh bicycle rights actually mlkshk, seitan squid craft beer tempor.\"}],[{\"key\":\"question\",\"value\":\"Do You Ship Internationally?\"},{\"key\":\"answer\",\"value\":\"Hoodie tote bag mixtape tofu. Typewriter jean shorts wolf quinoa, messenger bag organic freegan cray.\"}],[{\"key\":\"question\",\"value\":\"How Long Will It Take To Get My Package?\"},{\"key\":\"answer\",\"value\":\"Swag slow-carb quinoa VHS typewriter pork belly brunch, paleo single-origin coffee Wes Anderson. Flexitarian Pitchfork forage, literally paleo fap pour-over. Wes Anderson Pinterest YOLO fanny pack meggings, deep v XOXO chambray sustainable slow-carb raw denim church-key fap chillwave Etsy. +1 typewriter kitsch, American Apparel tofu Banksy Vice.\"}],[{\"key\":\"question\",\"value\":\"What Payment Methods Are Accepted?\"},{\"key\":\"answer\",\"value\":\"Fashion axe DIY jean shorts, swag kale chips meh polaroid kogi butcher Wes Anderson chambray next level semiotics gentrify yr. Voluptate photo booth fugiat Vice. Austin sed Williamsburg, ea labore raw denim voluptate cred proident mixtape excepteur mustache. Twee chia photo booth readymade food truck, hoodie roof party swag keytar PBR DIY.\"}],[{\"key\":\"question\",\"value\":\"Is Buying On-Line Safe?\"},{\"key\":\"answer\",\"value\":\"Art party authentic freegan semiotics jean shorts chia cred. Neutra Austin roof party Brooklyn, synth Thundercats swag 8-bit photo booth. Plaid letterpress leggings craft beer meh ethical Pinterest.\"}]]]',9,'Botble\\Ecommerce\\Models\\Product','2023-01-02 21:22:28','2023-01-02 21:22:28'),(27,'faq_schema_config','[[[{\"key\":\"question\",\"value\":\"What Shipping Methods Are Available?\"},{\"key\":\"answer\",\"value\":\"Ex Portland Pitchfork irure mustache. Eutra fap before they sold out literally. Aliquip ugh bicycle rights actually mlkshk, seitan squid craft beer tempor.\"}],[{\"key\":\"question\",\"value\":\"Do You Ship Internationally?\"},{\"key\":\"answer\",\"value\":\"Hoodie tote bag mixtape tofu. Typewriter jean shorts wolf quinoa, messenger bag organic freegan cray.\"}],[{\"key\":\"question\",\"value\":\"How Long Will It Take To Get My Package?\"},{\"key\":\"answer\",\"value\":\"Swag slow-carb quinoa VHS typewriter pork belly brunch, paleo single-origin coffee Wes Anderson. Flexitarian Pitchfork forage, literally paleo fap pour-over. Wes Anderson Pinterest YOLO fanny pack meggings, deep v XOXO chambray sustainable slow-carb raw denim church-key fap chillwave Etsy. +1 typewriter kitsch, American Apparel tofu Banksy Vice.\"}],[{\"key\":\"question\",\"value\":\"What Payment Methods Are Accepted?\"},{\"key\":\"answer\",\"value\":\"Fashion axe DIY jean shorts, swag kale chips meh polaroid kogi butcher Wes Anderson chambray next level semiotics gentrify yr. Voluptate photo booth fugiat Vice. Austin sed Williamsburg, ea labore raw denim voluptate cred proident mixtape excepteur mustache. Twee chia photo booth readymade food truck, hoodie roof party swag keytar PBR DIY.\"}],[{\"key\":\"question\",\"value\":\"Is Buying On-Line Safe?\"},{\"key\":\"answer\",\"value\":\"Art party authentic freegan semiotics jean shorts chia cred. Neutra Austin roof party Brooklyn, synth Thundercats swag 8-bit photo booth. Plaid letterpress leggings craft beer meh ethical Pinterest.\"}]]]',10,'Botble\\Ecommerce\\Models\\Product','2023-01-02 21:22:28','2023-01-02 21:22:28'),(28,'faq_schema_config','[[[{\"key\":\"question\",\"value\":\"What Shipping Methods Are Available?\"},{\"key\":\"answer\",\"value\":\"Ex Portland Pitchfork irure mustache. Eutra fap before they sold out literally. Aliquip ugh bicycle rights actually mlkshk, seitan squid craft beer tempor.\"}],[{\"key\":\"question\",\"value\":\"Do You Ship Internationally?\"},{\"key\":\"answer\",\"value\":\"Hoodie tote bag mixtape tofu. Typewriter jean shorts wolf quinoa, messenger bag organic freegan cray.\"}],[{\"key\":\"question\",\"value\":\"How Long Will It Take To Get My Package?\"},{\"key\":\"answer\",\"value\":\"Swag slow-carb quinoa VHS typewriter pork belly brunch, paleo single-origin coffee Wes Anderson. Flexitarian Pitchfork forage, literally paleo fap pour-over. Wes Anderson Pinterest YOLO fanny pack meggings, deep v XOXO chambray sustainable slow-carb raw denim church-key fap chillwave Etsy. +1 typewriter kitsch, American Apparel tofu Banksy Vice.\"}],[{\"key\":\"question\",\"value\":\"What Payment Methods Are Accepted?\"},{\"key\":\"answer\",\"value\":\"Fashion axe DIY jean shorts, swag kale chips meh polaroid kogi butcher Wes Anderson chambray next level semiotics gentrify yr. Voluptate photo booth fugiat Vice. Austin sed Williamsburg, ea labore raw denim voluptate cred proident mixtape excepteur mustache. Twee chia photo booth readymade food truck, hoodie roof party swag keytar PBR DIY.\"}],[{\"key\":\"question\",\"value\":\"Is Buying On-Line Safe?\"},{\"key\":\"answer\",\"value\":\"Art party authentic freegan semiotics jean shorts chia cred. Neutra Austin roof party Brooklyn, synth Thundercats swag 8-bit photo booth. Plaid letterpress leggings craft beer meh ethical Pinterest.\"}]]]',11,'Botble\\Ecommerce\\Models\\Product','2023-01-02 21:22:28','2023-01-02 21:22:28'),(29,'faq_schema_config','[[[{\"key\":\"question\",\"value\":\"What Shipping Methods Are Available?\"},{\"key\":\"answer\",\"value\":\"Ex Portland Pitchfork irure mustache. Eutra fap before they sold out literally. Aliquip ugh bicycle rights actually mlkshk, seitan squid craft beer tempor.\"}],[{\"key\":\"question\",\"value\":\"Do You Ship Internationally?\"},{\"key\":\"answer\",\"value\":\"Hoodie tote bag mixtape tofu. Typewriter jean shorts wolf quinoa, messenger bag organic freegan cray.\"}],[{\"key\":\"question\",\"value\":\"How Long Will It Take To Get My Package?\"},{\"key\":\"answer\",\"value\":\"Swag slow-carb quinoa VHS typewriter pork belly brunch, paleo single-origin coffee Wes Anderson. Flexitarian Pitchfork forage, literally paleo fap pour-over. Wes Anderson Pinterest YOLO fanny pack meggings, deep v XOXO chambray sustainable slow-carb raw denim church-key fap chillwave Etsy. +1 typewriter kitsch, American Apparel tofu Banksy Vice.\"}],[{\"key\":\"question\",\"value\":\"What Payment Methods Are Accepted?\"},{\"key\":\"answer\",\"value\":\"Fashion axe DIY jean shorts, swag kale chips meh polaroid kogi butcher Wes Anderson chambray next level semiotics gentrify yr. Voluptate photo booth fugiat Vice. Austin sed Williamsburg, ea labore raw denim voluptate cred proident mixtape excepteur mustache. Twee chia photo booth readymade food truck, hoodie roof party swag keytar PBR DIY.\"}],[{\"key\":\"question\",\"value\":\"Is Buying On-Line Safe?\"},{\"key\":\"answer\",\"value\":\"Art party authentic freegan semiotics jean shorts chia cred. Neutra Austin roof party Brooklyn, synth Thundercats swag 8-bit photo booth. Plaid letterpress leggings craft beer meh ethical Pinterest.\"}]]]',12,'Botble\\Ecommerce\\Models\\Product','2023-01-02 21:22:28','2023-01-02 21:22:28'),(30,'faq_schema_config','[[[{\"key\":\"question\",\"value\":\"What Shipping Methods Are Available?\"},{\"key\":\"answer\",\"value\":\"Ex Portland Pitchfork irure mustache. Eutra fap before they sold out literally. Aliquip ugh bicycle rights actually mlkshk, seitan squid craft beer tempor.\"}],[{\"key\":\"question\",\"value\":\"Do You Ship Internationally?\"},{\"key\":\"answer\",\"value\":\"Hoodie tote bag mixtape tofu. Typewriter jean shorts wolf quinoa, messenger bag organic freegan cray.\"}],[{\"key\":\"question\",\"value\":\"How Long Will It Take To Get My Package?\"},{\"key\":\"answer\",\"value\":\"Swag slow-carb quinoa VHS typewriter pork belly brunch, paleo single-origin coffee Wes Anderson. Flexitarian Pitchfork forage, literally paleo fap pour-over. Wes Anderson Pinterest YOLO fanny pack meggings, deep v XOXO chambray sustainable slow-carb raw denim church-key fap chillwave Etsy. +1 typewriter kitsch, American Apparel tofu Banksy Vice.\"}],[{\"key\":\"question\",\"value\":\"What Payment Methods Are Accepted?\"},{\"key\":\"answer\",\"value\":\"Fashion axe DIY jean shorts, swag kale chips meh polaroid kogi butcher Wes Anderson chambray next level semiotics gentrify yr. Voluptate photo booth fugiat Vice. Austin sed Williamsburg, ea labore raw denim voluptate cred proident mixtape excepteur mustache. Twee chia photo booth readymade food truck, hoodie roof party swag keytar PBR DIY.\"}],[{\"key\":\"question\",\"value\":\"Is Buying On-Line Safe?\"},{\"key\":\"answer\",\"value\":\"Art party authentic freegan semiotics jean shorts chia cred. Neutra Austin roof party Brooklyn, synth Thundercats swag 8-bit photo booth. Plaid letterpress leggings craft beer meh ethical Pinterest.\"}]]]',13,'Botble\\Ecommerce\\Models\\Product','2023-01-02 21:22:28','2023-01-02 21:22:28'),(31,'faq_schema_config','[[[{\"key\":\"question\",\"value\":\"What Shipping Methods Are Available?\"},{\"key\":\"answer\",\"value\":\"Ex Portland Pitchfork irure mustache. Eutra fap before they sold out literally. Aliquip ugh bicycle rights actually mlkshk, seitan squid craft beer tempor.\"}],[{\"key\":\"question\",\"value\":\"Do You Ship Internationally?\"},{\"key\":\"answer\",\"value\":\"Hoodie tote bag mixtape tofu. Typewriter jean shorts wolf quinoa, messenger bag organic freegan cray.\"}],[{\"key\":\"question\",\"value\":\"How Long Will It Take To Get My Package?\"},{\"key\":\"answer\",\"value\":\"Swag slow-carb quinoa VHS typewriter pork belly brunch, paleo single-origin coffee Wes Anderson. Flexitarian Pitchfork forage, literally paleo fap pour-over. Wes Anderson Pinterest YOLO fanny pack meggings, deep v XOXO chambray sustainable slow-carb raw denim church-key fap chillwave Etsy. +1 typewriter kitsch, American Apparel tofu Banksy Vice.\"}],[{\"key\":\"question\",\"value\":\"What Payment Methods Are Accepted?\"},{\"key\":\"answer\",\"value\":\"Fashion axe DIY jean shorts, swag kale chips meh polaroid kogi butcher Wes Anderson chambray next level semiotics gentrify yr. Voluptate photo booth fugiat Vice. Austin sed Williamsburg, ea labore raw denim voluptate cred proident mixtape excepteur mustache. Twee chia photo booth readymade food truck, hoodie roof party swag keytar PBR DIY.\"}],[{\"key\":\"question\",\"value\":\"Is Buying On-Line Safe?\"},{\"key\":\"answer\",\"value\":\"Art party authentic freegan semiotics jean shorts chia cred. Neutra Austin roof party Brooklyn, synth Thundercats swag 8-bit photo booth. Plaid letterpress leggings craft beer meh ethical Pinterest.\"}]]]',14,'Botble\\Ecommerce\\Models\\Product','2023-01-02 21:22:28','2023-01-02 21:22:28'),(32,'faq_schema_config','[[[{\"key\":\"question\",\"value\":\"What Shipping Methods Are Available?\"},{\"key\":\"answer\",\"value\":\"Ex Portland Pitchfork irure mustache. Eutra fap before they sold out literally. Aliquip ugh bicycle rights actually mlkshk, seitan squid craft beer tempor.\"}],[{\"key\":\"question\",\"value\":\"Do You Ship Internationally?\"},{\"key\":\"answer\",\"value\":\"Hoodie tote bag mixtape tofu. Typewriter jean shorts wolf quinoa, messenger bag organic freegan cray.\"}],[{\"key\":\"question\",\"value\":\"How Long Will It Take To Get My Package?\"},{\"key\":\"answer\",\"value\":\"Swag slow-carb quinoa VHS typewriter pork belly brunch, paleo single-origin coffee Wes Anderson. Flexitarian Pitchfork forage, literally paleo fap pour-over. Wes Anderson Pinterest YOLO fanny pack meggings, deep v XOXO chambray sustainable slow-carb raw denim church-key fap chillwave Etsy. +1 typewriter kitsch, American Apparel tofu Banksy Vice.\"}],[{\"key\":\"question\",\"value\":\"What Payment Methods Are Accepted?\"},{\"key\":\"answer\",\"value\":\"Fashion axe DIY jean shorts, swag kale chips meh polaroid kogi butcher Wes Anderson chambray next level semiotics gentrify yr. Voluptate photo booth fugiat Vice. Austin sed Williamsburg, ea labore raw denim voluptate cred proident mixtape excepteur mustache. Twee chia photo booth readymade food truck, hoodie roof party swag keytar PBR DIY.\"}],[{\"key\":\"question\",\"value\":\"Is Buying On-Line Safe?\"},{\"key\":\"answer\",\"value\":\"Art party authentic freegan semiotics jean shorts chia cred. Neutra Austin roof party Brooklyn, synth Thundercats swag 8-bit photo booth. Plaid letterpress leggings craft beer meh ethical Pinterest.\"}]]]',15,'Botble\\Ecommerce\\Models\\Product','2023-01-02 21:22:28','2023-01-02 21:22:28'),(33,'faq_schema_config','[[[{\"key\":\"question\",\"value\":\"What Shipping Methods Are Available?\"},{\"key\":\"answer\",\"value\":\"Ex Portland Pitchfork irure mustache. Eutra fap before they sold out literally. Aliquip ugh bicycle rights actually mlkshk, seitan squid craft beer tempor.\"}],[{\"key\":\"question\",\"value\":\"Do You Ship Internationally?\"},{\"key\":\"answer\",\"value\":\"Hoodie tote bag mixtape tofu. Typewriter jean shorts wolf quinoa, messenger bag organic freegan cray.\"}],[{\"key\":\"question\",\"value\":\"How Long Will It Take To Get My Package?\"},{\"key\":\"answer\",\"value\":\"Swag slow-carb quinoa VHS typewriter pork belly brunch, paleo single-origin coffee Wes Anderson. Flexitarian Pitchfork forage, literally paleo fap pour-over. Wes Anderson Pinterest YOLO fanny pack meggings, deep v XOXO chambray sustainable slow-carb raw denim church-key fap chillwave Etsy. +1 typewriter kitsch, American Apparel tofu Banksy Vice.\"}],[{\"key\":\"question\",\"value\":\"What Payment Methods Are Accepted?\"},{\"key\":\"answer\",\"value\":\"Fashion axe DIY jean shorts, swag kale chips meh polaroid kogi butcher Wes Anderson chambray next level semiotics gentrify yr. Voluptate photo booth fugiat Vice. Austin sed Williamsburg, ea labore raw denim voluptate cred proident mixtape excepteur mustache. Twee chia photo booth readymade food truck, hoodie roof party swag keytar PBR DIY.\"}],[{\"key\":\"question\",\"value\":\"Is Buying On-Line Safe?\"},{\"key\":\"answer\",\"value\":\"Art party authentic freegan semiotics jean shorts chia cred. Neutra Austin roof party Brooklyn, synth Thundercats swag 8-bit photo booth. Plaid letterpress leggings craft beer meh ethical Pinterest.\"}]]]',16,'Botble\\Ecommerce\\Models\\Product','2023-01-02 21:22:28','2023-01-02 21:22:28'),(34,'faq_schema_config','[[[{\"key\":\"question\",\"value\":\"What Shipping Methods Are Available?\"},{\"key\":\"answer\",\"value\":\"Ex Portland Pitchfork irure mustache. Eutra fap before they sold out literally. Aliquip ugh bicycle rights actually mlkshk, seitan squid craft beer tempor.\"}],[{\"key\":\"question\",\"value\":\"Do You Ship Internationally?\"},{\"key\":\"answer\",\"value\":\"Hoodie tote bag mixtape tofu. Typewriter jean shorts wolf quinoa, messenger bag organic freegan cray.\"}],[{\"key\":\"question\",\"value\":\"How Long Will It Take To Get My Package?\"},{\"key\":\"answer\",\"value\":\"Swag slow-carb quinoa VHS typewriter pork belly brunch, paleo single-origin coffee Wes Anderson. Flexitarian Pitchfork forage, literally paleo fap pour-over. Wes Anderson Pinterest YOLO fanny pack meggings, deep v XOXO chambray sustainable slow-carb raw denim church-key fap chillwave Etsy. +1 typewriter kitsch, American Apparel tofu Banksy Vice.\"}],[{\"key\":\"question\",\"value\":\"What Payment Methods Are Accepted?\"},{\"key\":\"answer\",\"value\":\"Fashion axe DIY jean shorts, swag kale chips meh polaroid kogi butcher Wes Anderson chambray next level semiotics gentrify yr. Voluptate photo booth fugiat Vice. Austin sed Williamsburg, ea labore raw denim voluptate cred proident mixtape excepteur mustache. Twee chia photo booth readymade food truck, hoodie roof party swag keytar PBR DIY.\"}],[{\"key\":\"question\",\"value\":\"Is Buying On-Line Safe?\"},{\"key\":\"answer\",\"value\":\"Art party authentic freegan semiotics jean shorts chia cred. Neutra Austin roof party Brooklyn, synth Thundercats swag 8-bit photo booth. Plaid letterpress leggings craft beer meh ethical Pinterest.\"}]]]',17,'Botble\\Ecommerce\\Models\\Product','2023-01-02 21:22:29','2023-01-02 21:22:29'),(35,'faq_schema_config','[[[{\"key\":\"question\",\"value\":\"What Shipping Methods Are Available?\"},{\"key\":\"answer\",\"value\":\"Ex Portland Pitchfork irure mustache. Eutra fap before they sold out literally. Aliquip ugh bicycle rights actually mlkshk, seitan squid craft beer tempor.\"}],[{\"key\":\"question\",\"value\":\"Do You Ship Internationally?\"},{\"key\":\"answer\",\"value\":\"Hoodie tote bag mixtape tofu. Typewriter jean shorts wolf quinoa, messenger bag organic freegan cray.\"}],[{\"key\":\"question\",\"value\":\"How Long Will It Take To Get My Package?\"},{\"key\":\"answer\",\"value\":\"Swag slow-carb quinoa VHS typewriter pork belly brunch, paleo single-origin coffee Wes Anderson. Flexitarian Pitchfork forage, literally paleo fap pour-over. Wes Anderson Pinterest YOLO fanny pack meggings, deep v XOXO chambray sustainable slow-carb raw denim church-key fap chillwave Etsy. +1 typewriter kitsch, American Apparel tofu Banksy Vice.\"}],[{\"key\":\"question\",\"value\":\"What Payment Methods Are Accepted?\"},{\"key\":\"answer\",\"value\":\"Fashion axe DIY jean shorts, swag kale chips meh polaroid kogi butcher Wes Anderson chambray next level semiotics gentrify yr. Voluptate photo booth fugiat Vice. Austin sed Williamsburg, ea labore raw denim voluptate cred proident mixtape excepteur mustache. Twee chia photo booth readymade food truck, hoodie roof party swag keytar PBR DIY.\"}],[{\"key\":\"question\",\"value\":\"Is Buying On-Line Safe?\"},{\"key\":\"answer\",\"value\":\"Art party authentic freegan semiotics jean shorts chia cred. Neutra Austin roof party Brooklyn, synth Thundercats swag 8-bit photo booth. Plaid letterpress leggings craft beer meh ethical Pinterest.\"}]]]',18,'Botble\\Ecommerce\\Models\\Product','2023-01-02 21:22:29','2023-01-02 21:22:29'),(36,'faq_schema_config','[[[{\"key\":\"question\",\"value\":\"What Shipping Methods Are Available?\"},{\"key\":\"answer\",\"value\":\"Ex Portland Pitchfork irure mustache. Eutra fap before they sold out literally. Aliquip ugh bicycle rights actually mlkshk, seitan squid craft beer tempor.\"}],[{\"key\":\"question\",\"value\":\"Do You Ship Internationally?\"},{\"key\":\"answer\",\"value\":\"Hoodie tote bag mixtape tofu. Typewriter jean shorts wolf quinoa, messenger bag organic freegan cray.\"}],[{\"key\":\"question\",\"value\":\"How Long Will It Take To Get My Package?\"},{\"key\":\"answer\",\"value\":\"Swag slow-carb quinoa VHS typewriter pork belly brunch, paleo single-origin coffee Wes Anderson. Flexitarian Pitchfork forage, literally paleo fap pour-over. Wes Anderson Pinterest YOLO fanny pack meggings, deep v XOXO chambray sustainable slow-carb raw denim church-key fap chillwave Etsy. +1 typewriter kitsch, American Apparel tofu Banksy Vice.\"}],[{\"key\":\"question\",\"value\":\"What Payment Methods Are Accepted?\"},{\"key\":\"answer\",\"value\":\"Fashion axe DIY jean shorts, swag kale chips meh polaroid kogi butcher Wes Anderson chambray next level semiotics gentrify yr. Voluptate photo booth fugiat Vice. Austin sed Williamsburg, ea labore raw denim voluptate cred proident mixtape excepteur mustache. Twee chia photo booth readymade food truck, hoodie roof party swag keytar PBR DIY.\"}],[{\"key\":\"question\",\"value\":\"Is Buying On-Line Safe?\"},{\"key\":\"answer\",\"value\":\"Art party authentic freegan semiotics jean shorts chia cred. Neutra Austin roof party Brooklyn, synth Thundercats swag 8-bit photo booth. Plaid letterpress leggings craft beer meh ethical Pinterest.\"}]]]',19,'Botble\\Ecommerce\\Models\\Product','2023-01-02 21:22:29','2023-01-02 21:22:29'),(37,'faq_schema_config','[[[{\"key\":\"question\",\"value\":\"What Shipping Methods Are Available?\"},{\"key\":\"answer\",\"value\":\"Ex Portland Pitchfork irure mustache. Eutra fap before they sold out literally. Aliquip ugh bicycle rights actually mlkshk, seitan squid craft beer tempor.\"}],[{\"key\":\"question\",\"value\":\"Do You Ship Internationally?\"},{\"key\":\"answer\",\"value\":\"Hoodie tote bag mixtape tofu. Typewriter jean shorts wolf quinoa, messenger bag organic freegan cray.\"}],[{\"key\":\"question\",\"value\":\"How Long Will It Take To Get My Package?\"},{\"key\":\"answer\",\"value\":\"Swag slow-carb quinoa VHS typewriter pork belly brunch, paleo single-origin coffee Wes Anderson. Flexitarian Pitchfork forage, literally paleo fap pour-over. Wes Anderson Pinterest YOLO fanny pack meggings, deep v XOXO chambray sustainable slow-carb raw denim church-key fap chillwave Etsy. +1 typewriter kitsch, American Apparel tofu Banksy Vice.\"}],[{\"key\":\"question\",\"value\":\"What Payment Methods Are Accepted?\"},{\"key\":\"answer\",\"value\":\"Fashion axe DIY jean shorts, swag kale chips meh polaroid kogi butcher Wes Anderson chambray next level semiotics gentrify yr. Voluptate photo booth fugiat Vice. Austin sed Williamsburg, ea labore raw denim voluptate cred proident mixtape excepteur mustache. Twee chia photo booth readymade food truck, hoodie roof party swag keytar PBR DIY.\"}],[{\"key\":\"question\",\"value\":\"Is Buying On-Line Safe?\"},{\"key\":\"answer\",\"value\":\"Art party authentic freegan semiotics jean shorts chia cred. Neutra Austin roof party Brooklyn, synth Thundercats swag 8-bit photo booth. Plaid letterpress leggings craft beer meh ethical Pinterest.\"}]]]',20,'Botble\\Ecommerce\\Models\\Product','2023-01-02 21:22:29','2023-01-02 21:22:29'),(38,'faq_schema_config','[[[{\"key\":\"question\",\"value\":\"What Shipping Methods Are Available?\"},{\"key\":\"answer\",\"value\":\"Ex Portland Pitchfork irure mustache. Eutra fap before they sold out literally. Aliquip ugh bicycle rights actually mlkshk, seitan squid craft beer tempor.\"}],[{\"key\":\"question\",\"value\":\"Do You Ship Internationally?\"},{\"key\":\"answer\",\"value\":\"Hoodie tote bag mixtape tofu. Typewriter jean shorts wolf quinoa, messenger bag organic freegan cray.\"}],[{\"key\":\"question\",\"value\":\"How Long Will It Take To Get My Package?\"},{\"key\":\"answer\",\"value\":\"Swag slow-carb quinoa VHS typewriter pork belly brunch, paleo single-origin coffee Wes Anderson. Flexitarian Pitchfork forage, literally paleo fap pour-over. Wes Anderson Pinterest YOLO fanny pack meggings, deep v XOXO chambray sustainable slow-carb raw denim church-key fap chillwave Etsy. +1 typewriter kitsch, American Apparel tofu Banksy Vice.\"}],[{\"key\":\"question\",\"value\":\"What Payment Methods Are Accepted?\"},{\"key\":\"answer\",\"value\":\"Fashion axe DIY jean shorts, swag kale chips meh polaroid kogi butcher Wes Anderson chambray next level semiotics gentrify yr. Voluptate photo booth fugiat Vice. Austin sed Williamsburg, ea labore raw denim voluptate cred proident mixtape excepteur mustache. Twee chia photo booth readymade food truck, hoodie roof party swag keytar PBR DIY.\"}],[{\"key\":\"question\",\"value\":\"Is Buying On-Line Safe?\"},{\"key\":\"answer\",\"value\":\"Art party authentic freegan semiotics jean shorts chia cred. Neutra Austin roof party Brooklyn, synth Thundercats swag 8-bit photo booth. Plaid letterpress leggings craft beer meh ethical Pinterest.\"}]]]',21,'Botble\\Ecommerce\\Models\\Product','2023-01-02 21:22:29','2023-01-02 21:22:29'),(39,'faq_schema_config','[[[{\"key\":\"question\",\"value\":\"What Shipping Methods Are Available?\"},{\"key\":\"answer\",\"value\":\"Ex Portland Pitchfork irure mustache. Eutra fap before they sold out literally. Aliquip ugh bicycle rights actually mlkshk, seitan squid craft beer tempor.\"}],[{\"key\":\"question\",\"value\":\"Do You Ship Internationally?\"},{\"key\":\"answer\",\"value\":\"Hoodie tote bag mixtape tofu. Typewriter jean shorts wolf quinoa, messenger bag organic freegan cray.\"}],[{\"key\":\"question\",\"value\":\"How Long Will It Take To Get My Package?\"},{\"key\":\"answer\",\"value\":\"Swag slow-carb quinoa VHS typewriter pork belly brunch, paleo single-origin coffee Wes Anderson. Flexitarian Pitchfork forage, literally paleo fap pour-over. Wes Anderson Pinterest YOLO fanny pack meggings, deep v XOXO chambray sustainable slow-carb raw denim church-key fap chillwave Etsy. +1 typewriter kitsch, American Apparel tofu Banksy Vice.\"}],[{\"key\":\"question\",\"value\":\"What Payment Methods Are Accepted?\"},{\"key\":\"answer\",\"value\":\"Fashion axe DIY jean shorts, swag kale chips meh polaroid kogi butcher Wes Anderson chambray next level semiotics gentrify yr. Voluptate photo booth fugiat Vice. Austin sed Williamsburg, ea labore raw denim voluptate cred proident mixtape excepteur mustache. Twee chia photo booth readymade food truck, hoodie roof party swag keytar PBR DIY.\"}],[{\"key\":\"question\",\"value\":\"Is Buying On-Line Safe?\"},{\"key\":\"answer\",\"value\":\"Art party authentic freegan semiotics jean shorts chia cred. Neutra Austin roof party Brooklyn, synth Thundercats swag 8-bit photo booth. Plaid letterpress leggings craft beer meh ethical Pinterest.\"}]]]',22,'Botble\\Ecommerce\\Models\\Product','2023-01-02 21:22:29','2023-01-02 21:22:29'),(40,'faq_schema_config','[[[{\"key\":\"question\",\"value\":\"What Shipping Methods Are Available?\"},{\"key\":\"answer\",\"value\":\"Ex Portland Pitchfork irure mustache. Eutra fap before they sold out literally. Aliquip ugh bicycle rights actually mlkshk, seitan squid craft beer tempor.\"}],[{\"key\":\"question\",\"value\":\"Do You Ship Internationally?\"},{\"key\":\"answer\",\"value\":\"Hoodie tote bag mixtape tofu. Typewriter jean shorts wolf quinoa, messenger bag organic freegan cray.\"}],[{\"key\":\"question\",\"value\":\"How Long Will It Take To Get My Package?\"},{\"key\":\"answer\",\"value\":\"Swag slow-carb quinoa VHS typewriter pork belly brunch, paleo single-origin coffee Wes Anderson. Flexitarian Pitchfork forage, literally paleo fap pour-over. Wes Anderson Pinterest YOLO fanny pack meggings, deep v XOXO chambray sustainable slow-carb raw denim church-key fap chillwave Etsy. +1 typewriter kitsch, American Apparel tofu Banksy Vice.\"}],[{\"key\":\"question\",\"value\":\"What Payment Methods Are Accepted?\"},{\"key\":\"answer\",\"value\":\"Fashion axe DIY jean shorts, swag kale chips meh polaroid kogi butcher Wes Anderson chambray next level semiotics gentrify yr. Voluptate photo booth fugiat Vice. Austin sed Williamsburg, ea labore raw denim voluptate cred proident mixtape excepteur mustache. Twee chia photo booth readymade food truck, hoodie roof party swag keytar PBR DIY.\"}],[{\"key\":\"question\",\"value\":\"Is Buying On-Line Safe?\"},{\"key\":\"answer\",\"value\":\"Art party authentic freegan semiotics jean shorts chia cred. Neutra Austin roof party Brooklyn, synth Thundercats swag 8-bit photo booth. Plaid letterpress leggings craft beer meh ethical Pinterest.\"}]]]',23,'Botble\\Ecommerce\\Models\\Product','2023-01-02 21:22:29','2023-01-02 21:22:29'),(41,'faq_schema_config','[[[{\"key\":\"question\",\"value\":\"What Shipping Methods Are Available?\"},{\"key\":\"answer\",\"value\":\"Ex Portland Pitchfork irure mustache. Eutra fap before they sold out literally. Aliquip ugh bicycle rights actually mlkshk, seitan squid craft beer tempor.\"}],[{\"key\":\"question\",\"value\":\"Do You Ship Internationally?\"},{\"key\":\"answer\",\"value\":\"Hoodie tote bag mixtape tofu. Typewriter jean shorts wolf quinoa, messenger bag organic freegan cray.\"}],[{\"key\":\"question\",\"value\":\"How Long Will It Take To Get My Package?\"},{\"key\":\"answer\",\"value\":\"Swag slow-carb quinoa VHS typewriter pork belly brunch, paleo single-origin coffee Wes Anderson. Flexitarian Pitchfork forage, literally paleo fap pour-over. Wes Anderson Pinterest YOLO fanny pack meggings, deep v XOXO chambray sustainable slow-carb raw denim church-key fap chillwave Etsy. +1 typewriter kitsch, American Apparel tofu Banksy Vice.\"}],[{\"key\":\"question\",\"value\":\"What Payment Methods Are Accepted?\"},{\"key\":\"answer\",\"value\":\"Fashion axe DIY jean shorts, swag kale chips meh polaroid kogi butcher Wes Anderson chambray next level semiotics gentrify yr. Voluptate photo booth fugiat Vice. Austin sed Williamsburg, ea labore raw denim voluptate cred proident mixtape excepteur mustache. Twee chia photo booth readymade food truck, hoodie roof party swag keytar PBR DIY.\"}],[{\"key\":\"question\",\"value\":\"Is Buying On-Line Safe?\"},{\"key\":\"answer\",\"value\":\"Art party authentic freegan semiotics jean shorts chia cred. Neutra Austin roof party Brooklyn, synth Thundercats swag 8-bit photo booth. Plaid letterpress leggings craft beer meh ethical Pinterest.\"}]]]',24,'Botble\\Ecommerce\\Models\\Product','2023-01-02 21:22:29','2023-01-02 21:22:29'),(42,'subtitle','[\"Limited quantities.\"]',1,'Botble\\Ecommerce\\Models\\FlashSale','2023-01-02 21:22:32','2023-01-02 21:22:32'),(43,'image','[\"flash-sales\\/1.jpg\"]',1,'Botble\\Ecommerce\\Models\\FlashSale','2023-01-02 21:22:32','2023-01-02 21:22:32'),(44,'subtitle','[\"Computers & Laptop\"]',2,'Botble\\Ecommerce\\Models\\FlashSale','2023-01-02 21:22:32','2023-01-02 21:22:32'),(45,'image','[\"flash-sales\\/2.jpg\"]',2,'Botble\\Ecommerce\\Models\\FlashSale','2023-01-02 21:22:32','2023-01-02 21:22:32'),(46,'vi_subtitle','[\"Gi\\u1edbi h\\u1ea1n s\\u1ed1 l\\u01b0\\u1ee3ng\"]',1,'Botble\\Ecommerce\\Models\\FlashSale','2023-01-02 21:22:32','2023-01-02 21:22:32'),(47,'vi_image','[\"flash-sales\\/1.jpg\"]',1,'Botble\\Ecommerce\\Models\\FlashSale','2023-01-02 21:22:32','2023-01-02 21:22:32'),(48,'vi_subtitle','[\"M\\u00e1y t\\u00ednh b\\u00e0n & Laptop\"]',2,'Botble\\Ecommerce\\Models\\FlashSale','2023-01-02 21:22:32','2023-01-02 21:22:32'),(49,'vi_image','[\"flash-sales\\/2.jpg\"]',2,'Botble\\Ecommerce\\Models\\FlashSale','2023-01-02 21:22:32','2023-01-02 21:22:32'),(50,'button_text','[\"Shop now\"]',1,'Botble\\SimpleSlider\\Models\\SimpleSliderItem','2023-01-02 21:22:34','2023-01-02 21:22:34'),(51,'subtitle','[\"Trade-In Offer\"]',1,'Botble\\SimpleSlider\\Models\\SimpleSliderItem','2023-01-02 21:22:34','2023-01-02 21:22:34'),(52,'highlight_text','[\"On All Products\"]',1,'Botble\\SimpleSlider\\Models\\SimpleSliderItem','2023-01-02 21:22:34','2023-01-02 21:22:34'),(53,'button_text','[\"Discover now\"]',2,'Botble\\SimpleSlider\\Models\\SimpleSliderItem','2023-01-02 21:22:34','2023-01-02 21:22:34'),(54,'subtitle','[\"Tech Promotions\"]',2,'Botble\\SimpleSlider\\Models\\SimpleSliderItem','2023-01-02 21:22:34','2023-01-02 21:22:34'),(55,'highlight_text','[\"Great Collection\"]',2,'Botble\\SimpleSlider\\Models\\SimpleSliderItem','2023-01-02 21:22:34','2023-01-02 21:22:34'),(56,'button_text','[\"Shop now\"]',3,'Botble\\SimpleSlider\\Models\\SimpleSliderItem','2023-01-02 21:22:34','2023-01-02 21:22:34'),(57,'subtitle','[\"Upcoming Offer\"]',3,'Botble\\SimpleSlider\\Models\\SimpleSliderItem','2023-01-02 21:22:34','2023-01-02 21:22:34'),(58,'highlight_text','[\"Manufacturer\"]',3,'Botble\\SimpleSlider\\Models\\SimpleSliderItem','2023-01-02 21:22:34','2023-01-02 21:22:34'),(59,'simple_slider_style','[\"style-2\"]',2,'Botble\\SimpleSlider\\Models\\SimpleSlider','2023-01-02 21:22:34','2023-01-02 21:22:34'),(60,'button_text','[\"Shop now\"]',4,'Botble\\SimpleSlider\\Models\\SimpleSliderItem','2023-01-02 21:22:34','2023-01-02 21:22:34'),(61,'subtitle','[\"Trade-In Offer\"]',4,'Botble\\SimpleSlider\\Models\\SimpleSliderItem','2023-01-02 21:22:34','2023-01-02 21:22:34'),(62,'highlight_text','[\"On All Products\"]',4,'Botble\\SimpleSlider\\Models\\SimpleSliderItem','2023-01-02 21:22:34','2023-01-02 21:22:34'),(63,'button_text','[\"Discover now\"]',5,'Botble\\SimpleSlider\\Models\\SimpleSliderItem','2023-01-02 21:22:34','2023-01-02 21:22:34'),(64,'subtitle','[\"Tech Promotions\"]',5,'Botble\\SimpleSlider\\Models\\SimpleSliderItem','2023-01-02 21:22:34','2023-01-02 21:22:34'),(65,'highlight_text','[\"Great Collection\"]',5,'Botble\\SimpleSlider\\Models\\SimpleSliderItem','2023-01-02 21:22:34','2023-01-02 21:22:34'),(66,'button_text','[\"Shop now\"]',6,'Botble\\SimpleSlider\\Models\\SimpleSliderItem','2023-01-02 21:22:34','2023-01-02 21:22:34'),(67,'subtitle','[\"Upcoming Offer\"]',6,'Botble\\SimpleSlider\\Models\\SimpleSliderItem','2023-01-02 21:22:34','2023-01-02 21:22:34'),(68,'highlight_text','[\"Manufacturer\"]',6,'Botble\\SimpleSlider\\Models\\SimpleSliderItem','2023-01-02 21:22:34','2023-01-02 21:22:34'),(69,'simple_slider_style','[\"style-3\"]',3,'Botble\\SimpleSlider\\Models\\SimpleSlider','2023-01-02 21:22:34','2023-01-02 21:22:34'),(70,'button_text','[\"Shop now\"]',7,'Botble\\SimpleSlider\\Models\\SimpleSliderItem','2023-01-02 21:22:34','2023-01-02 21:22:34'),(71,'subtitle','[\"Trade-In Offer\"]',7,'Botble\\SimpleSlider\\Models\\SimpleSliderItem','2023-01-02 21:22:34','2023-01-02 21:22:34'),(72,'highlight_text','[\"On All Products\"]',7,'Botble\\SimpleSlider\\Models\\SimpleSliderItem','2023-01-02 21:22:34','2023-01-02 21:22:34'),(73,'button_text','[\"Discover now\"]',8,'Botble\\SimpleSlider\\Models\\SimpleSliderItem','2023-01-02 21:22:34','2023-01-02 21:22:34'),(74,'subtitle','[\"Tech Promotions\"]',8,'Botble\\SimpleSlider\\Models\\SimpleSliderItem','2023-01-02 21:22:34','2023-01-02 21:22:34'),(75,'highlight_text','[\"Great Collection\"]',8,'Botble\\SimpleSlider\\Models\\SimpleSliderItem','2023-01-02 21:22:34','2023-01-02 21:22:34'),(76,'simple_slider_style','[\"style-4\"]',4,'Botble\\SimpleSlider\\Models\\SimpleSlider','2023-01-02 21:22:34','2023-01-02 21:22:34'),(77,'button_text','[\"Shop now\"]',9,'Botble\\SimpleSlider\\Models\\SimpleSliderItem','2023-01-02 21:22:34','2023-01-02 21:22:34'),(78,'subtitle','[\"Trade-In Offer\"]',9,'Botble\\SimpleSlider\\Models\\SimpleSliderItem','2023-01-02 21:22:34','2023-01-02 21:22:34'),(79,'highlight_text','[\"On All Products\"]',9,'Botble\\SimpleSlider\\Models\\SimpleSliderItem','2023-01-02 21:22:34','2023-01-02 21:22:34'),(80,'button_text','[\"Discover now\"]',10,'Botble\\SimpleSlider\\Models\\SimpleSliderItem','2023-01-02 21:22:34','2023-01-02 21:22:34'),(81,'subtitle','[\"Tech Promotions\"]',10,'Botble\\SimpleSlider\\Models\\SimpleSliderItem','2023-01-02 21:22:34','2023-01-02 21:22:34'),(82,'highlight_text','[\"Great Collection\"]',10,'Botble\\SimpleSlider\\Models\\SimpleSliderItem','2023-01-02 21:22:34','2023-01-02 21:22:34'),(83,'button_text','[\"Shop now\"]',11,'Botble\\SimpleSlider\\Models\\SimpleSliderItem','2023-01-02 21:22:34','2023-01-02 21:22:34'),(84,'subtitle','[\"Upcoming Offer\"]',11,'Botble\\SimpleSlider\\Models\\SimpleSliderItem','2023-01-02 21:22:34','2023-01-02 21:22:34'),(85,'highlight_text','[\"Manufacturer\"]',11,'Botble\\SimpleSlider\\Models\\SimpleSliderItem','2023-01-02 21:22:34','2023-01-02 21:22:34'),(86,'button_text','[\"Mua ngay\"]',12,'Botble\\SimpleSlider\\Models\\SimpleSliderItem','2023-01-02 21:22:34','2023-01-02 21:22:34'),(87,'subtitle','[\"Khuy\\u1ebfn m\\u00e3i\"]',12,'Botble\\SimpleSlider\\Models\\SimpleSliderItem','2023-01-02 21:22:34','2023-01-02 21:22:34'),(88,'highlight_text','[\"T\\u1ea5t c\\u1ea3 s\\u1ea3n ph\\u1ea9m\"]',12,'Botble\\SimpleSlider\\Models\\SimpleSliderItem','2023-01-02 21:22:34','2023-01-02 21:22:34'),(89,'button_text','[\"Kh\\u00e1m ph\\u00e1 ngay\"]',13,'Botble\\SimpleSlider\\Models\\SimpleSliderItem','2023-01-02 21:22:34','2023-01-02 21:22:34'),(90,'subtitle','[\"Khuy\\u1ebfn m\\u00e3i s\\u1ea3n ph\\u1ea9m c\\u00f4ng ngh\\u1ec7\"]',13,'Botble\\SimpleSlider\\Models\\SimpleSliderItem','2023-01-02 21:22:34','2023-01-02 21:22:34'),(91,'highlight_text','[\"B\\u1ed9 s\\u01b0u t\\u1eadp t\\u1ed1t nh\\u1ea5t\"]',13,'Botble\\SimpleSlider\\Models\\SimpleSliderItem','2023-01-02 21:22:34','2023-01-02 21:22:34'),(92,'button_text','[\"Mua ngay\"]',14,'Botble\\SimpleSlider\\Models\\SimpleSliderItem','2023-01-02 21:22:34','2023-01-02 21:22:34'),(93,'subtitle','[\"Khuy\\u1ebfn m\\u00e3i s\\u1eafp t\\u1edbi\"]',14,'Botble\\SimpleSlider\\Models\\SimpleSliderItem','2023-01-02 21:22:34','2023-01-02 21:22:34'),(94,'highlight_text','[\"Nh\\u00e0 cung c\\u1ea5p\"]',14,'Botble\\SimpleSlider\\Models\\SimpleSliderItem','2023-01-02 21:22:34','2023-01-02 21:22:34'),(95,'simple_slider_style','[\"style-2\"]',6,'Botble\\SimpleSlider\\Models\\SimpleSlider','2023-01-02 21:22:34','2023-01-02 21:22:34'),(96,'button_text','[\"Mua ngay\"]',15,'Botble\\SimpleSlider\\Models\\SimpleSliderItem','2023-01-02 21:22:34','2023-01-02 21:22:34'),(97,'subtitle','[\"Khuy\\u1ebfn m\\u00e3i\"]',15,'Botble\\SimpleSlider\\Models\\SimpleSliderItem','2023-01-02 21:22:34','2023-01-02 21:22:34'),(98,'highlight_text','[\"T\\u1ea5t c\\u1ea3 s\\u1ea3n ph\\u1ea9m\"]',15,'Botble\\SimpleSlider\\Models\\SimpleSliderItem','2023-01-02 21:22:34','2023-01-02 21:22:34'),(99,'button_text','[\"Kh\\u00e1m ph\\u00e1 ngay\"]',16,'Botble\\SimpleSlider\\Models\\SimpleSliderItem','2023-01-02 21:22:34','2023-01-02 21:22:34'),(100,'subtitle','[\"Khuy\\u1ebfn m\\u00e3i s\\u1ea3n ph\\u1ea9m c\\u00f4ng ngh\\u1ec7\"]',16,'Botble\\SimpleSlider\\Models\\SimpleSliderItem','2023-01-02 21:22:34','2023-01-02 21:22:34'),(101,'highlight_text','[\"B\\u1ed9 s\\u01b0u t\\u1eadp t\\u1ed1t nh\\u1ea5t\"]',16,'Botble\\SimpleSlider\\Models\\SimpleSliderItem','2023-01-02 21:22:34','2023-01-02 21:22:34'),(102,'button_text','[\"Mua ngay\"]',17,'Botble\\SimpleSlider\\Models\\SimpleSliderItem','2023-01-02 21:22:34','2023-01-02 21:22:34'),(103,'subtitle','[\"Khuy\\u1ebfn m\\u00e3i s\\u1eafp t\\u1edbi\"]',17,'Botble\\SimpleSlider\\Models\\SimpleSliderItem','2023-01-02 21:22:34','2023-01-02 21:22:34'),(104,'highlight_text','[\"Nh\\u00e0 cung c\\u1ea5p\"]',17,'Botble\\SimpleSlider\\Models\\SimpleSliderItem','2023-01-02 21:22:34','2023-01-02 21:22:34'),(105,'simple_slider_style','[\"style-3\"]',7,'Botble\\SimpleSlider\\Models\\SimpleSlider','2023-01-02 21:22:34','2023-01-02 21:22:34'),(106,'button_text','[\"Mua ngay\"]',18,'Botble\\SimpleSlider\\Models\\SimpleSliderItem','2023-01-02 21:22:34','2023-01-02 21:22:34'),(107,'subtitle','[\"Khuy\\u1ebfn m\\u00e3i\"]',18,'Botble\\SimpleSlider\\Models\\SimpleSliderItem','2023-01-02 21:22:34','2023-01-02 21:22:34'),(108,'highlight_text','[\"T\\u1ea5t c\\u1ea3 s\\u1ea3n ph\\u1ea9m\"]',18,'Botble\\SimpleSlider\\Models\\SimpleSliderItem','2023-01-02 21:22:34','2023-01-02 21:22:34'),(109,'button_text','[\"Kh\\u00e1m ph\\u00e1 ngay\"]',19,'Botble\\SimpleSlider\\Models\\SimpleSliderItem','2023-01-02 21:22:34','2023-01-02 21:22:34'),(110,'subtitle','[\"Khuy\\u1ebfn m\\u00e3i s\\u1ea3n ph\\u1ea9m c\\u00f4ng ngh\\u1ec7\"]',19,'Botble\\SimpleSlider\\Models\\SimpleSliderItem','2023-01-02 21:22:34','2023-01-02 21:22:34'),(111,'highlight_text','[\"B\\u1ed9 s\\u01b0u t\\u1eadp t\\u1ed1t nh\\u1ea5t\"]',19,'Botble\\SimpleSlider\\Models\\SimpleSliderItem','2023-01-02 21:22:34','2023-01-02 21:22:34'),(112,'simple_slider_style','[\"style-4\"]',8,'Botble\\SimpleSlider\\Models\\SimpleSlider','2023-01-02 21:22:34','2023-01-02 21:22:34'),(113,'button_text','[\"Mua ngay\"]',20,'Botble\\SimpleSlider\\Models\\SimpleSliderItem','2023-01-02 21:22:34','2023-01-02 21:22:34'),(114,'subtitle','[\"Khuy\\u1ebfn m\\u00e3i\"]',20,'Botble\\SimpleSlider\\Models\\SimpleSliderItem','2023-01-02 21:22:34','2023-01-02 21:22:34'),(115,'highlight_text','[\"T\\u1ea5t c\\u1ea3 s\\u1ea3n ph\\u1ea9m\"]',20,'Botble\\SimpleSlider\\Models\\SimpleSliderItem','2023-01-02 21:22:34','2023-01-02 21:22:34'),(116,'button_text','[\"Kh\\u00e1m ph\\u00e1 ngay\"]',21,'Botble\\SimpleSlider\\Models\\SimpleSliderItem','2023-01-02 21:22:34','2023-01-02 21:22:34'),(117,'subtitle','[\"Khuy\\u1ebfn m\\u00e3i s\\u1ea3n ph\\u1ea9m c\\u00f4ng ngh\\u1ec7\"]',21,'Botble\\SimpleSlider\\Models\\SimpleSliderItem','2023-01-02 21:22:34','2023-01-02 21:22:34'),(118,'highlight_text','[\"B\\u1ed9 s\\u01b0u t\\u1eadp t\\u1ed1t nh\\u1ea5t\"]',21,'Botble\\SimpleSlider\\Models\\SimpleSliderItem','2023-01-02 21:22:34','2023-01-02 21:22:34'),(119,'button_text','[\"Mua ngay\"]',22,'Botble\\SimpleSlider\\Models\\SimpleSliderItem','2023-01-02 21:22:34','2023-01-02 21:22:34'),(120,'subtitle','[\"Khuy\\u1ebfn m\\u00e3i s\\u1eafp t\\u1edbi\"]',22,'Botble\\SimpleSlider\\Models\\SimpleSliderItem','2023-01-02 21:22:34','2023-01-02 21:22:34'),(121,'highlight_text','[\"Nh\\u00e0 cung c\\u1ea5p\"]',22,'Botble\\SimpleSlider\\Models\\SimpleSliderItem','2023-01-02 21:22:34','2023-01-02 21:22:34'),(122,'layout','[\"blog-post-right-sidebar\"]',1,'Botble\\Blog\\Models\\Post','2023-01-02 21:22:36','2023-01-02 21:22:36'),(123,'layout','[\"blog-post-left-sidebar\"]',2,'Botble\\Blog\\Models\\Post','2023-01-02 21:22:36','2023-01-02 21:22:36'),(124,'layout','[\"blog-post-full-width\"]',3,'Botble\\Blog\\Models\\Post','2023-01-02 21:22:36','2023-01-02 21:22:36'),(125,'layout','[\"blog-post-full-width\"]',4,'Botble\\Blog\\Models\\Post','2023-01-02 21:22:36','2023-01-02 21:22:36'),(126,'header_style','[\"header-style-2\"]',2,'Botble\\Page\\Models\\Page','2023-01-02 21:22:36','2023-01-02 21:22:36'),(127,'expanding_product_categories_on_the_homepage','[\"yes\"]',2,'Botble\\Page\\Models\\Page','2023-01-02 21:22:36','2023-01-02 21:22:36'),(128,'header_style','[\"header-style-3\"]',3,'Botble\\Page\\Models\\Page','2023-01-02 21:22:36','2023-01-02 21:22:36'),(129,'header_style','[\"header-style-4\"]',4,'Botble\\Page\\Models\\Page','2023-01-02 21:22:36','2023-01-02 21:22:36'),(130,'button_text','[\"Shop now\"]',1,'Botble\\Ads\\Models\\Ads','2023-01-02 21:22:37','2023-01-02 21:22:37'),(131,'subtitle','[\"Save 20% on\\niPhone 12\"]',1,'Botble\\Ads\\Models\\Ads','2023-01-02 21:22:37','2023-01-02 21:22:37'),(132,'button_text','[\"Shop now\"]',2,'Botble\\Ads\\Models\\Ads','2023-01-02 21:22:37','2023-01-02 21:22:37'),(133,'subtitle','[\"Great Camera\\nCollection\"]',2,'Botble\\Ads\\Models\\Ads','2023-01-02 21:22:37','2023-01-02 21:22:37'),(134,'button_text','[\"Shop now\"]',3,'Botble\\Ads\\Models\\Ads','2023-01-02 21:22:37','2023-01-02 21:22:37'),(135,'subtitle','[\"Shop Today\\u2019s\\nDeals & Offers\"]',3,'Botble\\Ads\\Models\\Ads','2023-01-02 21:22:37','2023-01-02 21:22:37'),(136,'button_text','[\"Shop now\"]',4,'Botble\\Ads\\Models\\Ads','2023-01-02 21:22:37','2023-01-02 21:22:37'),(137,'subtitle','[\"Save 17% on\\nAssus Laptop\"]',4,'Botble\\Ads\\Models\\Ads','2023-01-02 21:22:37','2023-01-02 21:22:37'),(138,'button_text','[\"Shop now\"]',5,'Botble\\Ads\\Models\\Ads','2023-01-02 21:22:37','2023-01-02 21:22:37'),(139,'subtitle','[\"Save 20% on\\niPhone 12\"]',5,'Botble\\Ads\\Models\\Ads','2023-01-02 21:22:37','2023-01-02 21:22:37'),(140,'button_text','[\"Learn more\"]',6,'Botble\\Ads\\Models\\Ads','2023-01-02 21:22:37','2023-01-02 21:22:37'),(141,'subtitle','[\"We\'re an Apple\\nAuthorised Service Provider\"]',6,'Botble\\Ads\\Models\\Ads','2023-01-02 21:22:37','2023-01-02 21:22:37'),(142,'vi_subtitle','[\"Save 20% on\\niPhone 12\"]',1,'Botble\\Ads\\Models\\Ads','2023-01-02 21:22:37','2023-01-02 21:22:37'),(143,'vi_button_text','[\"Shop now\"]',1,'Botble\\Ads\\Models\\Ads','2023-01-02 21:22:37','2023-01-02 21:22:37'),(144,'vi_subtitle','[\"Great Camera\\nCollection\"]',2,'Botble\\Ads\\Models\\Ads','2023-01-02 21:22:37','2023-01-02 21:22:37'),(145,'vi_button_text','[\"Shop now\"]',2,'Botble\\Ads\\Models\\Ads','2023-01-02 21:22:37','2023-01-02 21:22:37'),(146,'vi_subtitle','[\"Shop Today\\u2019s\\nDeals & Offers\"]',3,'Botble\\Ads\\Models\\Ads','2023-01-02 21:22:37','2023-01-02 21:22:37'),(147,'vi_button_text','[\"Shop now\"]',3,'Botble\\Ads\\Models\\Ads','2023-01-02 21:22:37','2023-01-02 21:22:37'),(148,'vi_subtitle','[\"Save 17% on\\nAssus Laptop\"]',4,'Botble\\Ads\\Models\\Ads','2023-01-02 21:22:37','2023-01-02 21:22:37'),(149,'vi_button_text','[\"Shop now\"]',4,'Botble\\Ads\\Models\\Ads','2023-01-02 21:22:37','2023-01-02 21:22:37'),(150,'vi_subtitle','[\"Save 20% on\\niPhone 12\"]',5,'Botble\\Ads\\Models\\Ads','2023-01-02 21:22:37','2023-01-02 21:22:37'),(151,'vi_button_text','[\"Shop now\"]',5,'Botble\\Ads\\Models\\Ads','2023-01-02 21:22:37','2023-01-02 21:22:37'),(152,'vi_subtitle','[\"We\'re an Apple\\nAuthorised Service Provider\"]',6,'Botble\\Ads\\Models\\Ads','2023-01-02 21:22:37','2023-01-02 21:22:37'),(153,'vi_button_text','[\"Learn more\"]',6,'Botble\\Ads\\Models\\Ads','2023-01-02 21:22:37','2023-01-02 21:22:37');
/*!40000 ALTER TABLE `meta_boxes` ENABLE KEYS */;
UNLOCK TABLES;

--
-- Table structure for table `migrations`
--

DROP TABLE IF EXISTS `migrations`;
/*!40101 SET @saved_cs_client     = @@character_set_client */;
/*!50503 SET character_set_client = utf8mb4 */;
CREATE TABLE `migrations` (
  `id` int unsigned NOT NULL AUTO_INCREMENT,
  `migration` varchar(191) COLLATE utf8mb4_unicode_ci NOT NULL,
  `batch` int NOT NULL,
  PRIMARY KEY (`id`)
) ENGINE=InnoDB AUTO_INCREMENT=104 DEFAULT CHARSET=utf8mb4 COLLATE=utf8mb4_unicode_ci;
/*!40101 SET character_set_client = @saved_cs_client */;

--
-- Dumping data for table `migrations`
--

LOCK TABLES `migrations` WRITE;
/*!40000 ALTER TABLE `migrations` DISABLE KEYS */;
INSERT INTO `migrations` VALUES (1,'2013_04_09_032329_create_base_tables',1),(2,'2013_04_09_062329_create_revisions_table',1),(3,'2014_10_12_000000_create_users_table',1),(4,'2014_10_12_100000_create_password_resets_table',1),(5,'2016_06_10_230148_create_acl_tables',1),(6,'2016_06_14_230857_create_menus_table',1),(7,'2016_06_28_221418_create_pages_table',1),(8,'2016_10_05_074239_create_setting_table',1),(9,'2016_11_28_032840_create_dashboard_widget_tables',1),(10,'2016_12_16_084601_create_widgets_table',1),(11,'2017_05_09_070343_create_media_tables',1),(12,'2017_11_03_070450_create_slug_table',1),(13,'2019_01_05_053554_create_jobs_table',1),(14,'2019_08_19_000000_create_failed_jobs_table',1),(15,'2019_12_14_000001_create_personal_access_tokens_table',1),(16,'2021_08_02_084121_fix_old_shortcode',1),(17,'2022_04_20_100851_add_index_to_media_table',1),(18,'2022_04_20_101046_add_index_to_menu_table',1),(19,'2022_07_10_034813_move_lang_folder_to_root',1),(20,'2022_08_04_051940_add_missing_column_expires_at',1),(21,'2022_09_27_084829_fix_footer_widget',1),(22,'2022_10_14_024629_drop_column_is_featured',1),(23,'2022_10_28_030106_improve-newsletter-widget',1),(24,'2022_11_18_063357_add_missing_timestamp_in_table_settings',1),(25,'2022_12_02_093615_update_slug_index_columns',1),(26,'2020_11_18_150916_ads_create_ads_table',2),(27,'2021_12_02_035301_add_ads_translations_table',2),(28,'2015_06_29_025744_create_audit_history',3),(29,'2015_06_18_033822_create_blog_table',4),(30,'2021_02_16_092633_remove_default_value_for_author_type',4),(31,'2021_12_03_030600_create_blog_translations',4),(32,'2022_04_19_113923_add_index_to_table_posts',4),(33,'2016_06_17_091537_create_contacts_table',5),(34,'2020_03_05_041139_create_ecommerce_tables',6),(35,'2021_01_01_044147_ecommerce_create_flash_sale_table',6),(36,'2021_01_17_082713_add_column_is_featured_to_product_collections_table',6),(37,'2021_01_18_024333_add_zip_code_into_table_customer_addresses',6),(38,'2021_02_18_073505_update_table_ec_reviews',6),(39,'2021_03_10_024419_add_column_confirmed_at_to_table_ec_customers',6),(40,'2021_03_10_025153_change_column_tax_amount',6),(41,'2021_03_20_033103_add_column_availability_to_table_ec_products',6),(42,'2021_04_28_074008_ecommerce_create_product_label_table',6),(43,'2021_05_31_173037_ecommerce_create_ec_products_translations',6),(44,'2021_06_28_153141_correct_slugs_data',6),(45,'2021_08_17_105016_remove_column_currency_id_in_some_tables',6),(46,'2021_08_30_142128_add_images_column_to_ec_reviews_table',6),(47,'2021_09_01_115151_remove_unused_fields_in_ec_products',6),(48,'2021_10_04_030050_add_column_created_by_to_table_ec_products',6),(49,'2021_10_05_122616_add_status_column_to_ec_customers_table',6),(50,'2021_11_03_025806_nullable_phone_number_in_ec_customer_addresses',6),(51,'2021_11_23_071403_correct_languages_for_product_variations',6),(52,'2021_11_28_031808_add_product_tags_translations',6),(53,'2021_12_01_031123_add_featured_image_to_ec_products',6),(54,'2022_01_01_033107_update_table_ec_shipments',6),(55,'2022_02_16_042457_improve_product_attribute_sets',6),(56,'2022_03_22_075758_correct_product_name',6),(57,'2022_04_19_113334_add_index_to_ec_products',6),(58,'2022_04_28_144405_remove_unused_table',6),(59,'2022_05_05_115015_create_ec_customer_recently_viewed_products_table',6),(60,'2022_05_18_143720_add_index_to_table_ec_product_categories',6),(61,'2022_06_16_095633_add_index_to_some_tables',6),(62,'2022_06_30_035148_create_order_referrals_table',6),(63,'2022_07_24_153815_add_completed_at_to_ec_orders_table',6),(64,'2022_08_14_032836_create_ec_order_returns_table',6),(65,'2022_08_14_033554_create_ec_order_return_items_table',6),(66,'2022_08_15_040324_add_billing_address',6),(67,'2022_08_30_091114_support_digital_products_table',6),(68,'2022_09_13_095744_create_options_table',6),(69,'2022_09_13_104347_create_option_value_table',6),(70,'2022_10_05_163518_alter_table_ec_order_product',6),(71,'2022_10_12_041517_create_invoices_table',6),(72,'2022_10_12_142226_update_orders_table',6),(73,'2022_10_13_024916_update_table_order_returns',6),(74,'2022_10_21_030830_update_columns_in_ec_shipments_table',6),(75,'2022_10_28_021046_update_columns_in_ec_shipments_table',6),(76,'2022_11_16_034522_update_type_column_in_ec_shipping_rules_table',6),(77,'2022_11_19_041643_add_ec_tax_product_table',6),(78,'2022_12_12_063830_update_tax_defadult_in_ec_tax_products_table',6),(79,'2022_12_17_041532_fix_address_in_order_invoice',6),(80,'2022_12_26_070329_create_ec_product_views_table',6),(81,'2018_07_09_221238_create_faq_table',7),(82,'2021_12_03_082134_create_faq_translations',7),(83,'2016_10_03_032336_create_languages_table',8),(84,'2021_10_25_021023_fix-priority-load-for-language-advanced',9),(85,'2021_12_03_075608_create_page_translations',9),(86,'2019_11_18_061011_create_country_table',10),(87,'2021_12_03_084118_create_location_translations',10),(88,'2021_12_03_094518_migrate_old_location_data',10),(89,'2021_12_10_034440_switch_plugin_location_to_use_language_advanced',10),(90,'2022_01_16_085908_improve_plugin_location',10),(91,'2022_08_04_052122_delete_location_backup_tables',10),(92,'2022_10_29_065232_increase_states_abbreviation_column',10),(93,'2022_11_06_061847_increase_state_translations_abbreviation_column',10),(94,'2017_10_24_154832_create_newsletter_table',11),(95,'2017_05_18_080441_create_payment_tables',12),(96,'2021_03_27_144913_add_customer_type_into_table_payments',12),(97,'2021_05_24_034720_make_column_currency_nullable',12),(98,'2021_08_09_161302_add_metadata_column_to_payments_table',12),(99,'2021_10_19_020859_update_metadata_field',12),(100,'2022_06_28_151901_activate_paypal_stripe_plugin',12),(101,'2022_07_07_153354_update_charge_id_in_table_payments',12),(102,'2017_07_11_140018_create_simple_slider_table',13),(103,'2016_10_07_193005_create_translations_table',14);
/*!40000 ALTER TABLE `migrations` ENABLE KEYS */;
UNLOCK TABLES;

--
-- Table structure for table `newsletters`
--

DROP TABLE IF EXISTS `newsletters`;
/*!40101 SET @saved_cs_client     = @@character_set_client */;
/*!50503 SET character_set_client = utf8mb4 */;
CREATE TABLE `newsletters` (
  `id` bigint unsigned NOT NULL AUTO_INCREMENT,
  `email` varchar(120) COLLATE utf8mb4_unicode_ci NOT NULL,
  `name` varchar(120) COLLATE utf8mb4_unicode_ci DEFAULT NULL,
  `status` varchar(60) COLLATE utf8mb4_unicode_ci NOT NULL DEFAULT 'subscribed',
  `created_at` timestamp NULL DEFAULT NULL,
  `updated_at` timestamp NULL DEFAULT NULL,
  PRIMARY KEY (`id`)
) ENGINE=InnoDB DEFAULT CHARSET=utf8mb4 COLLATE=utf8mb4_unicode_ci;
/*!40101 SET character_set_client = @saved_cs_client */;

--
-- Dumping data for table `newsletters`
--

LOCK TABLES `newsletters` WRITE;
/*!40000 ALTER TABLE `newsletters` DISABLE KEYS */;
/*!40000 ALTER TABLE `newsletters` ENABLE KEYS */;
UNLOCK TABLES;

--
-- Table structure for table `pages`
--

DROP TABLE IF EXISTS `pages`;
/*!40101 SET @saved_cs_client     = @@character_set_client */;
/*!50503 SET character_set_client = utf8mb4 */;
CREATE TABLE `pages` (
  `id` bigint unsigned NOT NULL AUTO_INCREMENT,
  `name` varchar(120) COLLATE utf8mb4_unicode_ci NOT NULL,
  `content` longtext COLLATE utf8mb4_unicode_ci,
  `user_id` int NOT NULL,
  `image` varchar(255) COLLATE utf8mb4_unicode_ci DEFAULT NULL,
  `template` varchar(60) COLLATE utf8mb4_unicode_ci DEFAULT NULL,
  `description` varchar(400) COLLATE utf8mb4_unicode_ci DEFAULT NULL,
  `status` varchar(60) COLLATE utf8mb4_unicode_ci NOT NULL DEFAULT 'published',
  `created_at` timestamp NULL DEFAULT NULL,
  `updated_at` timestamp NULL DEFAULT NULL,
  PRIMARY KEY (`id`),
  KEY `pages_user_id_index` (`user_id`)
) ENGINE=InnoDB AUTO_INCREMENT=15 DEFAULT CHARSET=utf8mb4 COLLATE=utf8mb4_unicode_ci;
/*!40101 SET character_set_client = @saved_cs_client */;

--
-- Dumping data for table `pages`
--

LOCK TABLES `pages` WRITE;
/*!40000 ALTER TABLE `pages` DISABLE KEYS */;
INSERT INTO `pages` VALUES (1,'Homepage','<div>[simple-slider key=\"home-slider-1\" is_autoplay=\"yes\" autoplay_speed=\"5000\"][/simple-slider]</div><div>[site-features icon1=\"general/icon-truck.png\" title1=\"Free Shipping\" subtitle1=\"Orders $50 or more\" icon2=\"general/icon-purchase.png\" title2=\"Free Returns\" subtitle2=\"Within 30 days\" icon3=\"general/icon-bag.png\" title3=\"Get 20% Off 1 Item\" subtitle3=\"When you sign up\" icon4=\"general/icon-operator.png\" title4=\"Support Center\" subtitle4=\"24/7 amazing services\"][/site-features]</div><div>[featured-product-categories title=\"Top Categories\"][/featured-product-categories]</div><div>[product-collections title=\"Exclusive Products\"][/product-collections]</div><div>[theme-ads ads_1=\"IZ6WU8KUALYD\" ads_2=\"ILSFJVYFGCPZ\" ads_3=\"ILSDKVYFGXPH\"][/theme-ads]</div><div>[featured-products title=\"Featured products\"][/featured-products]</div><div>[flash-sale show_popup=\"yes\"][/flash-sale]</div><div>[featured-brands title=\"Featured Brands\"][/featured-brands]</div><div>[product-category-products category_id=\"12\"][/product-category-products]</div><div>[featured-news title=\"Visit Our Blog\"][/featured-news]</div>',1,NULL,'homepage',NULL,'published','2023-01-02 21:22:36','2023-01-02 21:22:36'),(2,'Homepage 2','<div>[simple-slider key=\"home-slider-2\" is_autoplay=\"yes\" autoplay_speed=\"5000\"][/simple-slider]</div><div>[theme-ads ads_1=\"IZ6WU8KUALYD\" ads_2=\"ILSFJVYFGCPZ\" ads_3=\"ILSDKVYFGXPH\"][/theme-ads]</div><div>[product-collections title=\"Exclusive Products\"][/product-collections]</div><div>[theme-ads ads_1=\"IZ6WU8KUALYF\"][/theme-ads]</div><div>[featured-products title=\"Featured products\"][/featured-products]</div><div>[flash-sale show_popup=\"yes\"][/flash-sale]</div><div>[featured-brands title=\"Featured Brands\"][/featured-brands]</div><div>[featured-product-categories title=\"Top Categories\"][/featured-product-categories]</div><div>[product-category-products category_id=\"12\"][/product-category-products]</div><div>[featured-news title=\"Visit Our Blog\"][/featured-news]</div><div>[site-features icon1=\"general/icon-truck.png\" title1=\"Free Shipping\" subtitle1=\"Orders $50 or more\" icon2=\"general/icon-purchase.png\" title2=\"Free Returns\" subtitle2=\"Within 30 days\" icon3=\"general/icon-bag.png\" title3=\"Get 20% Off 1 Item\" subtitle3=\"When you sign up\" icon4=\"general/icon-operator.png\" title4=\"Support Center\" subtitle4=\"24/7 amazing services\"][/site-features]</div>',1,NULL,'homepage',NULL,'published','2023-01-02 21:22:36','2023-01-02 21:22:36'),(3,'Homepage 3','<div>[simple-slider key=\"home-slider-3\" ads_1=\"ILSDKVYFGXPJ\" ads_2=\"IZ6WU8KUALYE\" is_autoplay=\"yes\" autoplay_speed=\"5000\"][/simple-slider]</div><div>[product-collections title=\"Exclusive Products\"][/product-collections]</div><div>[theme-ads ads_1=\"IZ6WU8KUALYD\" ads_2=\"ILSFJVYFGCPZ\" ads_3=\"ILSDKVYFGXPH\"][/theme-ads]</div><div>[site-features icon1=\"general/icon-truck.png\" title1=\"Free Shipping\" subtitle1=\"Orders $50 or more\" icon2=\"general/icon-purchase.png\" title2=\"Free Returns\" subtitle2=\"Within 30 days\" icon3=\"general/icon-bag.png\" title3=\"Get 20% Off 1 Item\" subtitle3=\"When you sign up\" icon4=\"general/icon-operator.png\" title4=\"Support Center\" subtitle4=\"24/7 amazing services\"][/site-features]</div><div>[featured-product-categories title=\"Top Categories\"][/featured-product-categories]</div><div>[featured-products title=\"Featured products\"][/featured-products]</div><div>[flash-sale show_popup=\"yes\"][/flash-sale]</div><div>[theme-ads ads_1=\"IZ6WU8KUALYF\"][/theme-ads]</div><div>[featured-brands title=\"Featured Brands\"][/featured-brands]</div><div>[product-category-products category_id=\"12\"][/product-category-products]</div><div>[featured-news title=\"Visit Our Blog\"][/featured-news]</div>',1,NULL,'homepage',NULL,'published','2023-01-02 21:22:36','2023-01-02 21:22:36'),(4,'Homepage 4','<div>[simple-slider key=\"home-slider-4\" is_autoplay=\"yes\" autoplay_speed=\"5000\"][/simple-slider]</div><div>[site-features icon1=\"general/icon-truck.png\" title1=\"Free Shipping\" subtitle1=\"Orders $50 or more\" icon2=\"general/icon-purchase.png\" title2=\"Free Returns\" subtitle2=\"Within 30 days\" icon3=\"general/icon-bag.png\" title3=\"Get 20% Off 1 Item\" subtitle3=\"When you sign up\" icon4=\"general/icon-operator.png\" title4=\"Support Center\" subtitle4=\"24/7 amazing services\"][/site-features]</div><div>[product-collections title=\"Exclusive Products\"][/product-collections]</div><div>[featured-product-categories title=\"Top Categories\"][/featured-product-categories]</div><div>[theme-ads ads_1=\"IZ6WU8KUALYD\" ads_2=\"ILSFJVYFGCPZ\" ads_3=\"ILSDKVYFGXPH\"][/theme-ads]</div><div>[theme-ads ads_1=\"IZ6WU8KUALYF\"][/theme-ads]</div><div>[featured-products title=\"Featured products\"][/featured-products]</div><div>[flash-sale show_popup=\"yes\"][/flash-sale]</div><div>[featured-brands title=\"Featured Brands\"][/featured-brands]</div><div>[product-category-products category_id=\"12\"][/product-category-products]</div><div>[featured-news title=\"Visit Our Blog\"][/featured-news]</div>',1,NULL,'homepage',NULL,'published','2023-01-02 21:22:36','2023-01-02 21:22:36'),(5,'Blog','<p>---</p>',1,NULL,'blog-right-sidebar',NULL,'published','2023-01-02 21:22:36','2023-01-02 21:22:36'),(6,'Contact','<p>[google-map]502 New Street, Brighton VIC, Australia[/google-map]</p><p>[our-offices][/our-offices]</p><p>[contact-form][/contact-form]</p>',1,NULL,'default',NULL,'published','2023-01-02 21:22:36','2023-01-02 21:22:36'),(7,'About us','<p>The question is, what did the Dormouse again, so she set the little creature down, and was immediately suppressed by the end of every line: \'Speak roughly to your little boy, And beat him when he finds out who was passing at the top of his teacup instead of onions.\' Seven flung down his face, as long as it was perfectly round, she came in with a knife, it usually bleeds; and she hastily dried her eyes immediately met those of a sea of green leaves that had made the whole cause, and condemn you.</p><p>Seaography: then Drawling--the Drawling-master was an uncomfortably sharp chin. However, she soon found an opportunity of showing off a bit hurt, and she trembled till she had someone to listen to me! I\'LL soon make you grow shorter.\' \'One side will make you dry enough!\' They all made of solid glass; there was the BEST butter, you know.\' \'Not at all,\' said the Dodo, \'the best way you have of putting things!\' \'It\'s a mineral, I THINK,\' said Alice. \'I mean what I used to do:-- \'How doth the.</p><p>I think that very few little girls of her little sister\'s dream. The long grass rustled at her feet, they seemed to be ashamed of yourself,\' said Alice, \'how am I to do anything but sit with its head, it WOULD twist itself round and swam slowly back to the Dormouse, and repeated her question. \'Why did you do either!\' And the Gryphon only answered \'Come on!\' cried the Mouse, turning to Alice, she went back for a moment that it might end, you know,\' said the Rabbit whispered in a confused way.</p><p>March Hare. Alice sighed wearily. \'I think I may as well go back, and barking hoarsely all the unjust things--\' when his eye chanced to fall a long silence after this, and after a pause: \'the reason is, that there\'s any one of the accident, all except the Lizard, who seemed to have been ill.\' \'So they were,\' said the Hatter, \'you wouldn\'t talk about trouble!\' said the Cat, and vanished again. Alice waited till the eyes appeared, and then all the creatures wouldn\'t be in before the trial\'s.</p>',1,NULL,'default',NULL,'published','2023-01-02 21:22:36','2023-01-02 21:22:36'),(8,'Cookie Policy','<h3>EU Cookie Consent</h3><p>To use this website we are using Cookies and collecting some data. To be compliant with the EU GDPR we give you to choose if you allow us to use certain Cookies and to collect some Data.</p><h4>Essential Data</h4><p>The Essential Data is needed to run the Site you are visiting technically. You can not deactivate them.</p><p>- Session Cookie: PHP uses a Cookie to identify user sessions. Without this Cookie the Website is not working.</p><p>- XSRF-Token Cookie: Laravel automatically generates a CSRF \"token\" for each active user session managed by the application. This token is used to verify that the authenticated user is the one actually making the requests to the application.</p>',1,NULL,'default',NULL,'published','2023-01-02 21:22:36','2023-01-02 21:22:36'),(9,'Terms &amp; Conditions','<p>Alice said nothing; she had forgotten the Duchess by this time, as it left no mark on the Duchess\'s knee, while plates and dishes crashed around it--once more the shriek of the Shark, But, when the White Rabbit with pink eyes ran close by it, and behind them a new idea to Alice, and tried to curtsey as she left her, leaning her head was so large in the pool of tears which she concluded that it was a little timidly: \'but it\'s no use in crying like that!\' \'I couldn\'t help it,\' said the Mock.</p><p>Queen. First came ten soldiers carrying clubs; these were all turning into little cakes as they were nowhere to be rude, so she waited. The Gryphon lifted up both its paws in surprise. \'What! Never heard of \"Uglification,\"\' Alice ventured to ask. \'Suppose we change the subject,\' the March Hare meekly replied. \'Yes, but I grow up, I\'ll write one--but I\'m grown up now,\' she said, without even looking round. \'I\'ll fetch the executioner myself,\' said the Gryphon, before Alice could hear the name.</p><p>I suppose?\' \'Yes,\' said Alice indignantly. \'Let me alone!\' \'Serpent, I say again!\' repeated the Pigeon, raising its voice to a day-school, too,\' said Alice; \'it\'s laid for a minute or two, and the other side, the puppy jumped into the garden. Then she went to him,\' the Mock Turtle said: \'no wise fish would go round and look up in a Little Bill It was so small as this before, never! And I declare it\'s too bad, that it might not escape again, and all would change (she knew) to the jury. \'Not.</p><p>King said to herself, as usual. I wonder if I\'ve kept her eyes anxiously fixed on it, for she was looking down at her for a minute, trying to put it in time,\' said the Gryphon. \'We can do no more, whatever happens. What WILL become of me?\' Luckily for Alice, the little creature down, and was just in time to see if she had nibbled some more bread-and-butter--\' \'But what happens when one eats cake, but Alice had learnt several things of this ointment--one shilling the box-- Allow me to him: She.</p>',1,NULL,'default',NULL,'published','2023-01-02 21:22:36','2023-01-02 21:22:36'),(10,'Returns &amp; Exchanges','<p>Dormouse,\' the Queen had only one who had been found and handed them round as prizes. There was no label this time the Queen was silent. The Dormouse slowly opened his eyes. \'I wasn\'t asleep,\' he said in a very melancholy voice. \'Repeat, \"YOU ARE OLD, FATHER WILLIAM,\' to the Classics master, though. He was looking about for them, but they were nowhere to be ashamed of yourself for asking such a pleasant temper, and thought it would like the look of the way--\' \'THAT generally takes some time,\'.</p><p>White Rabbit blew three blasts on the table. \'Have some wine,\' the March Hare took the cauldron of soup off the mushroom, and her eyes to see the Mock Turtle to sing \"Twinkle, twinkle, little bat! How I wonder what CAN have happened to me! I\'LL soon make you a couple?\' \'You are old,\' said the Mouse. \'Of course,\' the Gryphon as if she was saying, and the party were placed along the sea-shore--\' \'Two lines!\' cried the Mock Turtle\'s heavy sobs. Lastly, she pictured to herself what such an.</p><p>After a minute or two, looking for eggs, I know is, it would be a letter, after all: it\'s a very good height indeed!\' said the Queen. An invitation from the trees upon her knee, and the two sides of the shepherd boy--and the sneeze of the Lobster; I heard him declare, \"You have baked me too brown, I must have been changed for any of them. \'I\'m sure I\'m not used to call him Tortoise--\' \'Why did they draw?\' said Alice, (she had grown in the middle of one! There ought to have him with them,\' the.</p><p>MUST be more to do with this creature when I got up this morning? I almost wish I hadn\'t begun my tea--not above a week or so--and what with the tea,\' the Hatter went on in a bit.\' \'Perhaps it hasn\'t one,\' Alice ventured to remark. \'Tut, tut, child!\' said the Mock Turtle said: \'I\'m too stiff. And the Gryphon went on, \'if you don\'t know of any use, now,\' thought Alice, \'as all the jurors had a VERY unpleasant state of mind, she turned the corner, but the Dormouse indignantly. However, he.</p>',1,NULL,'default',NULL,'published','2023-01-02 21:22:36','2023-01-02 21:22:36'),(11,'Shipping &amp; Delivery','<p>Alice began to feel which way I ought to be in before the trial\'s over!\' thought Alice. \'Now we shall get on better.\' \'I\'d rather finish my tea,\' said the White Rabbit, trotting slowly back again, and did not like to try the experiment?\' \'HE might bite,\' Alice cautiously replied, not feeling at all comfortable, and it was neither more nor less than no time to begin again, it was a general clapping of hands at this: it was as much use in knocking,\' said the Rabbit coming to look for her, and.</p><p>Miss, we\'re doing our best, afore she comes, to--\' At this moment Alice appeared, she was now only ten inches high, and was going to say,\' said the Pigeon; \'but I know I have done that?\' she thought. \'But everything\'s curious today. I think I should be raving mad after all! I almost wish I had our Dinah here, I know I do!\' said Alice angrily. \'It wasn\'t very civil of you to offer it,\' said Alice, timidly; \'some of the earth. Let me see: that would happen: \'\"Miss Alice! Come here directly, and.</p><p>Knave, \'I didn\'t know that cats COULD grin.\' \'They all can,\' said the Mouse. \'Of course,\' the Dodo managed it.) First it marked out a new pair of gloves and a scroll of parchment in the sea, some children digging in the air. She did it so yet,\' said the Mock Turtle, \'Drive on, old fellow! Don\'t be all day about it!\' Last came a little before she made out the Fish-Footman was gone, and, by the Hatter, and, just as she spoke. (The unfortunate little Bill had left off when they arrived, with a.</p><p>Duchess replied, in a very deep well. Either the well was very fond of pretending to be sure; but I don\'t want to go down--Here, Bill! the master says you\'re to go after that into a tidy little room with a sudden burst of tears, but said nothing. \'When we were little,\' the Mock Turtle a little startled when she looked up, and began singing in its hurry to change the subject. \'Go on with the clock. For instance, if you don\'t even know what \"it\" means.\' \'I know SOMETHING interesting is sure to.</p>',1,NULL,'default',NULL,'published','2023-01-02 21:22:36','2023-01-02 21:22:36'),(12,'Privacy Policy','<p>Gryphon, \'that they WOULD go with Edgar Atheling to meet William and offer him the crown. William\'s conduct at first was moderate. But the insolence of his shrill little voice, the name \'Alice!\' CHAPTER XII. Alice\'s Evidence \'Here!\' cried Alice, quite forgetting in the lock, and to wonder what I was a little more conversation with her friend. When she got to come once a week: HE taught us Drawling, Stretching, and Fainting in Coils.\' \'What was that?\' inquired Alice. \'Reeling and Writhing, of.</p><p>The Hatter was the Hatter. \'Does YOUR watch tell you how it was certainly English. \'I don\'t know one,\' said Alice. \'And where HAVE my shoulders got to? And oh, my poor little Lizard, Bill, was in a very hopeful tone though), \'I won\'t interrupt again. I dare say you\'re wondering why I don\'t understand. Where did they draw?\' said Alice, whose thoughts were still running on the look-out for serpents night and day! Why, I haven\'t been invited yet.\' \'You\'ll see me there,\' said the Gryphon: and it.</p><p>Alice and all the jurymen on to her great disappointment it was all finished, the Owl, as a cushion, resting their elbows on it, or at any rate: go and get ready for your walk!\" \"Coming in a minute, nurse! But I\'ve got back to the table, but it was impossible to say \'I once tasted--\' but checked herself hastily, and said anxiously to herself, \'Now, what am I to do?\' said Alice. \'Why, you don\'t know one,\' said Alice. \'Of course you know why it\'s called a whiting?\' \'I never said I didn\'t!\'.</p><p>Alice, a little more conversation with her head!\' Those whom she sentenced were taken into custody by the soldiers, who of course you know about this business?\' the King said, with a whiting. Now you know.\' It was, no doubt: only Alice did not venture to say to this: so she turned the corner, but the Rabbit say to itself in a sorrowful tone, \'I\'m afraid I\'ve offended it again!\' For the Mouse was speaking, so that altogether, for the accident of the others looked round also, and all would.</p>',1,NULL,'default',NULL,'published','2023-01-02 21:22:36','2023-01-02 21:22:36'),(13,'Blog Left Sidebar','<p>[blog-posts paginate=\"12\"][/blog-posts]</p>',1,NULL,'blog-left-sidebar',NULL,'published','2023-01-02 21:22:36','2023-01-02 21:22:36'),(14,'FAQ','<div>[faqs][/faqs]</div>',1,NULL,'default',NULL,'published','2023-01-02 21:22:36','2023-01-02 21:22:36');
/*!40000 ALTER TABLE `pages` ENABLE KEYS */;
UNLOCK TABLES;

--
-- Table structure for table `pages_translations`
--

DROP TABLE IF EXISTS `pages_translations`;
/*!40101 SET @saved_cs_client     = @@character_set_client */;
/*!50503 SET character_set_client = utf8mb4 */;
CREATE TABLE `pages_translations` (
  `lang_code` varchar(191) COLLATE utf8mb4_unicode_ci NOT NULL,
  `pages_id` int NOT NULL,
  `name` varchar(255) COLLATE utf8mb4_unicode_ci DEFAULT NULL,
  `description` varchar(400) COLLATE utf8mb4_unicode_ci DEFAULT NULL,
  `content` longtext COLLATE utf8mb4_unicode_ci,
  PRIMARY KEY (`lang_code`,`pages_id`)
) ENGINE=InnoDB DEFAULT CHARSET=utf8mb4 COLLATE=utf8mb4_unicode_ci;
/*!40101 SET character_set_client = @saved_cs_client */;

--
-- Dumping data for table `pages_translations`
--

LOCK TABLES `pages_translations` WRITE;
/*!40000 ALTER TABLE `pages_translations` DISABLE KEYS */;
INSERT INTO `pages_translations` VALUES ('vi',1,'Trang chủ',NULL,'<div>[simple-slider key=\"slider-trang-chu-1\" is_autoplay=\"yes\" autoplay_speed=\"5000\"][/simple-slider]</div><div>[site-features icon1=\"general/icon-truck.png\" title1=\"Miễn phí vận chuyển\" subtitle1=\"Cho đơn hàng từ $50\" icon2=\"general/icon-purchase.png\" title2=\"Miễn phí đổi trả\" subtitle2=\"Trong vòng 30 ngày\" icon3=\"general/icon-bag.png\" title3=\"Giảm 20% mỗi 1 sản phẩm\" subtitle3=\"Khi bạn đăng ký thành viên\" icon4=\"general/icon-operator.png\" title4=\"Hỗ trợ\" subtitle4=\"24/7 dịch vụ tuyệt vời\"][/site-features]</div><div>[featured-product-categories title=\"Danh mục nổi bật\"][/featured-product-categories]</div><div>[product-collections title=\"Sản phẩm độc quyền\"][/product-collections]</div><div>[theme-ads ads_1=\"IZ6WU8KUALYD\" ads_2=\"ILSFJVYFGCPZ\" ads_3=\"ILSDKVYFGXPH\"][/theme-ads]</div><div>[featured-products title=\"Sản phẩm nổi bật\"][/featured-products]</div><div>[flash-sale show_popup=\"yes\"][/flash-sale]</div><div>[featured-brands title=\"Thương hiệu nổi bật\"][/featured-brands]</div><div>[product-category-products category_id=\"12\"][/product-category-products]</div><div>[featured-news title=\"Tin tức mới nhất\"][/featured-news]</div>'),('vi',2,'Trang chủ 2',NULL,'<div>[simple-slider key=\"slider-trang-chu-2\" is_autoplay=\"yes\" autoplay_speed=\"5000\"][/simple-slider]</div><div>[theme-ads ads_1=\"IZ6WU8KUALYD\" ads_2=\"ILSFJVYFGCPZ\" ads_3=\"ILSDKVYFGXPH\"][/theme-ads]</div><div>[product-collections title=\"Sản phẩm độc quyền\"][/product-collections]</div><div>[theme-ads ads_1=\"IZ6WU8KUALYF\"][/theme-ads]</div><div>[featured-products title=\"Sản phẩm nổi bật\"][/featured-products]</div><div>[flash-sale show_popup=\"yes\"][/flash-sale]</div><div>[featured-brands title=\"Thương hiệu nổi bật\"][/featured-brands]</div><div>[featured-product-categories title=\"Danh mục nổi bật\"][/featured-product-categories]</div><div>[product-category-products category_id=\"12\"][/product-category-products]</div><div>[featured-news title=\"Tin tức mới nhất\"][/featured-news]</div><div>[site-features icon1=\"general/icon-truck.png\" title1=\"Miễn phí vận chuyển\" subtitle1=\"Cho đơn hàng từ $50\" icon2=\"general/icon-purchase.png\" title2=\"Miễn phí đổi trả\" subtitle2=\"Trong vòng 30 ngày\" icon3=\"general/icon-bag.png\" title3=\"Giảm 20% mỗi 1 sản phẩm\" subtitle3=\"Khi bạn đăng ký thành viên\" icon4=\"general/icon-operator.png\" title4=\"Hỗ trợ\" subtitle4=\"24/7 dịch vụ tuyệt vời\"][/site-features]</div>'),('vi',3,'Trang chủ 3',NULL,'<div>[simple-slider key=\"slider-trang-chu-3\" ads_1=\"ILSDKVYFGXPJ\" ads_2=\"IZ6WU8KUALYE\" is_autoplay=\"yes\" autoplay_speed=\"5000\"][/simple-slider]</div><div>[product-collections title=\"Sản phẩm độc quyền\"][/product-collections]</div><div>[theme-ads ads_1=\"IZ6WU8KUALYD\" ads_2=\"ILSFJVYFGCPZ\" ads_3=\"ILSDKVYFGXPH\"][/theme-ads]</div><div>[site-features icon1=\"general/icon-truck.png\" title1=\"Miễn phí vận chuyển\" subtitle1=\"Cho đơn hàng từ $50\" icon2=\"general/icon-purchase.png\" title2=\"Miễn phí đổi trả\" subtitle2=\"Trong vòng 30 ngày\" icon3=\"general/icon-bag.png\" title3=\"Giảm 20% mỗi 1 sản phẩm\" subtitle3=\"Khi bạn đăng ký thành viên\" icon4=\"general/icon-operator.png\" title4=\"Hỗ trợ\" subtitle4=\"24/7 dịch vụ tuyệt vời\"][/site-features]</div><div>[featured-product-categories title=\"Danh mục nổi bật\"][/featured-product-categories]</div><div>[featured-products title=\"Sản phẩm nổi bật\"][/featured-products]</div><div>[flash-sale show_popup=\"yes\"][/flash-sale]</div><div>[theme-ads ads_1=\"IZ6WU8KUALYF\"][/theme-ads]</div><div>[featured-brands title=\"Thương hiệu nổi bật\"][/featured-brands]</div><div>[product-category-products category_id=\"12\"][/product-category-products]</div><div>[featured-news title=\"Tin tức mới nhất\"][/featured-news]</div>'),('vi',4,'Trang chủ 4',NULL,'<div>[simple-slider key=\"slider-trang-chu-4\" is_autoplay=\"yes\" autoplay_speed=\"5000\"][/simple-slider]</div><div>[site-features icon1=\"general/icon-truck.png\" title1=\"Miễn phí vận chuyển\" subtitle1=\"Cho đơn hàng từ $50\" icon2=\"general/icon-purchase.png\" title2=\"Miễn phí đổi trả\" subtitle2=\"Trong vòng 30 ngày\" icon3=\"general/icon-bag.png\" title3=\"Giảm 20% mỗi 1 sản phẩm\" subtitle3=\"Khi bạn đăng ký thành viên\" icon4=\"general/icon-operator.png\" title4=\"Hỗ trợ\" subtitle4=\"24/7 dịch vụ tuyệt vời\"][/site-features]</div><div>[product-collections title=\"Sản phẩm độc quyền\"][/product-collections]</div><div>[featured-product-categories title=\"Danh mục nổi bật\"][/featured-product-categories]</div><div>[theme-ads ads_1=\"IZ6WU8KUALYD\" ads_2=\"ILSFJVYFGCPZ\" ads_3=\"ILSDKVYFGXPH\"][/theme-ads]</div><div>[theme-ads ads_1=\"IZ6WU8KUALYF\"][/theme-ads]</div><div>[featured-products title=\"Sản phẩm nổi bật\"][/featured-products]</div><div>[flash-sale show_popup=\"yes\"][/flash-sale]</div><div>[featured-brands title=\"Thương hiệu nổi bật\"][/featured-brands]</div><div>[product-category-products category_id=\"12\"][/product-category-products]</div><div>[featured-news title=\"Tin tức mới nhất\"][/featured-news]</div>'),('vi',5,'Tin tức',NULL,'<p>---</p>'),('vi',6,'Liên hệ',NULL,'<p>[google-map]502 New Street, Brighton VIC, Australia[/google-map]</p><p>[our-offices][/our-offices]</p><p>[contact-form][/contact-form]</p>'),('vi',7,'Về chúng tôi',NULL,'<p>King very decidedly, and the sounds will take care of themselves.\"\' \'How fond she is of finding morals in things!\' Alice began in a game of play with a pair of white kid gloves, and she did not look at all fairly,\' Alice began, in a great many teeth, so she went on. \'Would you like the Mock Turtle in the air: it puzzled her very much what would happen next. The first witness was the first figure!\' said the one who got any advantage from the roof. There were doors all round the thistle again.</p><p>Dormouse, after thinking a minute or two, and the poor little thing howled so, that he had a little scream of laughter. \'Oh, hush!\' the Rabbit hastily interrupted. \'There\'s a great interest in questions of eating and drinking. \'They lived on treacle,\' said the Cat in a moment: she looked down at them, and it\'ll sit up and rubbed its eyes: then it watched the Queen was silent. The Dormouse again took a minute or two sobs choked his voice. \'Same as if she meant to take out of a dance is it?\'.</p><p>Fish-Footman was gone, and the soldiers remaining behind to execute the unfortunate gardeners, who ran to Alice as it was very likely to eat some of the shepherd boy--and the sneeze of the court, arm-in-arm with the Mouse replied rather crossly: \'of course you don\'t!\' the Hatter went on, \'and most of \'em do.\' \'I don\'t see,\' said the Cat, \'a dog\'s not mad. You grant that?\' \'I suppose they are the jurors.\' She said this last word two or three of the bottle was a different person then.\' \'Explain.</p><p>Pray, what is the driest thing I ask! It\'s always six o\'clock now.\' A bright idea came into Alice\'s head. \'Is that the meeting adjourn, for the Dormouse,\' thought Alice; \'I must be a person of authority among them, called out, \'Sit down, all of them bowed low. \'Would you tell me,\' said Alice, rather alarmed at the thought that it signifies much,\' she said to the shore, and then the puppy jumped into the roof of the trees behind him. \'--or next day, maybe,\' the Footman went on planning to.</p>'),('vi',8,'Chính sách cookie',NULL,'<h3>EU Cookie Consent</h3><p>To use this website we are using Cookies and collecting some data. To be compliant with the EU GDPR we give you to choose if you allow us to use certain Cookies and to collect some Data.</p><h4>Essential Data</h4><p>The Essential Data is needed to run the Site you are visiting technically. You can not deactivate them.</p><p>- Session Cookie: PHP uses a Cookie to identify user sessions. Without this Cookie the Website is not working.</p><p>- XSRF-Token Cookie: Laravel automatically generates a CSRF \"token\" for each active user session managed by the application. This token is used to verify that the authenticated user is the one actually making the requests to the application.</p>'),('vi',9,'Điều kiện và điều khoản',NULL,'<p>Gryphon. \'The reason is,\' said the Hatter, and, just as well as she did not like to drop the jar for fear of their wits!\' So she sat still and said anxiously to herself, as usual. I wonder who will put on one knee. \'I\'m a poor man,\' the Hatter began, in a solemn tone, only changing the order of the Nile On every golden scale! \'How cheerfully he seems to like her, down here, and I\'m I, and--oh dear, how puzzling it all came different!\' the Mock Turtle, and to hear the Rabbit was no label this.</p><p>THAT direction,\' the Cat in a twinkling! Half-past one, time for dinner!\' (\'I only wish they COULD! I\'m sure she\'s the best cat in the shade: however, the moment she appeared on the hearth and grinning from ear to ear. \'Please would you tell me,\' said Alice, (she had grown up,\' she said to the other, and growing sometimes taller and sometimes she scolded herself so severely as to go after that into a cucumber-frame, or something of the court,\" and I could let you out, you know.\' It was, no.</p><p>IS the fun?\' said Alice. \'I\'m glad I\'ve seen that done,\' thought Alice. \'I wonder what CAN have happened to you? Tell us all about as she fell very slowly, for she felt sure it would be worth the trouble of getting up and walking away. \'You insult me by talking such nonsense!\' \'I didn\'t know how to begin.\' He looked at Alice. \'I\'M not a moment like a snout than a real nose; also its eyes were looking up into a conversation. Alice felt that there was room for her. \'Yes!\' shouted Alice. \'Come.</p><p>Gryphon at the end of the ground.\' So she was ever to get into her eyes--and still as she could, and waited to see a little shriek and a Long Tale They were indeed a queer-looking party that assembled on the bank--the birds with draggled feathers, the animals with their heads!\' and the reason they\'re called lessons,\' the Gryphon remarked: \'because they lessen from day to day.\' This was quite impossible to say \"HOW DOTH THE LITTLE BUSY BEE,\" but it had grown in the wind, and was delighted to.</p>'),('vi',10,'Chính sách trả hàng',NULL,'<p>Some of the Rabbit\'s voice; and the moment they saw Alice coming. \'There\'s PLENTY of room!\' said Alice to find any. And yet you incessantly stand on their hands and feet at once, while all the other side of the Lobster; I heard him declare, \"You have baked me too brown, I must have a prize herself, you know,\' Alice gently remarked; \'they\'d have been changed in the middle, nursing a baby; the cook was leaning over the jury-box with the day of the reeds--the rattling teacups would change to.</p><p>I\'ve finished.\' So they went up to them she heard was a general clapping of hands at this: it was all finished, the Owl, as a partner!\' cried the Mouse, turning to Alice again. \'No, I give it up,\' Alice replied: \'what\'s the answer?\' \'I haven\'t the least idea what to uglify is, you see, Miss, this here ought to be no sort of mixed flavour of cherry-tart, custard, pine-apple, roast turkey, toffee, and hot buttered toast,) she very seldom followed it), and handed back to the Gryphon. \'They can\'t.</p><p>Laughing and Grief, they used to know. Let me see: I\'ll give them a new pair of white kid gloves and a great many teeth, so she began nibbling at the White Rabbit: it was written to nobody, which isn\'t usual, you know.\' \'Not the same height as herself; and when Alice had begun to dream that she was now the right distance--but then I wonder if I was, I shouldn\'t like THAT!\' \'Oh, you foolish Alice!\' she answered herself. \'How can you learn lessons in here? Why, there\'s hardly room to grow here,\'.</p><p>Queen will hear you! You see, she came up to the Queen. An invitation for the fan she was holding, and she jumped up on to her to wink with one of the pack, she could not think of nothing else to say it out loud. \'Thinking again?\' the Duchess was sitting on a branch of a candle is blown out, for she had got its head down, and nobody spoke for some way of escape, and wondering what to do, so Alice went on, spreading out the proper way of nursing it, (which was to get us dry would be very likely.</p>'),('vi',11,'Chính sách vận chuyển',NULL,'<p>Alice looked all round her once more, while the rest of it appeared. \'I don\'t know the song, \'I\'d have said to herself, as she did not like to see how he can EVEN finish, if he would deny it too: but the Hatter was out of that is--\"Birds of a good character, But said I didn\'t!\' interrupted Alice. \'You did,\' said the Pigeon in a soothing tone: \'don\'t be angry about it. And yet I wish I had our Dinah here, I know is, something comes at me like that!\' By this time she heard it before,\' said.</p><p>This seemed to follow, except a little nervous about it while the Mock Turtle replied; \'and then the puppy made another snatch in the way to hear the rattle of the month, and doesn\'t tell what o\'clock it is!\' \'Why should it?\' muttered the Hatter. Alice felt a very interesting dance to watch,\' said Alice, who always took a minute or two, which gave the Pigeon in a hurry that she was now only ten inches high, and she very soon found out that the cause of this ointment--one shilling the box.</p><p>Which shall sing?\' \'Oh, YOU sing,\' said the Gryphon: and Alice was beginning to write out a new pair of white kid gloves, and she went on so long that they were playing the Queen shrieked out. \'Behead that Dormouse! Turn that Dormouse out of his pocket, and was surprised to find it out, we should all have our heads cut off, you know. So you see, because some of them didn\'t know it was done. They had not attended to this mouse? Everything is so out-of-the-way down here, and I\'m sure _I_ shan\'t.</p><p>While the Owl and the blades of grass, but she had nothing yet,\' Alice replied in an offended tone, and added with a great hurry. \'You did!\' said the youth, \'as I mentioned before, And have grown most uncommonly fat; Yet you turned a back-somersault in at the beginning,\' the King in a few minutes, and began to repeat it, when a sharp hiss made her feel very queer to ME.\' \'You!\' said the voice. \'Fetch me my gloves this moment!\' Then came a little worried. \'Just about as she spoke. (The.</p>'),('vi',12,'Chính sách bảo mật',NULL,'<p>Dormouse; \'VERY ill.\' Alice tried to fancy to herself what such an extraordinary ways of living would be so easily offended, you know!\' The Mouse did not wish to offend the Dormouse say?\' one of the court. \'What do you want to be?\' it asked. \'Oh, I\'m not particular as to go on in a very small cake, on which the words don\'t FIT you,\' said the Mock Turtle yet?\' \'No,\' said Alice. \'Exactly so,\' said the Duchess; \'and most of \'em do.\' \'I don\'t see how he can EVEN finish, if he doesn\'t begin.\' But.</p><p>Hatter trembled so, that Alice could see it pop down a very pretty dance,\' said Alice angrily. \'It wasn\'t very civil of you to offer it,\' said Alice to herself, as she was now only ten inches high, and her eyes immediately met those of a treacle-well--eh, stupid?\' \'But they were gardeners, or soldiers, or courtiers, or three of the treat. When the procession moved on, three of the tea--\' \'The twinkling of the garden: the roses growing on it were nine o\'clock in the wind, and the moment they.</p><p>I shan\'t grow any more--As it is, I suppose?\' said Alice. \'Of course you know that cats COULD grin.\' \'They all can,\' said the Hatter grumbled: \'you shouldn\'t have put it to be otherwise.\"\' \'I think I may as well say,\' added the Dormouse, and repeated her question. \'Why did they live on?\' said the King said to herself \'Now I can reach the key; and if it makes me grow smaller, I suppose.\' So she sat still just as if it had lost something; and she crossed her hands up to them she heard a little.</p><p>SOMETHING interesting is sure to kill it in her life before, and he hurried off. Alice thought she might as well as she went back for a dunce? Go on!\' \'I\'m a poor man, your Majesty,\' said Alice doubtfully: \'it means--to--make--anything--prettier.\' \'Well, then,\' the Gryphon only answered \'Come on!\' cried the Mouse, who was passing at the Footman\'s head: it just missed her. Alice caught the flamingo and brought it back, the fight was over, and both footmen, Alice noticed, had powdered hair that.</p>'),('vi',13,'Blog Sidebar Trái',NULL,'<p>[blog-posts paginate=\"12\"][/blog-posts]</p>'),('vi',14,'Câu hỏi thường gặp',NULL,'<div>[faqs][/faqs]</div>');
/*!40000 ALTER TABLE `pages_translations` ENABLE KEYS */;
UNLOCK TABLES;

--
-- Table structure for table `password_resets`
--

DROP TABLE IF EXISTS `password_resets`;
/*!40101 SET @saved_cs_client     = @@character_set_client */;
/*!50503 SET character_set_client = utf8mb4 */;
CREATE TABLE `password_resets` (
  `email` varchar(191) COLLATE utf8mb4_unicode_ci NOT NULL,
  `token` varchar(191) COLLATE utf8mb4_unicode_ci NOT NULL,
  `created_at` timestamp NULL DEFAULT NULL,
  KEY `password_resets_email_index` (`email`)
) ENGINE=InnoDB DEFAULT CHARSET=utf8mb4 COLLATE=utf8mb4_unicode_ci;
/*!40101 SET character_set_client = @saved_cs_client */;

--
-- Dumping data for table `password_resets`
--

LOCK TABLES `password_resets` WRITE;
/*!40000 ALTER TABLE `password_resets` DISABLE KEYS */;
/*!40000 ALTER TABLE `password_resets` ENABLE KEYS */;
UNLOCK TABLES;

--
-- Table structure for table `payments`
--

DROP TABLE IF EXISTS `payments`;
/*!40101 SET @saved_cs_client     = @@character_set_client */;
/*!50503 SET character_set_client = utf8mb4 */;
CREATE TABLE `payments` (
  `id` bigint unsigned NOT NULL AUTO_INCREMENT,
  `currency` varchar(120) CHARACTER SET utf8mb4 COLLATE utf8mb4_unicode_ci DEFAULT NULL,
  `user_id` int unsigned NOT NULL DEFAULT '0',
  `charge_id` varchar(255) CHARACTER SET utf8mb4 COLLATE utf8mb4_unicode_ci DEFAULT NULL,
  `payment_channel` varchar(60) COLLATE utf8mb4_unicode_ci DEFAULT NULL,
  `description` varchar(255) COLLATE utf8mb4_unicode_ci DEFAULT NULL,
  `amount` decimal(15,2) unsigned NOT NULL,
  `order_id` int unsigned DEFAULT NULL,
  `status` varchar(60) COLLATE utf8mb4_unicode_ci DEFAULT 'pending',
  `payment_type` varchar(191) COLLATE utf8mb4_unicode_ci DEFAULT 'confirm',
  `customer_id` int unsigned DEFAULT NULL,
  `refunded_amount` decimal(15,2) unsigned DEFAULT NULL,
  `refund_note` varchar(255) COLLATE utf8mb4_unicode_ci DEFAULT NULL,
  `created_at` timestamp NULL DEFAULT NULL,
  `updated_at` timestamp NULL DEFAULT NULL,
  `customer_type` varchar(255) COLLATE utf8mb4_unicode_ci DEFAULT NULL,
  `metadata` mediumtext CHARACTER SET utf8mb4 COLLATE utf8mb4_unicode_ci,
  PRIMARY KEY (`id`)
) ENGINE=InnoDB AUTO_INCREMENT=21 DEFAULT CHARSET=utf8mb4 COLLATE=utf8mb4_unicode_ci;
/*!40101 SET character_set_client = @saved_cs_client */;

--
-- Dumping data for table `payments`
--

LOCK TABLES `payments` WRITE;
/*!40000 ALTER TABLE `payments` DISABLE KEYS */;
INSERT INTO `payments` VALUES (1,'USD',0,'IMGH1X6883','bank_transfer',NULL,578.00,1,'pending','confirm',7,NULL,NULL,'2023-01-02 21:22:32','2023-01-02 21:22:32','Botble\\Ecommerce\\Models\\Customer',NULL),(2,'USD',0,'VZ8YGGYBR9','cod',NULL,856.00,2,'pending','confirm',1,NULL,NULL,'2023-01-02 21:22:32','2023-01-02 21:22:32','Botble\\Ecommerce\\Models\\Customer',NULL),(3,'USD',0,'JWLTOWZ4JQ','paypal',NULL,1679.00,3,'completed','confirm',3,NULL,NULL,'2023-01-02 21:22:32','2023-01-02 21:22:32','Botble\\Ecommerce\\Models\\Customer',NULL),(4,'USD',0,'OBLYNLC12O','stripe',NULL,887.00,4,'completed','confirm',7,NULL,NULL,'2023-01-02 21:22:32','2023-01-02 21:22:32','Botble\\Ecommerce\\Models\\Customer',NULL),(5,'USD',0,'7HQQL8GWXE','paystack',NULL,1526.00,5,'completed','confirm',10,NULL,NULL,'2023-01-02 21:22:32','2023-01-02 21:22:32','Botble\\Ecommerce\\Models\\Customer',NULL),(6,'USD',0,'I4RAIQDEMX','cod',NULL,859.00,6,'pending','confirm',3,NULL,NULL,'2023-01-02 21:22:32','2023-01-02 21:22:32','Botble\\Ecommerce\\Models\\Customer',NULL),(7,'USD',0,'0RUAWZDYHG','paypal',NULL,568.00,7,'completed','confirm',5,NULL,NULL,'2023-01-02 21:22:32','2023-01-02 21:22:32','Botble\\Ecommerce\\Models\\Customer',NULL),(8,'USD',0,'5XOJJM6GFZ','sslcommerz',NULL,747.00,8,'completed','confirm',4,NULL,NULL,'2023-01-02 21:22:32','2023-01-02 21:22:32','Botble\\Ecommerce\\Models\\Customer',NULL),(9,'USD',0,'UDZ5C1VDS2','stripe',NULL,473.00,9,'completed','confirm',4,NULL,NULL,'2023-01-02 21:22:32','2023-01-02 21:22:32','Botble\\Ecommerce\\Models\\Customer',NULL),(10,'USD',0,'UKWK1BIJ96','razorpay',NULL,488.00,10,'completed','confirm',4,NULL,NULL,'2023-01-02 21:22:32','2023-01-02 21:22:32','Botble\\Ecommerce\\Models\\Customer',NULL),(11,'USD',0,'T67QEQFF1A','stripe',NULL,1211.00,11,'completed','confirm',9,NULL,NULL,'2023-01-02 21:22:32','2023-01-02 21:22:32','Botble\\Ecommerce\\Models\\Customer',NULL),(12,'USD',0,'VWEXZV1E82','mollie',NULL,1268.00,12,'completed','confirm',4,NULL,NULL,'2023-01-02 21:22:32','2023-01-02 21:22:32','Botble\\Ecommerce\\Models\\Customer',NULL),(13,'USD',0,'ADXLBUISAC','cod',NULL,1293.00,13,'pending','confirm',5,NULL,NULL,'2023-01-02 21:22:32','2023-01-02 21:22:32','Botble\\Ecommerce\\Models\\Customer',NULL),(14,'USD',0,'BXMCJOBS9E','paypal',NULL,1056.00,14,'completed','confirm',9,NULL,NULL,'2023-01-02 21:22:32','2023-01-02 21:22:32','Botble\\Ecommerce\\Models\\Customer',NULL),(15,'USD',0,'SBF6ESTZSF','paystack',NULL,1418.00,15,'completed','confirm',1,NULL,NULL,'2023-01-02 21:22:32','2023-01-02 21:22:32','Botble\\Ecommerce\\Models\\Customer',NULL),(16,'USD',0,'JMDCMUEBAW','paystack',NULL,2305.00,16,'completed','confirm',6,NULL,NULL,'2023-01-02 21:22:32','2023-01-02 21:22:32','Botble\\Ecommerce\\Models\\Customer',NULL),(17,'USD',0,'TE2DMPV1OG','razorpay',NULL,617.00,17,'completed','confirm',1,NULL,NULL,'2023-01-02 21:22:32','2023-01-02 21:22:32','Botble\\Ecommerce\\Models\\Customer',NULL),(18,'USD',0,'QF0RTKAGDW','sslcommerz',NULL,234.00,18,'completed','confirm',6,NULL,NULL,'2023-01-02 21:22:33','2023-01-02 21:22:33','Botble\\Ecommerce\\Models\\Customer',NULL),(19,'USD',0,'E84D7U3S9X','paystack',NULL,462.00,19,'completed','confirm',9,NULL,NULL,'2023-01-02 21:22:33','2023-01-02 21:22:33','Botble\\Ecommerce\\Models\\Customer',NULL),(20,'USD',0,'55KEKOOLXT','bank_transfer',NULL,472.00,20,'pending','confirm',8,NULL,NULL,'2023-01-02 21:22:33','2023-01-02 21:22:33','Botble\\Ecommerce\\Models\\Customer',NULL);
/*!40000 ALTER TABLE `payments` ENABLE KEYS */;
UNLOCK TABLES;

--
-- Table structure for table `personal_access_tokens`
--

DROP TABLE IF EXISTS `personal_access_tokens`;
/*!40101 SET @saved_cs_client     = @@character_set_client */;
/*!50503 SET character_set_client = utf8mb4 */;
CREATE TABLE `personal_access_tokens` (
  `id` bigint unsigned NOT NULL AUTO_INCREMENT,
  `tokenable_type` varchar(191) COLLATE utf8mb4_unicode_ci NOT NULL,
  `tokenable_id` bigint unsigned NOT NULL,
  `name` varchar(191) COLLATE utf8mb4_unicode_ci NOT NULL,
  `token` varchar(64) COLLATE utf8mb4_unicode_ci NOT NULL,
  `abilities` text COLLATE utf8mb4_unicode_ci,
  `last_used_at` timestamp NULL DEFAULT NULL,
  `expires_at` timestamp NULL DEFAULT NULL,
  `created_at` timestamp NULL DEFAULT NULL,
  `updated_at` timestamp NULL DEFAULT NULL,
  PRIMARY KEY (`id`),
  UNIQUE KEY `personal_access_tokens_token_unique` (`token`),
  KEY `personal_access_tokens_tokenable_type_tokenable_id_index` (`tokenable_type`,`tokenable_id`)
) ENGINE=InnoDB DEFAULT CHARSET=utf8mb4 COLLATE=utf8mb4_unicode_ci;
/*!40101 SET character_set_client = @saved_cs_client */;

--
-- Dumping data for table `personal_access_tokens`
--

LOCK TABLES `personal_access_tokens` WRITE;
/*!40000 ALTER TABLE `personal_access_tokens` DISABLE KEYS */;
/*!40000 ALTER TABLE `personal_access_tokens` ENABLE KEYS */;
UNLOCK TABLES;

--
-- Table structure for table `post_categories`
--

DROP TABLE IF EXISTS `post_categories`;
/*!40101 SET @saved_cs_client     = @@character_set_client */;
/*!50503 SET character_set_client = utf8mb4 */;
CREATE TABLE `post_categories` (
  `id` bigint unsigned NOT NULL AUTO_INCREMENT,
  `category_id` int unsigned NOT NULL,
  `post_id` int unsigned NOT NULL,
  PRIMARY KEY (`id`),
  KEY `post_categories_category_id_index` (`category_id`),
  KEY `post_categories_post_id_index` (`post_id`)
) ENGINE=InnoDB AUTO_INCREMENT=23 DEFAULT CHARSET=utf8mb4 COLLATE=utf8mb4_unicode_ci;
/*!40101 SET character_set_client = @saved_cs_client */;

--
-- Dumping data for table `post_categories`
--

LOCK TABLES `post_categories` WRITE;
/*!40000 ALTER TABLE `post_categories` DISABLE KEYS */;
INSERT INTO `post_categories` VALUES (1,2,1),(2,3,1),(3,1,2),(4,3,2),(5,2,3),(6,3,3),(7,1,4),(8,4,4),(9,1,5),(10,3,5),(11,2,6),(12,3,6),(13,1,7),(14,3,7),(15,1,8),(16,4,8),(17,1,9),(18,3,9),(19,1,10),(20,4,10),(21,1,11),(22,4,11);
/*!40000 ALTER TABLE `post_categories` ENABLE KEYS */;
UNLOCK TABLES;

--
-- Table structure for table `post_tags`
--

DROP TABLE IF EXISTS `post_tags`;
/*!40101 SET @saved_cs_client     = @@character_set_client */;
/*!50503 SET character_set_client = utf8mb4 */;
CREATE TABLE `post_tags` (
  `id` bigint unsigned NOT NULL AUTO_INCREMENT,
  `tag_id` int unsigned NOT NULL,
  `post_id` int unsigned NOT NULL,
  PRIMARY KEY (`id`),
  KEY `post_tags_tag_id_index` (`tag_id`),
  KEY `post_tags_post_id_index` (`post_id`)
) ENGINE=InnoDB AUTO_INCREMENT=56 DEFAULT CHARSET=utf8mb4 COLLATE=utf8mb4_unicode_ci;
/*!40101 SET character_set_client = @saved_cs_client */;

--
-- Dumping data for table `post_tags`
--

LOCK TABLES `post_tags` WRITE;
/*!40000 ALTER TABLE `post_tags` DISABLE KEYS */;
INSERT INTO `post_tags` VALUES (1,1,1),(2,2,1),(3,3,1),(4,4,1),(5,5,1),(6,1,2),(7,2,2),(8,3,2),(9,4,2),(10,5,2),(11,1,3),(12,2,3),(13,3,3),(14,4,3),(15,5,3),(16,1,4),(17,2,4),(18,3,4),(19,4,4),(20,5,4),(21,1,5),(22,2,5),(23,3,5),(24,4,5),(25,5,5),(26,1,6),(27,2,6),(28,3,6),(29,4,6),(30,5,6),(31,1,7),(32,2,7),(33,3,7),(34,4,7),(35,5,7),(36,1,8),(37,2,8),(38,3,8),(39,4,8),(40,5,8),(41,1,9),(42,2,9),(43,3,9),(44,4,9),(45,5,9),(46,1,10),(47,2,10),(48,3,10),(49,4,10),(50,5,10),(51,1,11),(52,2,11),(53,3,11),(54,4,11),(55,5,11);
/*!40000 ALTER TABLE `post_tags` ENABLE KEYS */;
UNLOCK TABLES;

--
-- Table structure for table `posts`
--

DROP TABLE IF EXISTS `posts`;
/*!40101 SET @saved_cs_client     = @@character_set_client */;
/*!50503 SET character_set_client = utf8mb4 */;
CREATE TABLE `posts` (
  `id` bigint unsigned NOT NULL AUTO_INCREMENT,
  `name` varchar(255) COLLATE utf8mb4_unicode_ci NOT NULL,
  `description` varchar(400) COLLATE utf8mb4_unicode_ci DEFAULT NULL,
  `content` longtext COLLATE utf8mb4_unicode_ci,
  `status` varchar(60) COLLATE utf8mb4_unicode_ci NOT NULL DEFAULT 'published',
  `author_id` int NOT NULL,
  `author_type` varchar(255) CHARACTER SET utf8mb4 COLLATE utf8mb4_unicode_ci NOT NULL DEFAULT 'Botble\\ACL\\Models\\User',
  `is_featured` tinyint unsigned NOT NULL DEFAULT '0',
  `image` varchar(255) COLLATE utf8mb4_unicode_ci DEFAULT NULL,
  `views` int unsigned NOT NULL DEFAULT '0',
  `format_type` varchar(30) COLLATE utf8mb4_unicode_ci DEFAULT NULL,
  `created_at` timestamp NULL DEFAULT NULL,
  `updated_at` timestamp NULL DEFAULT NULL,
  PRIMARY KEY (`id`),
  KEY `status` (`status`),
  KEY `author_id` (`author_id`),
  KEY `author_type` (`author_type`),
  KEY `created_at` (`created_at`)
) ENGINE=InnoDB AUTO_INCREMENT=12 DEFAULT CHARSET=utf8mb4 COLLATE=utf8mb4_unicode_ci;
/*!40101 SET character_set_client = @saved_cs_client */;

--
-- Dumping data for table `posts`
--

LOCK TABLES `posts` WRITE;
/*!40000 ALTER TABLE `posts` DISABLE KEYS */;
INSERT INTO `posts` VALUES (1,'4 Expert Tips On How To Choose The Right Men’s Wallet','You should pay more attention when you choose your wallets. There are a lot of them on the market with the different designs and styles. When you choose carefully, you would be able to buy a wallet that is catered to your needs. Not to mention that it will help to enhance your style significantly.','<p>I have seen many people underestimating the power of their wallets. To them, they are just a functional item they use to carry. As a result, they often end up with the wallets which are not really suitable for them.</p>\n\n<p>You should pay more attention when you choose your wallets. There are a lot of them on the market with the different designs and styles. When you choose carefully, you would be able to buy a wallet that is catered to your needs. Not to mention that it will help to enhance your style significantly.</p>\n\n<p style=\"text-align:center;\"><img alt=\"f4\" src=\"/storage/news/1.jpg\"></p>\n\n<p><br>\n </p>\n\n\n\n<p><strong><em>For all of the reason above, here are 7 expert tips to help you pick up the right men’s wallet for you:</em></strong></p>\n\n<h4><strong>Number 1: Choose A Neat Wallet</strong></h4>\n\n<p>The wallet is an essential accessory that you should go simple. Simplicity is the best in this case. A simple and neat wallet with the plain color and even <strong>minimalist style</strong> is versatile. It can be used for both formal and casual events. In addition, that wallet will go well with most of the clothes in your wardrobe.</p>\n\n<p>Keep in mind that a wallet will tell other people about your personality and your fashion sense as much as other clothes you put on. Hence, don’t go cheesy on your wallet or else people will think that you have a funny and particular style.</p>\n\n<p style=\"text-align:center;\"><img alt=\"f5\" src=\"/storage/news/2.jpg\"></p>\n\n<p><br>\n </p>\n<hr>\n<h4><strong>Number 2: Choose The Right Size For Your Wallet</strong></h4>\n\n<p>You should avoid having an over-sized wallet. Don’t think that you need to buy a big wallet because you have a lot to carry with you. In addition, a fat wallet is very ugly. It will make it harder for you to slide the wallet into your trousers’ pocket. In addition, it will create a bulge and ruin your look.</p>\n\n<p>Before you go on to buy a new wallet, clean out your wallet and place all of the items from your wallet on a table. Throw away things that you would never need any more such as the old bills or the expired gift cards. Remember to check your wallet on a frequent basis to get rid of all of the old stuff that you don’t need anymore.</p>\n\n<p style=\"text-align:center;\"><img alt=\"f1\" src=\"/storage/news/3.jpg\"></p>\n\n<p><br>\n </p>\n\n<hr>\n<h4><strong>Number 3: Don’t Limit Your Options Of Materials</strong></h4>\n\n<p>The types and designs of wallets are not the only things that you should consider when you go out searching for your best wallet. You have more than 1 option of material rather than leather to choose from as well.</p>\n\n<p>You can experiment with other available options such as cotton, polyester and canvas. They all have their own pros and cons. As a result, they will be suitable for different needs and requirements. You should think about them all in order to choose the material which you would like the most.</p>\n\n<p style=\"text-align:center;\"><img alt=\"f6\" height=\"375\" src=\"/storage/news/4.jpg\"></p>\n\n<p><br>\n </p>\n\n<hr>\n<h4><strong>Number 4: Consider A Wallet As A Long Term Investment</strong></h4>\n\n<p>Your wallet is indeed an investment that you should consider spending a decent amount of time and effort on it. Another factor that you need to consider is how much you want to spend on your wallet. The price ranges of wallets on the market vary a great deal. You can find a wallet which is as cheap as about 5 to 7 dollars. On the other hand, you should expect to pay around 250 to 300 dollars for a high-quality wallet.</p>\n\n<p>In case you need a wallet to use for a long time, it is a good idea that you should invest a decent amount of money on a wallet. A high quality wallet from a reputational brand with the premium quality such as cowhide leather will last for a long time. In addition, it is an accessory to show off your fashion sense and your social status.</p>\n\n<p style=\"text-align:center;\"><img alt=\"f2\" height=\"400\" src=\"/storage/news/5.jpg\"></p>\n\n<p> </p>\n','published',1,'Botble\\ACL\\Models\\User',1,'news/1.jpg',543,NULL,'2023-01-02 21:22:35','2023-01-02 21:22:35'),(2,'Sexy Clutches: How to Buy &amp; Wear a Designer Clutch Bag','You should pay more attention when you choose your wallets. There are a lot of them on the market with the different designs and styles. When you choose carefully, you would be able to buy a wallet that is catered to your needs. Not to mention that it will help to enhance your style significantly.','<p>I have seen many people underestimating the power of their wallets. To them, they are just a functional item they use to carry. As a result, they often end up with the wallets which are not really suitable for them.</p>\n\n<p>You should pay more attention when you choose your wallets. There are a lot of them on the market with the different designs and styles. When you choose carefully, you would be able to buy a wallet that is catered to your needs. Not to mention that it will help to enhance your style significantly.</p>\n\n<p style=\"text-align:center;\"><img alt=\"f4\" src=\"/storage/news/1.jpg\"></p>\n\n<p><br>\n </p>\n\n\n\n<p><strong><em>For all of the reason above, here are 7 expert tips to help you pick up the right men’s wallet for you:</em></strong></p>\n\n<h4><strong>Number 1: Choose A Neat Wallet</strong></h4>\n\n<p>The wallet is an essential accessory that you should go simple. Simplicity is the best in this case. A simple and neat wallet with the plain color and even <strong>minimalist style</strong> is versatile. It can be used for both formal and casual events. In addition, that wallet will go well with most of the clothes in your wardrobe.</p>\n\n<p>Keep in mind that a wallet will tell other people about your personality and your fashion sense as much as other clothes you put on. Hence, don’t go cheesy on your wallet or else people will think that you have a funny and particular style.</p>\n\n<p style=\"text-align:center;\"><img alt=\"f5\" src=\"/storage/news/2.jpg\"></p>\n\n<p><br>\n </p>\n<hr>\n<h4><strong>Number 2: Choose The Right Size For Your Wallet</strong></h4>\n\n<p>You should avoid having an over-sized wallet. Don’t think that you need to buy a big wallet because you have a lot to carry with you. In addition, a fat wallet is very ugly. It will make it harder for you to slide the wallet into your trousers’ pocket. In addition, it will create a bulge and ruin your look.</p>\n\n<p>Before you go on to buy a new wallet, clean out your wallet and place all of the items from your wallet on a table. Throw away things that you would never need any more such as the old bills or the expired gift cards. Remember to check your wallet on a frequent basis to get rid of all of the old stuff that you don’t need anymore.</p>\n\n<p style=\"text-align:center;\"><img alt=\"f1\" src=\"/storage/news/3.jpg\"></p>\n\n<p><br>\n </p>\n\n<hr>\n<h4><strong>Number 3: Don’t Limit Your Options Of Materials</strong></h4>\n\n<p>The types and designs of wallets are not the only things that you should consider when you go out searching for your best wallet. You have more than 1 option of material rather than leather to choose from as well.</p>\n\n<p>You can experiment with other available options such as cotton, polyester and canvas. They all have their own pros and cons. As a result, they will be suitable for different needs and requirements. You should think about them all in order to choose the material which you would like the most.</p>\n\n<p style=\"text-align:center;\"><img alt=\"f6\" height=\"375\" src=\"/storage/news/4.jpg\"></p>\n\n<p><br>\n </p>\n\n<hr>\n<h4><strong>Number 4: Consider A Wallet As A Long Term Investment</strong></h4>\n\n<p>Your wallet is indeed an investment that you should consider spending a decent amount of time and effort on it. Another factor that you need to consider is how much you want to spend on your wallet. The price ranges of wallets on the market vary a great deal. You can find a wallet which is as cheap as about 5 to 7 dollars. On the other hand, you should expect to pay around 250 to 300 dollars for a high-quality wallet.</p>\n\n<p>In case you need a wallet to use for a long time, it is a good idea that you should invest a decent amount of money on a wallet. A high quality wallet from a reputational brand with the premium quality such as cowhide leather will last for a long time. In addition, it is an accessory to show off your fashion sense and your social status.</p>\n\n<p style=\"text-align:center;\"><img alt=\"f2\" height=\"400\" src=\"/storage/news/5.jpg\"></p>\n\n<p> </p>\n','published',1,'Botble\\ACL\\Models\\User',1,'news/2.jpg',2119,NULL,'2023-01-02 21:22:36','2023-01-02 21:22:36'),(3,'The Top 2020 Handbag Trends to Know','You should pay more attention when you choose your wallets. There are a lot of them on the market with the different designs and styles. When you choose carefully, you would be able to buy a wallet that is catered to your needs. Not to mention that it will help to enhance your style significantly.','<p>I have seen many people underestimating the power of their wallets. To them, they are just a functional item they use to carry. As a result, they often end up with the wallets which are not really suitable for them.</p>\n\n<p>You should pay more attention when you choose your wallets. There are a lot of them on the market with the different designs and styles. When you choose carefully, you would be able to buy a wallet that is catered to your needs. Not to mention that it will help to enhance your style significantly.</p>\n\n<p style=\"text-align:center;\"><img alt=\"f4\" src=\"/storage/news/1.jpg\"></p>\n\n<p><br>\n </p>\n\n\n\n<p><strong><em>For all of the reason above, here are 7 expert tips to help you pick up the right men’s wallet for you:</em></strong></p>\n\n<h4><strong>Number 1: Choose A Neat Wallet</strong></h4>\n\n<p>The wallet is an essential accessory that you should go simple. Simplicity is the best in this case. A simple and neat wallet with the plain color and even <strong>minimalist style</strong> is versatile. It can be used for both formal and casual events. In addition, that wallet will go well with most of the clothes in your wardrobe.</p>\n\n<p>Keep in mind that a wallet will tell other people about your personality and your fashion sense as much as other clothes you put on. Hence, don’t go cheesy on your wallet or else people will think that you have a funny and particular style.</p>\n\n<p style=\"text-align:center;\"><img alt=\"f5\" src=\"/storage/news/2.jpg\"></p>\n\n<p><br>\n </p>\n<hr>\n<h4><strong>Number 2: Choose The Right Size For Your Wallet</strong></h4>\n\n<p>You should avoid having an over-sized wallet. Don’t think that you need to buy a big wallet because you have a lot to carry with you. In addition, a fat wallet is very ugly. It will make it harder for you to slide the wallet into your trousers’ pocket. In addition, it will create a bulge and ruin your look.</p>\n\n<p>Before you go on to buy a new wallet, clean out your wallet and place all of the items from your wallet on a table. Throw away things that you would never need any more such as the old bills or the expired gift cards. Remember to check your wallet on a frequent basis to get rid of all of the old stuff that you don’t need anymore.</p>\n\n<p style=\"text-align:center;\"><img alt=\"f1\" src=\"/storage/news/3.jpg\"></p>\n\n<p><br>\n </p>\n\n<hr>\n<h4><strong>Number 3: Don’t Limit Your Options Of Materials</strong></h4>\n\n<p>The types and designs of wallets are not the only things that you should consider when you go out searching for your best wallet. You have more than 1 option of material rather than leather to choose from as well.</p>\n\n<p>You can experiment with other available options such as cotton, polyester and canvas. They all have their own pros and cons. As a result, they will be suitable for different needs and requirements. You should think about them all in order to choose the material which you would like the most.</p>\n\n<p style=\"text-align:center;\"><img alt=\"f6\" height=\"375\" src=\"/storage/news/4.jpg\"></p>\n\n<p><br>\n </p>\n\n<hr>\n<h4><strong>Number 4: Consider A Wallet As A Long Term Investment</strong></h4>\n\n<p>Your wallet is indeed an investment that you should consider spending a decent amount of time and effort on it. Another factor that you need to consider is how much you want to spend on your wallet. The price ranges of wallets on the market vary a great deal. You can find a wallet which is as cheap as about 5 to 7 dollars. On the other hand, you should expect to pay around 250 to 300 dollars for a high-quality wallet.</p>\n\n<p>In case you need a wallet to use for a long time, it is a good idea that you should invest a decent amount of money on a wallet. A high quality wallet from a reputational brand with the premium quality such as cowhide leather will last for a long time. In addition, it is an accessory to show off your fashion sense and your social status.</p>\n\n<p style=\"text-align:center;\"><img alt=\"f2\" height=\"400\" src=\"/storage/news/5.jpg\"></p>\n\n<p> </p>\n','published',1,'Botble\\ACL\\Models\\User',1,'news/3.jpg',1718,NULL,'2023-01-02 21:22:36','2023-01-02 21:22:36'),(4,'How to Match the Color of Your Handbag With an Outfit','You should pay more attention when you choose your wallets. There are a lot of them on the market with the different designs and styles. When you choose carefully, you would be able to buy a wallet that is catered to your needs. Not to mention that it will help to enhance your style significantly.','<p>I have seen many people underestimating the power of their wallets. To them, they are just a functional item they use to carry. As a result, they often end up with the wallets which are not really suitable for them.</p>\n\n<p>You should pay more attention when you choose your wallets. There are a lot of them on the market with the different designs and styles. When you choose carefully, you would be able to buy a wallet that is catered to your needs. Not to mention that it will help to enhance your style significantly.</p>\n\n<p style=\"text-align:center;\"><img alt=\"f4\" src=\"/storage/news/1.jpg\"></p>\n\n<p><br>\n </p>\n\n[featured-products title=\"Shop The Look\" limit=\"6\"][/featured-products]\n\n<p><strong><em>For all of the reason above, here are 7 expert tips to help you pick up the right men’s wallet for you:</em></strong></p>\n\n<h4><strong>Number 1: Choose A Neat Wallet</strong></h4>\n\n<p>The wallet is an essential accessory that you should go simple. Simplicity is the best in this case. A simple and neat wallet with the plain color and even <strong>minimalist style</strong> is versatile. It can be used for both formal and casual events. In addition, that wallet will go well with most of the clothes in your wardrobe.</p>\n\n<p>Keep in mind that a wallet will tell other people about your personality and your fashion sense as much as other clothes you put on. Hence, don’t go cheesy on your wallet or else people will think that you have a funny and particular style.</p>\n\n<p style=\"text-align:center;\"><img alt=\"f5\" src=\"/storage/news/2.jpg\"></p>\n\n<p><br>\n </p>\n<hr>\n<h4><strong>Number 2: Choose The Right Size For Your Wallet</strong></h4>\n\n<p>You should avoid having an over-sized wallet. Don’t think that you need to buy a big wallet because you have a lot to carry with you. In addition, a fat wallet is very ugly. It will make it harder for you to slide the wallet into your trousers’ pocket. In addition, it will create a bulge and ruin your look.</p>\n\n<p>Before you go on to buy a new wallet, clean out your wallet and place all of the items from your wallet on a table. Throw away things that you would never need any more such as the old bills or the expired gift cards. Remember to check your wallet on a frequent basis to get rid of all of the old stuff that you don’t need anymore.</p>\n\n<p style=\"text-align:center;\"><img alt=\"f1\" src=\"/storage/news/3.jpg\"></p>\n\n<p><br>\n </p>\n\n<hr>\n<h4><strong>Number 3: Don’t Limit Your Options Of Materials</strong></h4>\n\n<p>The types and designs of wallets are not the only things that you should consider when you go out searching for your best wallet. You have more than 1 option of material rather than leather to choose from as well.</p>\n\n<p>You can experiment with other available options such as cotton, polyester and canvas. They all have their own pros and cons. As a result, they will be suitable for different needs and requirements. You should think about them all in order to choose the material which you would like the most.</p>\n\n<p style=\"text-align:center;\"><img alt=\"f6\" height=\"375\" src=\"/storage/news/4.jpg\"></p>\n\n<p><br>\n </p>\n\n<hr>\n<h4><strong>Number 4: Consider A Wallet As A Long Term Investment</strong></h4>\n\n<p>Your wallet is indeed an investment that you should consider spending a decent amount of time and effort on it. Another factor that you need to consider is how much you want to spend on your wallet. The price ranges of wallets on the market vary a great deal. You can find a wallet which is as cheap as about 5 to 7 dollars. On the other hand, you should expect to pay around 250 to 300 dollars for a high-quality wallet.</p>\n\n<p>In case you need a wallet to use for a long time, it is a good idea that you should invest a decent amount of money on a wallet. A high quality wallet from a reputational brand with the premium quality such as cowhide leather will last for a long time. In addition, it is an accessory to show off your fashion sense and your social status.</p>\n\n<p style=\"text-align:center;\"><img alt=\"f2\" height=\"400\" src=\"/storage/news/5.jpg\"></p>\n\n<p> </p>\n','published',1,'Botble\\ACL\\Models\\User',1,'news/4.jpg',1584,NULL,'2023-01-02 21:22:36','2023-01-02 21:22:36'),(5,'How to Care for Leather Bags','You should pay more attention when you choose your wallets. There are a lot of them on the market with the different designs and styles. When you choose carefully, you would be able to buy a wallet that is catered to your needs. Not to mention that it will help to enhance your style significantly.','<p>I have seen many people underestimating the power of their wallets. To them, they are just a functional item they use to carry. As a result, they often end up with the wallets which are not really suitable for them.</p>\n\n<p>You should pay more attention when you choose your wallets. There are a lot of them on the market with the different designs and styles. When you choose carefully, you would be able to buy a wallet that is catered to your needs. Not to mention that it will help to enhance your style significantly.</p>\n\n<p style=\"text-align:center;\"><img alt=\"f4\" src=\"/storage/news/1.jpg\"></p>\n\n<p><br>\n </p>\n\n\n\n<p><strong><em>For all of the reason above, here are 7 expert tips to help you pick up the right men’s wallet for you:</em></strong></p>\n\n<h4><strong>Number 1: Choose A Neat Wallet</strong></h4>\n\n<p>The wallet is an essential accessory that you should go simple. Simplicity is the best in this case. A simple and neat wallet with the plain color and even <strong>minimalist style</strong> is versatile. It can be used for both formal and casual events. In addition, that wallet will go well with most of the clothes in your wardrobe.</p>\n\n<p>Keep in mind that a wallet will tell other people about your personality and your fashion sense as much as other clothes you put on. Hence, don’t go cheesy on your wallet or else people will think that you have a funny and particular style.</p>\n\n<p style=\"text-align:center;\"><img alt=\"f5\" src=\"/storage/news/2.jpg\"></p>\n\n<p><br>\n </p>\n<hr>\n<h4><strong>Number 2: Choose The Right Size For Your Wallet</strong></h4>\n\n<p>You should avoid having an over-sized wallet. Don’t think that you need to buy a big wallet because you have a lot to carry with you. In addition, a fat wallet is very ugly. It will make it harder for you to slide the wallet into your trousers’ pocket. In addition, it will create a bulge and ruin your look.</p>\n\n<p>Before you go on to buy a new wallet, clean out your wallet and place all of the items from your wallet on a table. Throw away things that you would never need any more such as the old bills or the expired gift cards. Remember to check your wallet on a frequent basis to get rid of all of the old stuff that you don’t need anymore.</p>\n\n<p style=\"text-align:center;\"><img alt=\"f1\" src=\"/storage/news/3.jpg\"></p>\n\n<p><br>\n </p>\n\n<hr>\n<h4><strong>Number 3: Don’t Limit Your Options Of Materials</strong></h4>\n\n<p>The types and designs of wallets are not the only things that you should consider when you go out searching for your best wallet. You have more than 1 option of material rather than leather to choose from as well.</p>\n\n<p>You can experiment with other available options such as cotton, polyester and canvas. They all have their own pros and cons. As a result, they will be suitable for different needs and requirements. You should think about them all in order to choose the material which you would like the most.</p>\n\n<p style=\"text-align:center;\"><img alt=\"f6\" height=\"375\" src=\"/storage/news/4.jpg\"></p>\n\n<p><br>\n </p>\n\n<hr>\n<h4><strong>Number 4: Consider A Wallet As A Long Term Investment</strong></h4>\n\n<p>Your wallet is indeed an investment that you should consider spending a decent amount of time and effort on it. Another factor that you need to consider is how much you want to spend on your wallet. The price ranges of wallets on the market vary a great deal. You can find a wallet which is as cheap as about 5 to 7 dollars. On the other hand, you should expect to pay around 250 to 300 dollars for a high-quality wallet.</p>\n\n<p>In case you need a wallet to use for a long time, it is a good idea that you should invest a decent amount of money on a wallet. A high quality wallet from a reputational brand with the premium quality such as cowhide leather will last for a long time. In addition, it is an accessory to show off your fashion sense and your social status.</p>\n\n<p style=\"text-align:center;\"><img alt=\"f2\" height=\"400\" src=\"/storage/news/5.jpg\"></p>\n\n<p> </p>\n','published',1,'Botble\\ACL\\Models\\User',1,'news/5.jpg',1995,NULL,'2023-01-02 21:22:36','2023-01-02 21:22:36'),(6,'We\'re Crushing Hard on Summer\'s 10 Biggest Bag Trends','You should pay more attention when you choose your wallets. There are a lot of them on the market with the different designs and styles. When you choose carefully, you would be able to buy a wallet that is catered to your needs. Not to mention that it will help to enhance your style significantly.','<p>I have seen many people underestimating the power of their wallets. To them, they are just a functional item they use to carry. As a result, they often end up with the wallets which are not really suitable for them.</p>\n\n<p>You should pay more attention when you choose your wallets. There are a lot of them on the market with the different designs and styles. When you choose carefully, you would be able to buy a wallet that is catered to your needs. Not to mention that it will help to enhance your style significantly.</p>\n\n<p style=\"text-align:center;\"><img alt=\"f4\" src=\"/storage/news/1.jpg\"></p>\n\n<p><br>\n </p>\n\n\n\n<p><strong><em>For all of the reason above, here are 7 expert tips to help you pick up the right men’s wallet for you:</em></strong></p>\n\n<h4><strong>Number 1: Choose A Neat Wallet</strong></h4>\n\n<p>The wallet is an essential accessory that you should go simple. Simplicity is the best in this case. A simple and neat wallet with the plain color and even <strong>minimalist style</strong> is versatile. It can be used for both formal and casual events. In addition, that wallet will go well with most of the clothes in your wardrobe.</p>\n\n<p>Keep in mind that a wallet will tell other people about your personality and your fashion sense as much as other clothes you put on. Hence, don’t go cheesy on your wallet or else people will think that you have a funny and particular style.</p>\n\n<p style=\"text-align:center;\"><img alt=\"f5\" src=\"/storage/news/2.jpg\"></p>\n\n<p><br>\n </p>\n<hr>\n<h4><strong>Number 2: Choose The Right Size For Your Wallet</strong></h4>\n\n<p>You should avoid having an over-sized wallet. Don’t think that you need to buy a big wallet because you have a lot to carry with you. In addition, a fat wallet is very ugly. It will make it harder for you to slide the wallet into your trousers’ pocket. In addition, it will create a bulge and ruin your look.</p>\n\n<p>Before you go on to buy a new wallet, clean out your wallet and place all of the items from your wallet on a table. Throw away things that you would never need any more such as the old bills or the expired gift cards. Remember to check your wallet on a frequent basis to get rid of all of the old stuff that you don’t need anymore.</p>\n\n<p style=\"text-align:center;\"><img alt=\"f1\" src=\"/storage/news/3.jpg\"></p>\n\n<p><br>\n </p>\n\n<hr>\n<h4><strong>Number 3: Don’t Limit Your Options Of Materials</strong></h4>\n\n<p>The types and designs of wallets are not the only things that you should consider when you go out searching for your best wallet. You have more than 1 option of material rather than leather to choose from as well.</p>\n\n<p>You can experiment with other available options such as cotton, polyester and canvas. They all have their own pros and cons. As a result, they will be suitable for different needs and requirements. You should think about them all in order to choose the material which you would like the most.</p>\n\n<p style=\"text-align:center;\"><img alt=\"f6\" height=\"375\" src=\"/storage/news/4.jpg\"></p>\n\n<p><br>\n </p>\n\n<hr>\n<h4><strong>Number 4: Consider A Wallet As A Long Term Investment</strong></h4>\n\n<p>Your wallet is indeed an investment that you should consider spending a decent amount of time and effort on it. Another factor that you need to consider is how much you want to spend on your wallet. The price ranges of wallets on the market vary a great deal. You can find a wallet which is as cheap as about 5 to 7 dollars. On the other hand, you should expect to pay around 250 to 300 dollars for a high-quality wallet.</p>\n\n<p>In case you need a wallet to use for a long time, it is a good idea that you should invest a decent amount of money on a wallet. A high quality wallet from a reputational brand with the premium quality such as cowhide leather will last for a long time. In addition, it is an accessory to show off your fashion sense and your social status.</p>\n\n<p style=\"text-align:center;\"><img alt=\"f2\" height=\"400\" src=\"/storage/news/5.jpg\"></p>\n\n<p> </p>\n','published',1,'Botble\\ACL\\Models\\User',1,'news/6.jpg',1457,NULL,'2023-01-02 21:22:36','2023-01-02 21:22:36'),(7,'Essential Qualities of Highly Successful Music','You should pay more attention when you choose your wallets. There are a lot of them on the market with the different designs and styles. When you choose carefully, you would be able to buy a wallet that is catered to your needs. Not to mention that it will help to enhance your style significantly.','<p>I have seen many people underestimating the power of their wallets. To them, they are just a functional item they use to carry. As a result, they often end up with the wallets which are not really suitable for them.</p>\n\n<p>You should pay more attention when you choose your wallets. There are a lot of them on the market with the different designs and styles. When you choose carefully, you would be able to buy a wallet that is catered to your needs. Not to mention that it will help to enhance your style significantly.</p>\n\n<p style=\"text-align:center;\"><img alt=\"f4\" src=\"/storage/news/1.jpg\"></p>\n\n<p><br>\n </p>\n\n\n\n<p><strong><em>For all of the reason above, here are 7 expert tips to help you pick up the right men’s wallet for you:</em></strong></p>\n\n<h4><strong>Number 1: Choose A Neat Wallet</strong></h4>\n\n<p>The wallet is an essential accessory that you should go simple. Simplicity is the best in this case. A simple and neat wallet with the plain color and even <strong>minimalist style</strong> is versatile. It can be used for both formal and casual events. In addition, that wallet will go well with most of the clothes in your wardrobe.</p>\n\n<p>Keep in mind that a wallet will tell other people about your personality and your fashion sense as much as other clothes you put on. Hence, don’t go cheesy on your wallet or else people will think that you have a funny and particular style.</p>\n\n<p style=\"text-align:center;\"><img alt=\"f5\" src=\"/storage/news/2.jpg\"></p>\n\n<p><br>\n </p>\n<hr>\n<h4><strong>Number 2: Choose The Right Size For Your Wallet</strong></h4>\n\n<p>You should avoid having an over-sized wallet. Don’t think that you need to buy a big wallet because you have a lot to carry with you. In addition, a fat wallet is very ugly. It will make it harder for you to slide the wallet into your trousers’ pocket. In addition, it will create a bulge and ruin your look.</p>\n\n<p>Before you go on to buy a new wallet, clean out your wallet and place all of the items from your wallet on a table. Throw away things that you would never need any more such as the old bills or the expired gift cards. Remember to check your wallet on a frequent basis to get rid of all of the old stuff that you don’t need anymore.</p>\n\n<p style=\"text-align:center;\"><img alt=\"f1\" src=\"/storage/news/3.jpg\"></p>\n\n<p><br>\n </p>\n\n<hr>\n<h4><strong>Number 3: Don’t Limit Your Options Of Materials</strong></h4>\n\n<p>The types and designs of wallets are not the only things that you should consider when you go out searching for your best wallet. You have more than 1 option of material rather than leather to choose from as well.</p>\n\n<p>You can experiment with other available options such as cotton, polyester and canvas. They all have their own pros and cons. As a result, they will be suitable for different needs and requirements. You should think about them all in order to choose the material which you would like the most.</p>\n\n<p style=\"text-align:center;\"><img alt=\"f6\" height=\"375\" src=\"/storage/news/4.jpg\"></p>\n\n<p><br>\n </p>\n\n<hr>\n<h4><strong>Number 4: Consider A Wallet As A Long Term Investment</strong></h4>\n\n<p>Your wallet is indeed an investment that you should consider spending a decent amount of time and effort on it. Another factor that you need to consider is how much you want to spend on your wallet. The price ranges of wallets on the market vary a great deal. You can find a wallet which is as cheap as about 5 to 7 dollars. On the other hand, you should expect to pay around 250 to 300 dollars for a high-quality wallet.</p>\n\n<p>In case you need a wallet to use for a long time, it is a good idea that you should invest a decent amount of money on a wallet. A high quality wallet from a reputational brand with the premium quality such as cowhide leather will last for a long time. In addition, it is an accessory to show off your fashion sense and your social status.</p>\n\n<p style=\"text-align:center;\"><img alt=\"f2\" height=\"400\" src=\"/storage/news/5.jpg\"></p>\n\n<p> </p>\n','published',1,'Botble\\ACL\\Models\\User',1,'news/7.jpg',186,NULL,'2023-01-02 21:22:36','2023-01-02 21:22:36'),(8,'9 Things I Love About Shaving My Head','You should pay more attention when you choose your wallets. There are a lot of them on the market with the different designs and styles. When you choose carefully, you would be able to buy a wallet that is catered to your needs. Not to mention that it will help to enhance your style significantly.','<p>I have seen many people underestimating the power of their wallets. To them, they are just a functional item they use to carry. As a result, they often end up with the wallets which are not really suitable for them.</p>\n\n<p>You should pay more attention when you choose your wallets. There are a lot of them on the market with the different designs and styles. When you choose carefully, you would be able to buy a wallet that is catered to your needs. Not to mention that it will help to enhance your style significantly.</p>\n\n<p style=\"text-align:center;\"><img alt=\"f4\" src=\"/storage/news/1.jpg\"></p>\n\n<p><br>\n </p>\n\n\n\n<p><strong><em>For all of the reason above, here are 7 expert tips to help you pick up the right men’s wallet for you:</em></strong></p>\n\n<h4><strong>Number 1: Choose A Neat Wallet</strong></h4>\n\n<p>The wallet is an essential accessory that you should go simple. Simplicity is the best in this case. A simple and neat wallet with the plain color and even <strong>minimalist style</strong> is versatile. It can be used for both formal and casual events. In addition, that wallet will go well with most of the clothes in your wardrobe.</p>\n\n<p>Keep in mind that a wallet will tell other people about your personality and your fashion sense as much as other clothes you put on. Hence, don’t go cheesy on your wallet or else people will think that you have a funny and particular style.</p>\n\n<p style=\"text-align:center;\"><img alt=\"f5\" src=\"/storage/news/2.jpg\"></p>\n\n<p><br>\n </p>\n<hr>\n<h4><strong>Number 2: Choose The Right Size For Your Wallet</strong></h4>\n\n<p>You should avoid having an over-sized wallet. Don’t think that you need to buy a big wallet because you have a lot to carry with you. In addition, a fat wallet is very ugly. It will make it harder for you to slide the wallet into your trousers’ pocket. In addition, it will create a bulge and ruin your look.</p>\n\n<p>Before you go on to buy a new wallet, clean out your wallet and place all of the items from your wallet on a table. Throw away things that you would never need any more such as the old bills or the expired gift cards. Remember to check your wallet on a frequent basis to get rid of all of the old stuff that you don’t need anymore.</p>\n\n<p style=\"text-align:center;\"><img alt=\"f1\" src=\"/storage/news/3.jpg\"></p>\n\n<p><br>\n </p>\n\n<hr>\n<h4><strong>Number 3: Don’t Limit Your Options Of Materials</strong></h4>\n\n<p>The types and designs of wallets are not the only things that you should consider when you go out searching for your best wallet. You have more than 1 option of material rather than leather to choose from as well.</p>\n\n<p>You can experiment with other available options such as cotton, polyester and canvas. They all have their own pros and cons. As a result, they will be suitable for different needs and requirements. You should think about them all in order to choose the material which you would like the most.</p>\n\n<p style=\"text-align:center;\"><img alt=\"f6\" height=\"375\" src=\"/storage/news/4.jpg\"></p>\n\n<p><br>\n </p>\n\n<hr>\n<h4><strong>Number 4: Consider A Wallet As A Long Term Investment</strong></h4>\n\n<p>Your wallet is indeed an investment that you should consider spending a decent amount of time and effort on it. Another factor that you need to consider is how much you want to spend on your wallet. The price ranges of wallets on the market vary a great deal. You can find a wallet which is as cheap as about 5 to 7 dollars. On the other hand, you should expect to pay around 250 to 300 dollars for a high-quality wallet.</p>\n\n<p>In case you need a wallet to use for a long time, it is a good idea that you should invest a decent amount of money on a wallet. A high quality wallet from a reputational brand with the premium quality such as cowhide leather will last for a long time. In addition, it is an accessory to show off your fashion sense and your social status.</p>\n\n<p style=\"text-align:center;\"><img alt=\"f2\" height=\"400\" src=\"/storage/news/5.jpg\"></p>\n\n<p> </p>\n','published',1,'Botble\\ACL\\Models\\User',1,'news/8.jpg',1520,NULL,'2023-01-02 21:22:36','2023-01-02 21:22:36'),(9,'Why Teamwork Really Makes The Dream Work','You should pay more attention when you choose your wallets. There are a lot of them on the market with the different designs and styles. When you choose carefully, you would be able to buy a wallet that is catered to your needs. Not to mention that it will help to enhance your style significantly.','<p>I have seen many people underestimating the power of their wallets. To them, they are just a functional item they use to carry. As a result, they often end up with the wallets which are not really suitable for them.</p>\n\n<p>You should pay more attention when you choose your wallets. There are a lot of them on the market with the different designs and styles. When you choose carefully, you would be able to buy a wallet that is catered to your needs. Not to mention that it will help to enhance your style significantly.</p>\n\n<p style=\"text-align:center;\"><img alt=\"f4\" src=\"/storage/news/1.jpg\"></p>\n\n<p><br>\n </p>\n\n\n\n<p><strong><em>For all of the reason above, here are 7 expert tips to help you pick up the right men’s wallet for you:</em></strong></p>\n\n<h4><strong>Number 1: Choose A Neat Wallet</strong></h4>\n\n<p>The wallet is an essential accessory that you should go simple. Simplicity is the best in this case. A simple and neat wallet with the plain color and even <strong>minimalist style</strong> is versatile. It can be used for both formal and casual events. In addition, that wallet will go well with most of the clothes in your wardrobe.</p>\n\n<p>Keep in mind that a wallet will tell other people about your personality and your fashion sense as much as other clothes you put on. Hence, don’t go cheesy on your wallet or else people will think that you have a funny and particular style.</p>\n\n<p style=\"text-align:center;\"><img alt=\"f5\" src=\"/storage/news/2.jpg\"></p>\n\n<p><br>\n </p>\n<hr>\n<h4><strong>Number 2: Choose The Right Size For Your Wallet</strong></h4>\n\n<p>You should avoid having an over-sized wallet. Don’t think that you need to buy a big wallet because you have a lot to carry with you. In addition, a fat wallet is very ugly. It will make it harder for you to slide the wallet into your trousers’ pocket. In addition, it will create a bulge and ruin your look.</p>\n\n<p>Before you go on to buy a new wallet, clean out your wallet and place all of the items from your wallet on a table. Throw away things that you would never need any more such as the old bills or the expired gift cards. Remember to check your wallet on a frequent basis to get rid of all of the old stuff that you don’t need anymore.</p>\n\n<p style=\"text-align:center;\"><img alt=\"f1\" src=\"/storage/news/3.jpg\"></p>\n\n<p><br>\n </p>\n\n<hr>\n<h4><strong>Number 3: Don’t Limit Your Options Of Materials</strong></h4>\n\n<p>The types and designs of wallets are not the only things that you should consider when you go out searching for your best wallet. You have more than 1 option of material rather than leather to choose from as well.</p>\n\n<p>You can experiment with other available options such as cotton, polyester and canvas. They all have their own pros and cons. As a result, they will be suitable for different needs and requirements. You should think about them all in order to choose the material which you would like the most.</p>\n\n<p style=\"text-align:center;\"><img alt=\"f6\" height=\"375\" src=\"/storage/news/4.jpg\"></p>\n\n<p><br>\n </p>\n\n<hr>\n<h4><strong>Number 4: Consider A Wallet As A Long Term Investment</strong></h4>\n\n<p>Your wallet is indeed an investment that you should consider spending a decent amount of time and effort on it. Another factor that you need to consider is how much you want to spend on your wallet. The price ranges of wallets on the market vary a great deal. You can find a wallet which is as cheap as about 5 to 7 dollars. On the other hand, you should expect to pay around 250 to 300 dollars for a high-quality wallet.</p>\n\n<p>In case you need a wallet to use for a long time, it is a good idea that you should invest a decent amount of money on a wallet. A high quality wallet from a reputational brand with the premium quality such as cowhide leather will last for a long time. In addition, it is an accessory to show off your fashion sense and your social status.</p>\n\n<p style=\"text-align:center;\"><img alt=\"f2\" height=\"400\" src=\"/storage/news/5.jpg\"></p>\n\n<p> </p>\n','published',1,'Botble\\ACL\\Models\\User',1,'news/9.jpg',778,NULL,'2023-01-02 21:22:36','2023-01-02 21:22:36'),(10,'The World Caters to Average People','You should pay more attention when you choose your wallets. There are a lot of them on the market with the different designs and styles. When you choose carefully, you would be able to buy a wallet that is catered to your needs. Not to mention that it will help to enhance your style significantly.','<p>I have seen many people underestimating the power of their wallets. To them, they are just a functional item they use to carry. As a result, they often end up with the wallets which are not really suitable for them.</p>\n\n<p>You should pay more attention when you choose your wallets. There are a lot of them on the market with the different designs and styles. When you choose carefully, you would be able to buy a wallet that is catered to your needs. Not to mention that it will help to enhance your style significantly.</p>\n\n<p style=\"text-align:center;\"><img alt=\"f4\" src=\"/storage/news/1.jpg\"></p>\n\n<p><br>\n </p>\n\n\n\n<p><strong><em>For all of the reason above, here are 7 expert tips to help you pick up the right men’s wallet for you:</em></strong></p>\n\n<h4><strong>Number 1: Choose A Neat Wallet</strong></h4>\n\n<p>The wallet is an essential accessory that you should go simple. Simplicity is the best in this case. A simple and neat wallet with the plain color and even <strong>minimalist style</strong> is versatile. It can be used for both formal and casual events. In addition, that wallet will go well with most of the clothes in your wardrobe.</p>\n\n<p>Keep in mind that a wallet will tell other people about your personality and your fashion sense as much as other clothes you put on. Hence, don’t go cheesy on your wallet or else people will think that you have a funny and particular style.</p>\n\n<p style=\"text-align:center;\"><img alt=\"f5\" src=\"/storage/news/2.jpg\"></p>\n\n<p><br>\n </p>\n<hr>\n<h4><strong>Number 2: Choose The Right Size For Your Wallet</strong></h4>\n\n<p>You should avoid having an over-sized wallet. Don’t think that you need to buy a big wallet because you have a lot to carry with you. In addition, a fat wallet is very ugly. It will make it harder for you to slide the wallet into your trousers’ pocket. In addition, it will create a bulge and ruin your look.</p>\n\n<p>Before you go on to buy a new wallet, clean out your wallet and place all of the items from your wallet on a table. Throw away things that you would never need any more such as the old bills or the expired gift cards. Remember to check your wallet on a frequent basis to get rid of all of the old stuff that you don’t need anymore.</p>\n\n<p style=\"text-align:center;\"><img alt=\"f1\" src=\"/storage/news/3.jpg\"></p>\n\n<p><br>\n </p>\n\n<hr>\n<h4><strong>Number 3: Don’t Limit Your Options Of Materials</strong></h4>\n\n<p>The types and designs of wallets are not the only things that you should consider when you go out searching for your best wallet. You have more than 1 option of material rather than leather to choose from as well.</p>\n\n<p>You can experiment with other available options such as cotton, polyester and canvas. They all have their own pros and cons. As a result, they will be suitable for different needs and requirements. You should think about them all in order to choose the material which you would like the most.</p>\n\n<p style=\"text-align:center;\"><img alt=\"f6\" height=\"375\" src=\"/storage/news/4.jpg\"></p>\n\n<p><br>\n </p>\n\n<hr>\n<h4><strong>Number 4: Consider A Wallet As A Long Term Investment</strong></h4>\n\n<p>Your wallet is indeed an investment that you should consider spending a decent amount of time and effort on it. Another factor that you need to consider is how much you want to spend on your wallet. The price ranges of wallets on the market vary a great deal. You can find a wallet which is as cheap as about 5 to 7 dollars. On the other hand, you should expect to pay around 250 to 300 dollars for a high-quality wallet.</p>\n\n<p>In case you need a wallet to use for a long time, it is a good idea that you should invest a decent amount of money on a wallet. A high quality wallet from a reputational brand with the premium quality such as cowhide leather will last for a long time. In addition, it is an accessory to show off your fashion sense and your social status.</p>\n\n<p style=\"text-align:center;\"><img alt=\"f2\" height=\"400\" src=\"/storage/news/5.jpg\"></p>\n\n<p> </p>\n','published',1,'Botble\\ACL\\Models\\User',1,'news/10.jpg',2037,NULL,'2023-01-02 21:22:36','2023-01-02 21:22:36'),(11,'The litigants on the screen are not actors','You should pay more attention when you choose your wallets. There are a lot of them on the market with the different designs and styles. When you choose carefully, you would be able to buy a wallet that is catered to your needs. Not to mention that it will help to enhance your style significantly.','<p>I have seen many people underestimating the power of their wallets. To them, they are just a functional item they use to carry. As a result, they often end up with the wallets which are not really suitable for them.</p>\n\n<p>You should pay more attention when you choose your wallets. There are a lot of them on the market with the different designs and styles. When you choose carefully, you would be able to buy a wallet that is catered to your needs. Not to mention that it will help to enhance your style significantly.</p>\n\n<p style=\"text-align:center;\"><img alt=\"f4\" src=\"/storage/news/1.jpg\"></p>\n\n<p><br>\n </p>\n\n\n\n<p><strong><em>For all of the reason above, here are 7 expert tips to help you pick up the right men’s wallet for you:</em></strong></p>\n\n<h4><strong>Number 1: Choose A Neat Wallet</strong></h4>\n\n<p>The wallet is an essential accessory that you should go simple. Simplicity is the best in this case. A simple and neat wallet with the plain color and even <strong>minimalist style</strong> is versatile. It can be used for both formal and casual events. In addition, that wallet will go well with most of the clothes in your wardrobe.</p>\n\n<p>Keep in mind that a wallet will tell other people about your personality and your fashion sense as much as other clothes you put on. Hence, don’t go cheesy on your wallet or else people will think that you have a funny and particular style.</p>\n\n<p style=\"text-align:center;\"><img alt=\"f5\" src=\"/storage/news/2.jpg\"></p>\n\n<p><br>\n </p>\n<hr>\n<h4><strong>Number 2: Choose The Right Size For Your Wallet</strong></h4>\n\n<p>You should avoid having an over-sized wallet. Don’t think that you need to buy a big wallet because you have a lot to carry with you. In addition, a fat wallet is very ugly. It will make it harder for you to slide the wallet into your trousers’ pocket. In addition, it will create a bulge and ruin your look.</p>\n\n<p>Before you go on to buy a new wallet, clean out your wallet and place all of the items from your wallet on a table. Throw away things that you would never need any more such as the old bills or the expired gift cards. Remember to check your wallet on a frequent basis to get rid of all of the old stuff that you don’t need anymore.</p>\n\n<p style=\"text-align:center;\"><img alt=\"f1\" src=\"/storage/news/3.jpg\"></p>\n\n<p><br>\n </p>\n\n<hr>\n<h4><strong>Number 3: Don’t Limit Your Options Of Materials</strong></h4>\n\n<p>The types and designs of wallets are not the only things that you should consider when you go out searching for your best wallet. You have more than 1 option of material rather than leather to choose from as well.</p>\n\n<p>You can experiment with other available options such as cotton, polyester and canvas. They all have their own pros and cons. As a result, they will be suitable for different needs and requirements. You should think about them all in order to choose the material which you would like the most.</p>\n\n<p style=\"text-align:center;\"><img alt=\"f6\" height=\"375\" src=\"/storage/news/4.jpg\"></p>\n\n<p><br>\n </p>\n\n<hr>\n<h4><strong>Number 4: Consider A Wallet As A Long Term Investment</strong></h4>\n\n<p>Your wallet is indeed an investment that you should consider spending a decent amount of time and effort on it. Another factor that you need to consider is how much you want to spend on your wallet. The price ranges of wallets on the market vary a great deal. You can find a wallet which is as cheap as about 5 to 7 dollars. On the other hand, you should expect to pay around 250 to 300 dollars for a high-quality wallet.</p>\n\n<p>In case you need a wallet to use for a long time, it is a good idea that you should invest a decent amount of money on a wallet. A high quality wallet from a reputational brand with the premium quality such as cowhide leather will last for a long time. In addition, it is an accessory to show off your fashion sense and your social status.</p>\n\n<p style=\"text-align:center;\"><img alt=\"f2\" height=\"400\" src=\"/storage/news/5.jpg\"></p>\n\n<p> </p>\n','published',1,'Botble\\ACL\\Models\\User',0,'news/11.jpg',1870,NULL,'2023-01-02 21:22:36','2023-01-02 21:22:36');
/*!40000 ALTER TABLE `posts` ENABLE KEYS */;
UNLOCK TABLES;

--
-- Table structure for table `posts_translations`
--

DROP TABLE IF EXISTS `posts_translations`;
/*!40101 SET @saved_cs_client     = @@character_set_client */;
/*!50503 SET character_set_client = utf8mb4 */;
CREATE TABLE `posts_translations` (
  `lang_code` varchar(191) COLLATE utf8mb4_unicode_ci NOT NULL,
  `posts_id` int NOT NULL,
  `name` varchar(255) COLLATE utf8mb4_unicode_ci DEFAULT NULL,
  `description` varchar(400) COLLATE utf8mb4_unicode_ci DEFAULT NULL,
  `content` longtext COLLATE utf8mb4_unicode_ci,
  PRIMARY KEY (`lang_code`,`posts_id`)
) ENGINE=InnoDB DEFAULT CHARSET=utf8mb4 COLLATE=utf8mb4_unicode_ci;
/*!40101 SET character_set_client = @saved_cs_client */;

--
-- Dumping data for table `posts_translations`
--

LOCK TABLES `posts_translations` WRITE;
/*!40000 ALTER TABLE `posts_translations` DISABLE KEYS */;
INSERT INTO `posts_translations` VALUES ('vi',1,'4 Lời khuyên của Chuyên gia về Cách Chọn Ví Nam Phù hợp','You should pay more attention when you choose your wallets. There are a lot of them on the market with the different designs and styles. When you choose carefully, you would be able to buy a wallet that is catered to your needs. Not to mention that it will help to enhance your style significantly.','<p>I have seen many people underestimating the power of their wallets. To them, they are just a functional item they use to carry. As a result, they often end up with the wallets which are not really suitable for them.</p>\n\n<p>You should pay more attention when you choose your wallets. There are a lot of them on the market with the different designs and styles. When you choose carefully, you would be able to buy a wallet that is catered to your needs. Not to mention that it will help to enhance your style significantly.</p>\n\n<p style=\"text-align:center;\"><img alt=\"f4\" src=\"/storage/news/1.jpg\"></p>\n\n<p><br>\n </p>\n\n\n\n<p><strong><em>For all of the reason above, here are 7 expert tips to help you pick up the right men’s wallet for you:</em></strong></p>\n\n<h4><strong>Number 1: Choose A Neat Wallet</strong></h4>\n\n<p>The wallet is an essential accessory that you should go simple. Simplicity is the best in this case. A simple and neat wallet with the plain color and even <strong>minimalist style</strong> is versatile. It can be used for both formal and casual events. In addition, that wallet will go well with most of the clothes in your wardrobe.</p>\n\n<p>Keep in mind that a wallet will tell other people about your personality and your fashion sense as much as other clothes you put on. Hence, don’t go cheesy on your wallet or else people will think that you have a funny and particular style.</p>\n\n<p style=\"text-align:center;\"><img alt=\"f5\" src=\"/storage/news/2.jpg\"></p>\n\n<p><br>\n </p>\n<hr>\n<h4><strong>Number 2: Choose The Right Size For Your Wallet</strong></h4>\n\n<p>You should avoid having an over-sized wallet. Don’t think that you need to buy a big wallet because you have a lot to carry with you. In addition, a fat wallet is very ugly. It will make it harder for you to slide the wallet into your trousers’ pocket. In addition, it will create a bulge and ruin your look.</p>\n\n<p>Before you go on to buy a new wallet, clean out your wallet and place all of the items from your wallet on a table. Throw away things that you would never need any more such as the old bills or the expired gift cards. Remember to check your wallet on a frequent basis to get rid of all of the old stuff that you don’t need anymore.</p>\n\n<p style=\"text-align:center;\"><img alt=\"f1\" src=\"/storage/news/3.jpg\"></p>\n\n<p><br>\n </p>\n\n<hr>\n<h4><strong>Number 3: Don’t Limit Your Options Of Materials</strong></h4>\n\n<p>The types and designs of wallets are not the only things that you should consider when you go out searching for your best wallet. You have more than 1 option of material rather than leather to choose from as well.</p>\n\n<p>You can experiment with other available options such as cotton, polyester and canvas. They all have their own pros and cons. As a result, they will be suitable for different needs and requirements. You should think about them all in order to choose the material which you would like the most.</p>\n\n<p style=\"text-align:center;\"><img alt=\"f6\" height=\"375\" src=\"/storage/news/4.jpg\"></p>\n\n<p><br>\n </p>\n\n<hr>\n<h4><strong>Number 4: Consider A Wallet As A Long Term Investment</strong></h4>\n\n<p>Your wallet is indeed an investment that you should consider spending a decent amount of time and effort on it. Another factor that you need to consider is how much you want to spend on your wallet. The price ranges of wallets on the market vary a great deal. You can find a wallet which is as cheap as about 5 to 7 dollars. On the other hand, you should expect to pay around 250 to 300 dollars for a high-quality wallet.</p>\n\n<p>In case you need a wallet to use for a long time, it is a good idea that you should invest a decent amount of money on a wallet. A high quality wallet from a reputational brand with the premium quality such as cowhide leather will last for a long time. In addition, it is an accessory to show off your fashion sense and your social status.</p>\n\n<p style=\"text-align:center;\"><img alt=\"f2\" height=\"400\" src=\"/storage/news/5.jpg\"></p>\n\n<p> </p>\n'),('vi',2,'Sexy Clutches: Cách Mua & Đeo Túi Clutch Thiết kế','You should pay more attention when you choose your wallets. There are a lot of them on the market with the different designs and styles. When you choose carefully, you would be able to buy a wallet that is catered to your needs. Not to mention that it will help to enhance your style significantly.','<p>I have seen many people underestimating the power of their wallets. To them, they are just a functional item they use to carry. As a result, they often end up with the wallets which are not really suitable for them.</p>\n\n<p>You should pay more attention when you choose your wallets. There are a lot of them on the market with the different designs and styles. When you choose carefully, you would be able to buy a wallet that is catered to your needs. Not to mention that it will help to enhance your style significantly.</p>\n\n<p style=\"text-align:center;\"><img alt=\"f4\" src=\"/storage/news/1.jpg\"></p>\n\n<p><br>\n </p>\n\n\n\n<p><strong><em>For all of the reason above, here are 7 expert tips to help you pick up the right men’s wallet for you:</em></strong></p>\n\n<h4><strong>Number 1: Choose A Neat Wallet</strong></h4>\n\n<p>The wallet is an essential accessory that you should go simple. Simplicity is the best in this case. A simple and neat wallet with the plain color and even <strong>minimalist style</strong> is versatile. It can be used for both formal and casual events. In addition, that wallet will go well with most of the clothes in your wardrobe.</p>\n\n<p>Keep in mind that a wallet will tell other people about your personality and your fashion sense as much as other clothes you put on. Hence, don’t go cheesy on your wallet or else people will think that you have a funny and particular style.</p>\n\n<p style=\"text-align:center;\"><img alt=\"f5\" src=\"/storage/news/2.jpg\"></p>\n\n<p><br>\n </p>\n<hr>\n<h4><strong>Number 2: Choose The Right Size For Your Wallet</strong></h4>\n\n<p>You should avoid having an over-sized wallet. Don’t think that you need to buy a big wallet because you have a lot to carry with you. In addition, a fat wallet is very ugly. It will make it harder for you to slide the wallet into your trousers’ pocket. In addition, it will create a bulge and ruin your look.</p>\n\n<p>Before you go on to buy a new wallet, clean out your wallet and place all of the items from your wallet on a table. Throw away things that you would never need any more such as the old bills or the expired gift cards. Remember to check your wallet on a frequent basis to get rid of all of the old stuff that you don’t need anymore.</p>\n\n<p style=\"text-align:center;\"><img alt=\"f1\" src=\"/storage/news/3.jpg\"></p>\n\n<p><br>\n </p>\n\n<hr>\n<h4><strong>Number 3: Don’t Limit Your Options Of Materials</strong></h4>\n\n<p>The types and designs of wallets are not the only things that you should consider when you go out searching for your best wallet. You have more than 1 option of material rather than leather to choose from as well.</p>\n\n<p>You can experiment with other available options such as cotton, polyester and canvas. They all have their own pros and cons. As a result, they will be suitable for different needs and requirements. You should think about them all in order to choose the material which you would like the most.</p>\n\n<p style=\"text-align:center;\"><img alt=\"f6\" height=\"375\" src=\"/storage/news/4.jpg\"></p>\n\n<p><br>\n </p>\n\n<hr>\n<h4><strong>Number 4: Consider A Wallet As A Long Term Investment</strong></h4>\n\n<p>Your wallet is indeed an investment that you should consider spending a decent amount of time and effort on it. Another factor that you need to consider is how much you want to spend on your wallet. The price ranges of wallets on the market vary a great deal. You can find a wallet which is as cheap as about 5 to 7 dollars. On the other hand, you should expect to pay around 250 to 300 dollars for a high-quality wallet.</p>\n\n<p>In case you need a wallet to use for a long time, it is a good idea that you should invest a decent amount of money on a wallet. A high quality wallet from a reputational brand with the premium quality such as cowhide leather will last for a long time. In addition, it is an accessory to show off your fashion sense and your social status.</p>\n\n<p style=\"text-align:center;\"><img alt=\"f2\" height=\"400\" src=\"/storage/news/5.jpg\"></p>\n\n<p> </p>\n'),('vi',3,'Xu hướng túi xách hàng đầu năm 2020 cần biết','You should pay more attention when you choose your wallets. There are a lot of them on the market with the different designs and styles. When you choose carefully, you would be able to buy a wallet that is catered to your needs. Not to mention that it will help to enhance your style significantly.','<p>I have seen many people underestimating the power of their wallets. To them, they are just a functional item they use to carry. As a result, they often end up with the wallets which are not really suitable for them.</p>\n\n<p>You should pay more attention when you choose your wallets. There are a lot of them on the market with the different designs and styles. When you choose carefully, you would be able to buy a wallet that is catered to your needs. Not to mention that it will help to enhance your style significantly.</p>\n\n<p style=\"text-align:center;\"><img alt=\"f4\" src=\"/storage/news/1.jpg\"></p>\n\n<p><br>\n </p>\n\n\n\n<p><strong><em>For all of the reason above, here are 7 expert tips to help you pick up the right men’s wallet for you:</em></strong></p>\n\n<h4><strong>Number 1: Choose A Neat Wallet</strong></h4>\n\n<p>The wallet is an essential accessory that you should go simple. Simplicity is the best in this case. A simple and neat wallet with the plain color and even <strong>minimalist style</strong> is versatile. It can be used for both formal and casual events. In addition, that wallet will go well with most of the clothes in your wardrobe.</p>\n\n<p>Keep in mind that a wallet will tell other people about your personality and your fashion sense as much as other clothes you put on. Hence, don’t go cheesy on your wallet or else people will think that you have a funny and particular style.</p>\n\n<p style=\"text-align:center;\"><img alt=\"f5\" src=\"/storage/news/2.jpg\"></p>\n\n<p><br>\n </p>\n<hr>\n<h4><strong>Number 2: Choose The Right Size For Your Wallet</strong></h4>\n\n<p>You should avoid having an over-sized wallet. Don’t think that you need to buy a big wallet because you have a lot to carry with you. In addition, a fat wallet is very ugly. It will make it harder for you to slide the wallet into your trousers’ pocket. In addition, it will create a bulge and ruin your look.</p>\n\n<p>Before you go on to buy a new wallet, clean out your wallet and place all of the items from your wallet on a table. Throw away things that you would never need any more such as the old bills or the expired gift cards. Remember to check your wallet on a frequent basis to get rid of all of the old stuff that you don’t need anymore.</p>\n\n<p style=\"text-align:center;\"><img alt=\"f1\" src=\"/storage/news/3.jpg\"></p>\n\n<p><br>\n </p>\n\n<hr>\n<h4><strong>Number 3: Don’t Limit Your Options Of Materials</strong></h4>\n\n<p>The types and designs of wallets are not the only things that you should consider when you go out searching for your best wallet. You have more than 1 option of material rather than leather to choose from as well.</p>\n\n<p>You can experiment with other available options such as cotton, polyester and canvas. They all have their own pros and cons. As a result, they will be suitable for different needs and requirements. You should think about them all in order to choose the material which you would like the most.</p>\n\n<p style=\"text-align:center;\"><img alt=\"f6\" height=\"375\" src=\"/storage/news/4.jpg\"></p>\n\n<p><br>\n </p>\n\n<hr>\n<h4><strong>Number 4: Consider A Wallet As A Long Term Investment</strong></h4>\n\n<p>Your wallet is indeed an investment that you should consider spending a decent amount of time and effort on it. Another factor that you need to consider is how much you want to spend on your wallet. The price ranges of wallets on the market vary a great deal. You can find a wallet which is as cheap as about 5 to 7 dollars. On the other hand, you should expect to pay around 250 to 300 dollars for a high-quality wallet.</p>\n\n<p>In case you need a wallet to use for a long time, it is a good idea that you should invest a decent amount of money on a wallet. A high quality wallet from a reputational brand with the premium quality such as cowhide leather will last for a long time. In addition, it is an accessory to show off your fashion sense and your social status.</p>\n\n<p style=\"text-align:center;\"><img alt=\"f2\" height=\"400\" src=\"/storage/news/5.jpg\"></p>\n\n<p> </p>\n'),('vi',4,'Cách Phối Màu Túi Xách Của Bạn Với Trang Phục','You should pay more attention when you choose your wallets. There are a lot of them on the market with the different designs and styles. When you choose carefully, you would be able to buy a wallet that is catered to your needs. Not to mention that it will help to enhance your style significantly.','<p>I have seen many people underestimating the power of their wallets. To them, they are just a functional item they use to carry. As a result, they often end up with the wallets which are not really suitable for them.</p>\n\n<p>You should pay more attention when you choose your wallets. There are a lot of them on the market with the different designs and styles. When you choose carefully, you would be able to buy a wallet that is catered to your needs. Not to mention that it will help to enhance your style significantly.</p>\n\n<p style=\"text-align:center;\"><img alt=\"f4\" src=\"/storage/news/1.jpg\"></p>\n\n<p><br>\n </p>\n\n\n\n<p><strong><em>For all of the reason above, here are 7 expert tips to help you pick up the right men’s wallet for you:</em></strong></p>\n\n<h4><strong>Number 1: Choose A Neat Wallet</strong></h4>\n\n<p>The wallet is an essential accessory that you should go simple. Simplicity is the best in this case. A simple and neat wallet with the plain color and even <strong>minimalist style</strong> is versatile. It can be used for both formal and casual events. In addition, that wallet will go well with most of the clothes in your wardrobe.</p>\n\n<p>Keep in mind that a wallet will tell other people about your personality and your fashion sense as much as other clothes you put on. Hence, don’t go cheesy on your wallet or else people will think that you have a funny and particular style.</p>\n\n<p style=\"text-align:center;\"><img alt=\"f5\" src=\"/storage/news/2.jpg\"></p>\n\n<p><br>\n </p>\n<hr>\n<h4><strong>Number 2: Choose The Right Size For Your Wallet</strong></h4>\n\n<p>You should avoid having an over-sized wallet. Don’t think that you need to buy a big wallet because you have a lot to carry with you. In addition, a fat wallet is very ugly. It will make it harder for you to slide the wallet into your trousers’ pocket. In addition, it will create a bulge and ruin your look.</p>\n\n<p>Before you go on to buy a new wallet, clean out your wallet and place all of the items from your wallet on a table. Throw away things that you would never need any more such as the old bills or the expired gift cards. Remember to check your wallet on a frequent basis to get rid of all of the old stuff that you don’t need anymore.</p>\n\n<p style=\"text-align:center;\"><img alt=\"f1\" src=\"/storage/news/3.jpg\"></p>\n\n<p><br>\n </p>\n\n<hr>\n<h4><strong>Number 3: Don’t Limit Your Options Of Materials</strong></h4>\n\n<p>The types and designs of wallets are not the only things that you should consider when you go out searching for your best wallet. You have more than 1 option of material rather than leather to choose from as well.</p>\n\n<p>You can experiment with other available options such as cotton, polyester and canvas. They all have their own pros and cons. As a result, they will be suitable for different needs and requirements. You should think about them all in order to choose the material which you would like the most.</p>\n\n<p style=\"text-align:center;\"><img alt=\"f6\" height=\"375\" src=\"/storage/news/4.jpg\"></p>\n\n<p><br>\n </p>\n\n<hr>\n<h4><strong>Number 4: Consider A Wallet As A Long Term Investment</strong></h4>\n\n<p>Your wallet is indeed an investment that you should consider spending a decent amount of time and effort on it. Another factor that you need to consider is how much you want to spend on your wallet. The price ranges of wallets on the market vary a great deal. You can find a wallet which is as cheap as about 5 to 7 dollars. On the other hand, you should expect to pay around 250 to 300 dollars for a high-quality wallet.</p>\n\n<p>In case you need a wallet to use for a long time, it is a good idea that you should invest a decent amount of money on a wallet. A high quality wallet from a reputational brand with the premium quality such as cowhide leather will last for a long time. In addition, it is an accessory to show off your fashion sense and your social status.</p>\n\n<p style=\"text-align:center;\"><img alt=\"f2\" height=\"400\" src=\"/storage/news/5.jpg\"></p>\n\n<p> </p>\n'),('vi',5,'Cách Chăm sóc Túi Da','You should pay more attention when you choose your wallets. There are a lot of them on the market with the different designs and styles. When you choose carefully, you would be able to buy a wallet that is catered to your needs. Not to mention that it will help to enhance your style significantly.','<p>I have seen many people underestimating the power of their wallets. To them, they are just a functional item they use to carry. As a result, they often end up with the wallets which are not really suitable for them.</p>\n\n<p>You should pay more attention when you choose your wallets. There are a lot of them on the market with the different designs and styles. When you choose carefully, you would be able to buy a wallet that is catered to your needs. Not to mention that it will help to enhance your style significantly.</p>\n\n<p style=\"text-align:center;\"><img alt=\"f4\" src=\"/storage/news/1.jpg\"></p>\n\n<p><br>\n </p>\n\n\n\n<p><strong><em>For all of the reason above, here are 7 expert tips to help you pick up the right men’s wallet for you:</em></strong></p>\n\n<h4><strong>Number 1: Choose A Neat Wallet</strong></h4>\n\n<p>The wallet is an essential accessory that you should go simple. Simplicity is the best in this case. A simple and neat wallet with the plain color and even <strong>minimalist style</strong> is versatile. It can be used for both formal and casual events. In addition, that wallet will go well with most of the clothes in your wardrobe.</p>\n\n<p>Keep in mind that a wallet will tell other people about your personality and your fashion sense as much as other clothes you put on. Hence, don’t go cheesy on your wallet or else people will think that you have a funny and particular style.</p>\n\n<p style=\"text-align:center;\"><img alt=\"f5\" src=\"/storage/news/2.jpg\"></p>\n\n<p><br>\n </p>\n<hr>\n<h4><strong>Number 2: Choose The Right Size For Your Wallet</strong></h4>\n\n<p>You should avoid having an over-sized wallet. Don’t think that you need to buy a big wallet because you have a lot to carry with you. In addition, a fat wallet is very ugly. It will make it harder for you to slide the wallet into your trousers’ pocket. In addition, it will create a bulge and ruin your look.</p>\n\n<p>Before you go on to buy a new wallet, clean out your wallet and place all of the items from your wallet on a table. Throw away things that you would never need any more such as the old bills or the expired gift cards. Remember to check your wallet on a frequent basis to get rid of all of the old stuff that you don’t need anymore.</p>\n\n<p style=\"text-align:center;\"><img alt=\"f1\" src=\"/storage/news/3.jpg\"></p>\n\n<p><br>\n </p>\n\n<hr>\n<h4><strong>Number 3: Don’t Limit Your Options Of Materials</strong></h4>\n\n<p>The types and designs of wallets are not the only things that you should consider when you go out searching for your best wallet. You have more than 1 option of material rather than leather to choose from as well.</p>\n\n<p>You can experiment with other available options such as cotton, polyester and canvas. They all have their own pros and cons. As a result, they will be suitable for different needs and requirements. You should think about them all in order to choose the material which you would like the most.</p>\n\n<p style=\"text-align:center;\"><img alt=\"f6\" height=\"375\" src=\"/storage/news/4.jpg\"></p>\n\n<p><br>\n </p>\n\n<hr>\n<h4><strong>Number 4: Consider A Wallet As A Long Term Investment</strong></h4>\n\n<p>Your wallet is indeed an investment that you should consider spending a decent amount of time and effort on it. Another factor that you need to consider is how much you want to spend on your wallet. The price ranges of wallets on the market vary a great deal. You can find a wallet which is as cheap as about 5 to 7 dollars. On the other hand, you should expect to pay around 250 to 300 dollars for a high-quality wallet.</p>\n\n<p>In case you need a wallet to use for a long time, it is a good idea that you should invest a decent amount of money on a wallet. A high quality wallet from a reputational brand with the premium quality such as cowhide leather will last for a long time. In addition, it is an accessory to show off your fashion sense and your social status.</p>\n\n<p style=\"text-align:center;\"><img alt=\"f2\" height=\"400\" src=\"/storage/news/5.jpg\"></p>\n\n<p> </p>\n'),('vi',6,'Chúng tôi đang nghiền ngẫm 10 xu hướng túi lớn nhất của mùa hè','You should pay more attention when you choose your wallets. There are a lot of them on the market with the different designs and styles. When you choose carefully, you would be able to buy a wallet that is catered to your needs. Not to mention that it will help to enhance your style significantly.','<p>I have seen many people underestimating the power of their wallets. To them, they are just a functional item they use to carry. As a result, they often end up with the wallets which are not really suitable for them.</p>\n\n<p>You should pay more attention when you choose your wallets. There are a lot of them on the market with the different designs and styles. When you choose carefully, you would be able to buy a wallet that is catered to your needs. Not to mention that it will help to enhance your style significantly.</p>\n\n<p style=\"text-align:center;\"><img alt=\"f4\" src=\"/storage/news/1.jpg\"></p>\n\n<p><br>\n </p>\n\n\n\n<p><strong><em>For all of the reason above, here are 7 expert tips to help you pick up the right men’s wallet for you:</em></strong></p>\n\n<h4><strong>Number 1: Choose A Neat Wallet</strong></h4>\n\n<p>The wallet is an essential accessory that you should go simple. Simplicity is the best in this case. A simple and neat wallet with the plain color and even <strong>minimalist style</strong> is versatile. It can be used for both formal and casual events. In addition, that wallet will go well with most of the clothes in your wardrobe.</p>\n\n<p>Keep in mind that a wallet will tell other people about your personality and your fashion sense as much as other clothes you put on. Hence, don’t go cheesy on your wallet or else people will think that you have a funny and particular style.</p>\n\n<p style=\"text-align:center;\"><img alt=\"f5\" src=\"/storage/news/2.jpg\"></p>\n\n<p><br>\n </p>\n<hr>\n<h4><strong>Number 2: Choose The Right Size For Your Wallet</strong></h4>\n\n<p>You should avoid having an over-sized wallet. Don’t think that you need to buy a big wallet because you have a lot to carry with you. In addition, a fat wallet is very ugly. It will make it harder for you to slide the wallet into your trousers’ pocket. In addition, it will create a bulge and ruin your look.</p>\n\n<p>Before you go on to buy a new wallet, clean out your wallet and place all of the items from your wallet on a table. Throw away things that you would never need any more such as the old bills or the expired gift cards. Remember to check your wallet on a frequent basis to get rid of all of the old stuff that you don’t need anymore.</p>\n\n<p style=\"text-align:center;\"><img alt=\"f1\" src=\"/storage/news/3.jpg\"></p>\n\n<p><br>\n </p>\n\n<hr>\n<h4><strong>Number 3: Don’t Limit Your Options Of Materials</strong></h4>\n\n<p>The types and designs of wallets are not the only things that you should consider when you go out searching for your best wallet. You have more than 1 option of material rather than leather to choose from as well.</p>\n\n<p>You can experiment with other available options such as cotton, polyester and canvas. They all have their own pros and cons. As a result, they will be suitable for different needs and requirements. You should think about them all in order to choose the material which you would like the most.</p>\n\n<p style=\"text-align:center;\"><img alt=\"f6\" height=\"375\" src=\"/storage/news/4.jpg\"></p>\n\n<p><br>\n </p>\n\n<hr>\n<h4><strong>Number 4: Consider A Wallet As A Long Term Investment</strong></h4>\n\n<p>Your wallet is indeed an investment that you should consider spending a decent amount of time and effort on it. Another factor that you need to consider is how much you want to spend on your wallet. The price ranges of wallets on the market vary a great deal. You can find a wallet which is as cheap as about 5 to 7 dollars. On the other hand, you should expect to pay around 250 to 300 dollars for a high-quality wallet.</p>\n\n<p>In case you need a wallet to use for a long time, it is a good idea that you should invest a decent amount of money on a wallet. A high quality wallet from a reputational brand with the premium quality such as cowhide leather will last for a long time. In addition, it is an accessory to show off your fashion sense and your social status.</p>\n\n<p style=\"text-align:center;\"><img alt=\"f2\" height=\"400\" src=\"/storage/news/5.jpg\"></p>\n\n<p> </p>\n'),('vi',7,'Những phẩm chất cần thiết của âm nhạc thành công cao','You should pay more attention when you choose your wallets. There are a lot of them on the market with the different designs and styles. When you choose carefully, you would be able to buy a wallet that is catered to your needs. Not to mention that it will help to enhance your style significantly.','<p>I have seen many people underestimating the power of their wallets. To them, they are just a functional item they use to carry. As a result, they often end up with the wallets which are not really suitable for them.</p>\n\n<p>You should pay more attention when you choose your wallets. There are a lot of them on the market with the different designs and styles. When you choose carefully, you would be able to buy a wallet that is catered to your needs. Not to mention that it will help to enhance your style significantly.</p>\n\n<p style=\"text-align:center;\"><img alt=\"f4\" src=\"/storage/news/1.jpg\"></p>\n\n<p><br>\n </p>\n\n\n\n<p><strong><em>For all of the reason above, here are 7 expert tips to help you pick up the right men’s wallet for you:</em></strong></p>\n\n<h4><strong>Number 1: Choose A Neat Wallet</strong></h4>\n\n<p>The wallet is an essential accessory that you should go simple. Simplicity is the best in this case. A simple and neat wallet with the plain color and even <strong>minimalist style</strong> is versatile. It can be used for both formal and casual events. In addition, that wallet will go well with most of the clothes in your wardrobe.</p>\n\n<p>Keep in mind that a wallet will tell other people about your personality and your fashion sense as much as other clothes you put on. Hence, don’t go cheesy on your wallet or else people will think that you have a funny and particular style.</p>\n\n<p style=\"text-align:center;\"><img alt=\"f5\" src=\"/storage/news/2.jpg\"></p>\n\n<p><br>\n </p>\n<hr>\n<h4><strong>Number 2: Choose The Right Size For Your Wallet</strong></h4>\n\n<p>You should avoid having an over-sized wallet. Don’t think that you need to buy a big wallet because you have a lot to carry with you. In addition, a fat wallet is very ugly. It will make it harder for you to slide the wallet into your trousers’ pocket. In addition, it will create a bulge and ruin your look.</p>\n\n<p>Before you go on to buy a new wallet, clean out your wallet and place all of the items from your wallet on a table. Throw away things that you would never need any more such as the old bills or the expired gift cards. Remember to check your wallet on a frequent basis to get rid of all of the old stuff that you don’t need anymore.</p>\n\n<p style=\"text-align:center;\"><img alt=\"f1\" src=\"/storage/news/3.jpg\"></p>\n\n<p><br>\n </p>\n\n<hr>\n<h4><strong>Number 3: Don’t Limit Your Options Of Materials</strong></h4>\n\n<p>The types and designs of wallets are not the only things that you should consider when you go out searching for your best wallet. You have more than 1 option of material rather than leather to choose from as well.</p>\n\n<p>You can experiment with other available options such as cotton, polyester and canvas. They all have their own pros and cons. As a result, they will be suitable for different needs and requirements. You should think about them all in order to choose the material which you would like the most.</p>\n\n<p style=\"text-align:center;\"><img alt=\"f6\" height=\"375\" src=\"/storage/news/4.jpg\"></p>\n\n<p><br>\n </p>\n\n<hr>\n<h4><strong>Number 4: Consider A Wallet As A Long Term Investment</strong></h4>\n\n<p>Your wallet is indeed an investment that you should consider spending a decent amount of time and effort on it. Another factor that you need to consider is how much you want to spend on your wallet. The price ranges of wallets on the market vary a great deal. You can find a wallet which is as cheap as about 5 to 7 dollars. On the other hand, you should expect to pay around 250 to 300 dollars for a high-quality wallet.</p>\n\n<p>In case you need a wallet to use for a long time, it is a good idea that you should invest a decent amount of money on a wallet. A high quality wallet from a reputational brand with the premium quality such as cowhide leather will last for a long time. In addition, it is an accessory to show off your fashion sense and your social status.</p>\n\n<p style=\"text-align:center;\"><img alt=\"f2\" height=\"400\" src=\"/storage/news/5.jpg\"></p>\n\n<p> </p>\n'),('vi',8,'9 điều tôi thích khi cạo đầu','You should pay more attention when you choose your wallets. There are a lot of them on the market with the different designs and styles. When you choose carefully, you would be able to buy a wallet that is catered to your needs. Not to mention that it will help to enhance your style significantly.','<p>I have seen many people underestimating the power of their wallets. To them, they are just a functional item they use to carry. As a result, they often end up with the wallets which are not really suitable for them.</p>\n\n<p>You should pay more attention when you choose your wallets. There are a lot of them on the market with the different designs and styles. When you choose carefully, you would be able to buy a wallet that is catered to your needs. Not to mention that it will help to enhance your style significantly.</p>\n\n<p style=\"text-align:center;\"><img alt=\"f4\" src=\"/storage/news/1.jpg\"></p>\n\n<p><br>\n </p>\n\n\n\n<p><strong><em>For all of the reason above, here are 7 expert tips to help you pick up the right men’s wallet for you:</em></strong></p>\n\n<h4><strong>Number 1: Choose A Neat Wallet</strong></h4>\n\n<p>The wallet is an essential accessory that you should go simple. Simplicity is the best in this case. A simple and neat wallet with the plain color and even <strong>minimalist style</strong> is versatile. It can be used for both formal and casual events. In addition, that wallet will go well with most of the clothes in your wardrobe.</p>\n\n<p>Keep in mind that a wallet will tell other people about your personality and your fashion sense as much as other clothes you put on. Hence, don’t go cheesy on your wallet or else people will think that you have a funny and particular style.</p>\n\n<p style=\"text-align:center;\"><img alt=\"f5\" src=\"/storage/news/2.jpg\"></p>\n\n<p><br>\n </p>\n<hr>\n<h4><strong>Number 2: Choose The Right Size For Your Wallet</strong></h4>\n\n<p>You should avoid having an over-sized wallet. Don’t think that you need to buy a big wallet because you have a lot to carry with you. In addition, a fat wallet is very ugly. It will make it harder for you to slide the wallet into your trousers’ pocket. In addition, it will create a bulge and ruin your look.</p>\n\n<p>Before you go on to buy a new wallet, clean out your wallet and place all of the items from your wallet on a table. Throw away things that you would never need any more such as the old bills or the expired gift cards. Remember to check your wallet on a frequent basis to get rid of all of the old stuff that you don’t need anymore.</p>\n\n<p style=\"text-align:center;\"><img alt=\"f1\" src=\"/storage/news/3.jpg\"></p>\n\n<p><br>\n </p>\n\n<hr>\n<h4><strong>Number 3: Don’t Limit Your Options Of Materials</strong></h4>\n\n<p>The types and designs of wallets are not the only things that you should consider when you go out searching for your best wallet. You have more than 1 option of material rather than leather to choose from as well.</p>\n\n<p>You can experiment with other available options such as cotton, polyester and canvas. They all have their own pros and cons. As a result, they will be suitable for different needs and requirements. You should think about them all in order to choose the material which you would like the most.</p>\n\n<p style=\"text-align:center;\"><img alt=\"f6\" height=\"375\" src=\"/storage/news/4.jpg\"></p>\n\n<p><br>\n </p>\n\n<hr>\n<h4><strong>Number 4: Consider A Wallet As A Long Term Investment</strong></h4>\n\n<p>Your wallet is indeed an investment that you should consider spending a decent amount of time and effort on it. Another factor that you need to consider is how much you want to spend on your wallet. The price ranges of wallets on the market vary a great deal. You can find a wallet which is as cheap as about 5 to 7 dollars. On the other hand, you should expect to pay around 250 to 300 dollars for a high-quality wallet.</p>\n\n<p>In case you need a wallet to use for a long time, it is a good idea that you should invest a decent amount of money on a wallet. A high quality wallet from a reputational brand with the premium quality such as cowhide leather will last for a long time. In addition, it is an accessory to show off your fashion sense and your social status.</p>\n\n<p style=\"text-align:center;\"><img alt=\"f2\" height=\"400\" src=\"/storage/news/5.jpg\"></p>\n\n<p> </p>\n'),('vi',9,'Tại sao làm việc theo nhóm thực sự biến giấc mơ thành công','You should pay more attention when you choose your wallets. There are a lot of them on the market with the different designs and styles. When you choose carefully, you would be able to buy a wallet that is catered to your needs. Not to mention that it will help to enhance your style significantly.','<p>I have seen many people underestimating the power of their wallets. To them, they are just a functional item they use to carry. As a result, they often end up with the wallets which are not really suitable for them.</p>\n\n<p>You should pay more attention when you choose your wallets. There are a lot of them on the market with the different designs and styles. When you choose carefully, you would be able to buy a wallet that is catered to your needs. Not to mention that it will help to enhance your style significantly.</p>\n\n<p style=\"text-align:center;\"><img alt=\"f4\" src=\"/storage/news/1.jpg\"></p>\n\n<p><br>\n </p>\n\n\n\n<p><strong><em>For all of the reason above, here are 7 expert tips to help you pick up the right men’s wallet for you:</em></strong></p>\n\n<h4><strong>Number 1: Choose A Neat Wallet</strong></h4>\n\n<p>The wallet is an essential accessory that you should go simple. Simplicity is the best in this case. A simple and neat wallet with the plain color and even <strong>minimalist style</strong> is versatile. It can be used for both formal and casual events. In addition, that wallet will go well with most of the clothes in your wardrobe.</p>\n\n<p>Keep in mind that a wallet will tell other people about your personality and your fashion sense as much as other clothes you put on. Hence, don’t go cheesy on your wallet or else people will think that you have a funny and particular style.</p>\n\n<p style=\"text-align:center;\"><img alt=\"f5\" src=\"/storage/news/2.jpg\"></p>\n\n<p><br>\n </p>\n<hr>\n<h4><strong>Number 2: Choose The Right Size For Your Wallet</strong></h4>\n\n<p>You should avoid having an over-sized wallet. Don’t think that you need to buy a big wallet because you have a lot to carry with you. In addition, a fat wallet is very ugly. It will make it harder for you to slide the wallet into your trousers’ pocket. In addition, it will create a bulge and ruin your look.</p>\n\n<p>Before you go on to buy a new wallet, clean out your wallet and place all of the items from your wallet on a table. Throw away things that you would never need any more such as the old bills or the expired gift cards. Remember to check your wallet on a frequent basis to get rid of all of the old stuff that you don’t need anymore.</p>\n\n<p style=\"text-align:center;\"><img alt=\"f1\" src=\"/storage/news/3.jpg\"></p>\n\n<p><br>\n </p>\n\n<hr>\n<h4><strong>Number 3: Don’t Limit Your Options Of Materials</strong></h4>\n\n<p>The types and designs of wallets are not the only things that you should consider when you go out searching for your best wallet. You have more than 1 option of material rather than leather to choose from as well.</p>\n\n<p>You can experiment with other available options such as cotton, polyester and canvas. They all have their own pros and cons. As a result, they will be suitable for different needs and requirements. You should think about them all in order to choose the material which you would like the most.</p>\n\n<p style=\"text-align:center;\"><img alt=\"f6\" height=\"375\" src=\"/storage/news/4.jpg\"></p>\n\n<p><br>\n </p>\n\n<hr>\n<h4><strong>Number 4: Consider A Wallet As A Long Term Investment</strong></h4>\n\n<p>Your wallet is indeed an investment that you should consider spending a decent amount of time and effort on it. Another factor that you need to consider is how much you want to spend on your wallet. The price ranges of wallets on the market vary a great deal. You can find a wallet which is as cheap as about 5 to 7 dollars. On the other hand, you should expect to pay around 250 to 300 dollars for a high-quality wallet.</p>\n\n<p>In case you need a wallet to use for a long time, it is a good idea that you should invest a decent amount of money on a wallet. A high quality wallet from a reputational brand with the premium quality such as cowhide leather will last for a long time. In addition, it is an accessory to show off your fashion sense and your social status.</p>\n\n<p style=\"text-align:center;\"><img alt=\"f2\" height=\"400\" src=\"/storage/news/5.jpg\"></p>\n\n<p> </p>\n'),('vi',10,'Thế giới phục vụ cho những người trung bình','You should pay more attention when you choose your wallets. There are a lot of them on the market with the different designs and styles. When you choose carefully, you would be able to buy a wallet that is catered to your needs. Not to mention that it will help to enhance your style significantly.','<p>I have seen many people underestimating the power of their wallets. To them, they are just a functional item they use to carry. As a result, they often end up with the wallets which are not really suitable for them.</p>\n\n<p>You should pay more attention when you choose your wallets. There are a lot of them on the market with the different designs and styles. When you choose carefully, you would be able to buy a wallet that is catered to your needs. Not to mention that it will help to enhance your style significantly.</p>\n\n<p style=\"text-align:center;\"><img alt=\"f4\" src=\"/storage/news/1.jpg\"></p>\n\n<p><br>\n </p>\n\n\n\n<p><strong><em>For all of the reason above, here are 7 expert tips to help you pick up the right men’s wallet for you:</em></strong></p>\n\n<h4><strong>Number 1: Choose A Neat Wallet</strong></h4>\n\n<p>The wallet is an essential accessory that you should go simple. Simplicity is the best in this case. A simple and neat wallet with the plain color and even <strong>minimalist style</strong> is versatile. It can be used for both formal and casual events. In addition, that wallet will go well with most of the clothes in your wardrobe.</p>\n\n<p>Keep in mind that a wallet will tell other people about your personality and your fashion sense as much as other clothes you put on. Hence, don’t go cheesy on your wallet or else people will think that you have a funny and particular style.</p>\n\n<p style=\"text-align:center;\"><img alt=\"f5\" src=\"/storage/news/2.jpg\"></p>\n\n<p><br>\n </p>\n<hr>\n<h4><strong>Number 2: Choose The Right Size For Your Wallet</strong></h4>\n\n<p>You should avoid having an over-sized wallet. Don’t think that you need to buy a big wallet because you have a lot to carry with you. In addition, a fat wallet is very ugly. It will make it harder for you to slide the wallet into your trousers’ pocket. In addition, it will create a bulge and ruin your look.</p>\n\n<p>Before you go on to buy a new wallet, clean out your wallet and place all of the items from your wallet on a table. Throw away things that you would never need any more such as the old bills or the expired gift cards. Remember to check your wallet on a frequent basis to get rid of all of the old stuff that you don’t need anymore.</p>\n\n<p style=\"text-align:center;\"><img alt=\"f1\" src=\"/storage/news/3.jpg\"></p>\n\n<p><br>\n </p>\n\n<hr>\n<h4><strong>Number 3: Don’t Limit Your Options Of Materials</strong></h4>\n\n<p>The types and designs of wallets are not the only things that you should consider when you go out searching for your best wallet. You have more than 1 option of material rather than leather to choose from as well.</p>\n\n<p>You can experiment with other available options such as cotton, polyester and canvas. They all have their own pros and cons. As a result, they will be suitable for different needs and requirements. You should think about them all in order to choose the material which you would like the most.</p>\n\n<p style=\"text-align:center;\"><img alt=\"f6\" height=\"375\" src=\"/storage/news/4.jpg\"></p>\n\n<p><br>\n </p>\n\n<hr>\n<h4><strong>Number 4: Consider A Wallet As A Long Term Investment</strong></h4>\n\n<p>Your wallet is indeed an investment that you should consider spending a decent amount of time and effort on it. Another factor that you need to consider is how much you want to spend on your wallet. The price ranges of wallets on the market vary a great deal. You can find a wallet which is as cheap as about 5 to 7 dollars. On the other hand, you should expect to pay around 250 to 300 dollars for a high-quality wallet.</p>\n\n<p>In case you need a wallet to use for a long time, it is a good idea that you should invest a decent amount of money on a wallet. A high quality wallet from a reputational brand with the premium quality such as cowhide leather will last for a long time. In addition, it is an accessory to show off your fashion sense and your social status.</p>\n\n<p style=\"text-align:center;\"><img alt=\"f2\" height=\"400\" src=\"/storage/news/5.jpg\"></p>\n\n<p> </p>\n'),('vi',11,'Các đương sự trên màn hình không phải là diễn viên','You should pay more attention when you choose your wallets. There are a lot of them on the market with the different designs and styles. When you choose carefully, you would be able to buy a wallet that is catered to your needs. Not to mention that it will help to enhance your style significantly.','<p>I have seen many people underestimating the power of their wallets. To them, they are just a functional item they use to carry. As a result, they often end up with the wallets which are not really suitable for them.</p>\n\n<p>You should pay more attention when you choose your wallets. There are a lot of them on the market with the different designs and styles. When you choose carefully, you would be able to buy a wallet that is catered to your needs. Not to mention that it will help to enhance your style significantly.</p>\n\n<p style=\"text-align:center;\"><img alt=\"f4\" src=\"/storage/news/1.jpg\"></p>\n\n<p><br>\n </p>\n\n\n\n<p><strong><em>For all of the reason above, here are 7 expert tips to help you pick up the right men’s wallet for you:</em></strong></p>\n\n<h4><strong>Number 1: Choose A Neat Wallet</strong></h4>\n\n<p>The wallet is an essential accessory that you should go simple. Simplicity is the best in this case. A simple and neat wallet with the plain color and even <strong>minimalist style</strong> is versatile. It can be used for both formal and casual events. In addition, that wallet will go well with most of the clothes in your wardrobe.</p>\n\n<p>Keep in mind that a wallet will tell other people about your personality and your fashion sense as much as other clothes you put on. Hence, don’t go cheesy on your wallet or else people will think that you have a funny and particular style.</p>\n\n<p style=\"text-align:center;\"><img alt=\"f5\" src=\"/storage/news/2.jpg\"></p>\n\n<p><br>\n </p>\n<hr>\n<h4><strong>Number 2: Choose The Right Size For Your Wallet</strong></h4>\n\n<p>You should avoid having an over-sized wallet. Don’t think that you need to buy a big wallet because you have a lot to carry with you. In addition, a fat wallet is very ugly. It will make it harder for you to slide the wallet into your trousers’ pocket. In addition, it will create a bulge and ruin your look.</p>\n\n<p>Before you go on to buy a new wallet, clean out your wallet and place all of the items from your wallet on a table. Throw away things that you would never need any more such as the old bills or the expired gift cards. Remember to check your wallet on a frequent basis to get rid of all of the old stuff that you don’t need anymore.</p>\n\n<p style=\"text-align:center;\"><img alt=\"f1\" src=\"/storage/news/3.jpg\"></p>\n\n<p><br>\n </p>\n\n<hr>\n<h4><strong>Number 3: Don’t Limit Your Options Of Materials</strong></h4>\n\n<p>The types and designs of wallets are not the only things that you should consider when you go out searching for your best wallet. You have more than 1 option of material rather than leather to choose from as well.</p>\n\n<p>You can experiment with other available options such as cotton, polyester and canvas. They all have their own pros and cons. As a result, they will be suitable for different needs and requirements. You should think about them all in order to choose the material which you would like the most.</p>\n\n<p style=\"text-align:center;\"><img alt=\"f6\" height=\"375\" src=\"/storage/news/4.jpg\"></p>\n\n<p><br>\n </p>\n\n<hr>\n<h4><strong>Number 4: Consider A Wallet As A Long Term Investment</strong></h4>\n\n<p>Your wallet is indeed an investment that you should consider spending a decent amount of time and effort on it. Another factor that you need to consider is how much you want to spend on your wallet. The price ranges of wallets on the market vary a great deal. You can find a wallet which is as cheap as about 5 to 7 dollars. On the other hand, you should expect to pay around 250 to 300 dollars for a high-quality wallet.</p>\n\n<p>In case you need a wallet to use for a long time, it is a good idea that you should invest a decent amount of money on a wallet. A high quality wallet from a reputational brand with the premium quality such as cowhide leather will last for a long time. In addition, it is an accessory to show off your fashion sense and your social status.</p>\n\n<p style=\"text-align:center;\"><img alt=\"f2\" height=\"400\" src=\"/storage/news/5.jpg\"></p>\n\n<p> </p>\n');
/*!40000 ALTER TABLE `posts_translations` ENABLE KEYS */;
UNLOCK TABLES;

--
-- Table structure for table `revisions`
--

DROP TABLE IF EXISTS `revisions`;
/*!40101 SET @saved_cs_client     = @@character_set_client */;
/*!50503 SET character_set_client = utf8mb4 */;
CREATE TABLE `revisions` (
  `id` bigint unsigned NOT NULL AUTO_INCREMENT,
  `revisionable_type` varchar(191) COLLATE utf8mb4_unicode_ci NOT NULL,
  `revisionable_id` int NOT NULL,
  `user_id` int DEFAULT NULL,
  `key` varchar(191) COLLATE utf8mb4_unicode_ci NOT NULL,
  `old_value` text COLLATE utf8mb4_unicode_ci,
  `new_value` text COLLATE utf8mb4_unicode_ci,
  `created_at` timestamp NULL DEFAULT NULL,
  `updated_at` timestamp NULL DEFAULT NULL,
  PRIMARY KEY (`id`),
  KEY `revisions_revisionable_id_revisionable_type_index` (`revisionable_id`,`revisionable_type`)
) ENGINE=InnoDB DEFAULT CHARSET=utf8mb4 COLLATE=utf8mb4_unicode_ci;
/*!40101 SET character_set_client = @saved_cs_client */;

--
-- Dumping data for table `revisions`
--

LOCK TABLES `revisions` WRITE;
/*!40000 ALTER TABLE `revisions` DISABLE KEYS */;
/*!40000 ALTER TABLE `revisions` ENABLE KEYS */;
UNLOCK TABLES;

--
-- Table structure for table `role_users`
--

DROP TABLE IF EXISTS `role_users`;
/*!40101 SET @saved_cs_client     = @@character_set_client */;
/*!50503 SET character_set_client = utf8mb4 */;
CREATE TABLE `role_users` (
  `id` bigint unsigned NOT NULL AUTO_INCREMENT,
  `user_id` int unsigned NOT NULL,
  `role_id` int unsigned NOT NULL,
  `created_at` timestamp NULL DEFAULT NULL,
  `updated_at` timestamp NULL DEFAULT NULL,
  PRIMARY KEY (`id`),
  KEY `role_users_user_id_index` (`user_id`),
  KEY `role_users_role_id_index` (`role_id`)
) ENGINE=InnoDB DEFAULT CHARSET=utf8mb4 COLLATE=utf8mb4_unicode_ci;
/*!40101 SET character_set_client = @saved_cs_client */;

--
-- Dumping data for table `role_users`
--

LOCK TABLES `role_users` WRITE;
/*!40000 ALTER TABLE `role_users` DISABLE KEYS */;
/*!40000 ALTER TABLE `role_users` ENABLE KEYS */;
UNLOCK TABLES;

--
-- Table structure for table `roles`
--

DROP TABLE IF EXISTS `roles`;
/*!40101 SET @saved_cs_client     = @@character_set_client */;
/*!50503 SET character_set_client = utf8mb4 */;
CREATE TABLE `roles` (
  `id` bigint unsigned NOT NULL AUTO_INCREMENT,
  `slug` varchar(120) COLLATE utf8mb4_unicode_ci NOT NULL,
  `name` varchar(120) COLLATE utf8mb4_unicode_ci NOT NULL,
  `permissions` text COLLATE utf8mb4_unicode_ci,
  `description` varchar(255) COLLATE utf8mb4_unicode_ci DEFAULT NULL,
  `is_default` tinyint unsigned NOT NULL DEFAULT '0',
  `created_by` int unsigned NOT NULL,
  `updated_by` int unsigned NOT NULL,
  `created_at` timestamp NULL DEFAULT NULL,
  `updated_at` timestamp NULL DEFAULT NULL,
  PRIMARY KEY (`id`),
  UNIQUE KEY `roles_slug_unique` (`slug`),
  KEY `roles_created_by_index` (`created_by`),
  KEY `roles_updated_by_index` (`updated_by`)
) ENGINE=InnoDB DEFAULT CHARSET=utf8mb4 COLLATE=utf8mb4_unicode_ci;
/*!40101 SET character_set_client = @saved_cs_client */;

--
-- Dumping data for table `roles`
--

LOCK TABLES `roles` WRITE;
/*!40000 ALTER TABLE `roles` DISABLE KEYS */;
/*!40000 ALTER TABLE `roles` ENABLE KEYS */;
UNLOCK TABLES;

--
-- Table structure for table `settings`
--

DROP TABLE IF EXISTS `settings`;
/*!40101 SET @saved_cs_client     = @@character_set_client */;
/*!50503 SET character_set_client = utf8mb4 */;
CREATE TABLE `settings` (
  `id` bigint unsigned NOT NULL AUTO_INCREMENT,
  `key` varchar(191) COLLATE utf8mb4_unicode_ci NOT NULL,
  `value` text COLLATE utf8mb4_unicode_ci,
  `created_at` timestamp NULL DEFAULT NULL,
  `updated_at` timestamp NULL DEFAULT NULL,
  PRIMARY KEY (`id`),
  UNIQUE KEY `settings_key_unique` (`key`)
) ENGINE=InnoDB AUTO_INCREMENT=63 DEFAULT CHARSET=utf8mb4 COLLATE=utf8mb4_unicode_ci;
/*!40101 SET character_set_client = @saved_cs_client */;

--
-- Dumping data for table `settings`
--

LOCK TABLES `settings` WRITE;
/*!40000 ALTER TABLE `settings` DISABLE KEYS */;
INSERT INTO `settings` VALUES (1,'activated_plugins','[\"language\",\"language-advanced\",\"ads\",\"analytics\",\"audit-log\",\"backup\",\"blog\",\"captcha\",\"contact\",\"cookie-consent\",\"ecommerce\",\"faq\",\"location\",\"newsletter\",\"payment\",\"paypal\",\"paystack\",\"razorpay\",\"shippo\",\"simple-slider\",\"social-login\",\"sslcommerz\",\"stripe\",\"translation\",\"mollie\"]',NULL,'2023-01-02 21:22:22'),(4,'language_hide_default','1',NULL,NULL),(5,'language_switcher_display','dropdown',NULL,NULL),(6,'language_display','all',NULL,NULL),(7,'language_hide_languages','[]',NULL,NULL),(8,'ecommerce_store_name','Wowy',NULL,NULL),(9,'ecommerce_store_phone','18006268',NULL,NULL),(10,'ecommerce_store_address','North Link Building, 10 Admiralty Street',NULL,NULL),(11,'ecommerce_store_state','Singapore',NULL,NULL),(12,'ecommerce_store_city','Singapore',NULL,NULL),(13,'ecommerce_store_country','SG',NULL,NULL),(14,'media_random_hash','a9ecbde987babe16fd1391425b9b39d7',NULL,NULL),(15,'permalink-botble-blog-models-post','blog',NULL,NULL),(16,'permalink-botble-blog-models-category','blog',NULL,NULL),(17,'payment_cod_status','1',NULL,NULL),(18,'payment_cod_description','Please pay money directly to the postman, if you choose cash on delivery method (COD).',NULL,NULL),(19,'payment_bank_transfer_status','1',NULL,NULL),(20,'payment_bank_transfer_description','Please send money to our bank account: ACB - 69270 213 19.',NULL,NULL),(21,'plugins_ecommerce_customer_new_order_status','0',NULL,NULL),(22,'plugins_ecommerce_admin_new_order_status','0',NULL,NULL),(23,'ecommerce_load_countries_states_cities_from_location_plugin','0',NULL,NULL),(24,'payment_stripe_payment_type','stripe_checkout',NULL,NULL),(25,'simple_slider_using_assets','0',NULL,NULL),(26,'sale_popup_display_pages','[\"public.index\"]',NULL,NULL),(27,'ecommerce_is_enabled_support_digital_products','1',NULL,NULL),(28,'theme','wowy',NULL,NULL),(29,'admin_favicon','general/favicon.png',NULL,NULL),(30,'admin_logo','general/logo-light.png',NULL,NULL),(31,'theme-wowy-site_title','Wowy - Laravel Multipurpose eCommerce Script',NULL,NULL),(32,'theme-wowy-copyright','Copyright © 2021 Wowy all rights reserved. Powered by Botble.',NULL,NULL),(33,'theme-wowy-favicon','general/favicon.png',NULL,NULL),(34,'theme-wowy-logo','general/logo.png',NULL,NULL),(35,'theme-wowy-logo_light','general/logo-light.png',NULL,NULL),(36,'theme-wowy-seo_og_image','general/open-graph-image.png',NULL,NULL),(37,'theme-wowy-address','562 Wellington Road, Street 32, San Francisco',NULL,NULL),(38,'theme-wowy-hotline','1900 - 888',NULL,NULL),(39,'theme-wowy-phone','+01 2222 365 /(+91) 01 2345 6789',NULL,NULL),(40,'theme-wowy-contact_email','sale@wowy.com',NULL,NULL),(41,'theme-wowy-working_hours','10:00 - 18:00, Mon - Sat',NULL,NULL),(42,'theme-wowy-homepage_id','1',NULL,NULL),(43,'theme-wowy-blog_page_id','5',NULL,NULL),(44,'theme-wowy-cookie_consent_message','Your experience on this site will be improved by allowing cookies ',NULL,NULL),(45,'theme-wowy-cookie_consent_learn_more_url','https://wowy.test/cookie-policy',NULL,NULL),(46,'theme-wowy-cookie_consent_learn_more_text','Cookie Policy',NULL,NULL),(47,'theme-wowy-number_of_cross_sale_product','4',NULL,NULL),(48,'theme-wowy-preloader_enabled','yes',NULL,NULL),(49,'theme-wowy-preloader_version','v2',NULL,NULL),(50,'theme-wowy-social_links','[[{\"key\":\"social-name\",\"value\":\"Facebook\"},{\"key\":\"social-icon\",\"value\":\"fab fa-facebook-f\"},{\"key\":\"social-url\",\"value\":\"https:\\/\\/www.facebook.com\\/\"},{\"key\":\"social-color\",\"value\":\"#3b5999\"}],[{\"key\":\"social-name\",\"value\":\"Twitter\"},{\"key\":\"social-icon\",\"value\":\"fab fa-twitter\"},{\"key\":\"social-url\",\"value\":\"https:\\/\\/www.twitter.com\\/\"},{\"key\":\"social-color\",\"value\":\"#55ACF9\"}],[{\"key\":\"social-name\",\"value\":\"Instagram\"},{\"key\":\"social-icon\",\"value\":\"fab fa-instagram\"},{\"key\":\"social-url\",\"value\":\"https:\\/\\/www.instagram.com\\/\"},{\"key\":\"social-color\",\"value\":\"#E1306C\"}],[{\"key\":\"social-name\",\"value\":\"Linkedin\"},{\"key\":\"social-icon\",\"value\":\"fab fa-linkedin\"},{\"key\":\"social-url\",\"value\":\"https:\\/\\/www.linkedin.com\\/\"},{\"key\":\"social-color\",\"value\":\"#007bb6\"}],[{\"key\":\"social-name\",\"value\":\"Pinterest\"},{\"key\":\"social-icon\",\"value\":\"fab fa-pinterest\"},{\"key\":\"social-url\",\"value\":\"https:\\/\\/www.pinterest.com\\/\"},{\"key\":\"social-color\",\"value\":\"#cb2027\"}]]',NULL,NULL),(51,'theme-wowy-header_messages','[[{\"key\":\"icon\",\"value\":\"fa fa-bell\"},{\"key\":\"message\",\"value\":\"<b class=\\\"text-success\\\"> Trendy 25<\\/b> silver jewelry, save up 35% off today\"},{\"key\":\"link\",\"value\":\"\\/products\"},{\"key\":\"link_text\",\"value\":\"Shop now\"}],[{\"key\":\"icon\",\"value\":\"fa fa-asterisk\"},{\"key\":\"message\",\"value\":\"<b class=\\\"text-danger\\\">Supper Value Deals<\\/b> - Save more with coupons\"},{\"key\":\"link\",\"value\":null},{\"key\":\"link_text\",\"value\":null}],[{\"key\":\"icon\",\"value\":\"fa fa-angle-double-right\"},{\"key\":\"message\",\"value\":\"Get great devices up to 50% off\"},{\"key\":\"link\",\"value\":\"\\/products\"},{\"key\":\"link_text\",\"value\":\"View details\"}]]',NULL,NULL),(52,'theme-wowy-contact_info_boxes','[[{\"key\":\"name\",\"value\":\"Head Office\"},{\"key\":\"address\",\"value\":\"205 North Michigan Avenue, Suite 810, Chicago, 60601, USA\"},{\"key\":\"phone\",\"value\":\"(+01) 234 567\"},{\"key\":\"email\",\"value\":\"office@botble.com\"}],[{\"key\":\"name\",\"value\":\"Our Studio\"},{\"key\":\"address\",\"value\":\"205 North Michigan Avenue, Suite 810, Chicago, 60601, USA\"},{\"key\":\"phone\",\"value\":\"(+01) 234 567\"},{\"key\":\"email\",\"value\":\"studio@botble.com\"}],[{\"key\":\"name\",\"value\":\"Our Shop\"},{\"key\":\"address\",\"value\":\"205 North Michigan Avenue, Suite 810, Chicago, 60601, USA\"},{\"key\":\"phone\",\"value\":\"(+01) 234 567\"},{\"key\":\"email\",\"value\":\"shop@botble.com\"}]]',NULL,NULL),(53,'theme-wowy-vi-font_text','Roboto Condensed',NULL,NULL),(54,'theme-wowy-vi-copyright','Bản quyền © 2021 Wowy tất cả quyền đã được bảo hộ. Phát triển bởi Botble.',NULL,NULL),(55,'theme-wowy-vi-working_hours','10:00 - 18:00, Thứ Hai - Thứ Bảy',NULL,NULL),(56,'theme-wowy-vi-cookie_consent_message','Trải nghiệm của bạn trên trang web này sẽ được cải thiện bằng cách cho phép cookie ',NULL,NULL),(57,'theme-wowy-vi-cookie_consent_learn_more_url','https://wowy.test/cookie-policy',NULL,NULL),(58,'theme-wowy-vi-cookie_consent_learn_more_text','Chính sách cookie',NULL,NULL),(59,'theme-wowy-vi-homepage_id','1',NULL,NULL),(60,'theme-wowy-vi-blog_page_id','5',NULL,NULL),(61,'theme-wowy-vi-header_messages','[[{\"key\":\"icon\",\"value\":\"fa fa-bell\"},{\"key\":\"message\",\"value\":\"<b class=\\\"text-success\\\">Trang s\\u1ee9c b\\u1ea1c 25 <\\/b> th\\u1eddi th\\u01b0\\u1ee3ng, ti\\u1ebft ki\\u1ec7m \\u0111\\u1ebfn 35%\"},{\"key\":\"link\",\"value\":\"\\/products\"},{\"key\":\"link_text\",\"value\":\"Mua ngay\"}],[{\"key\":\"icon\",\"value\":\"fa fa-asterisk\"},{\"key\":\"message\",\"value\":\"<b class=\\\"text-danger\\\">\\u01afu \\u0111\\u00e3i si\\u00eau gi\\u00e1 tr\\u1ecb <\\/b> - Ti\\u1ebft ki\\u1ec7m h\\u01a1n v\\u1edbi phi\\u1ebfu th\\u01b0\\u1edfng\"},{\"key\":\"link\",\"value\":null},{\"key\":\"link_text\",\"value\":null}],[{\"key\":\"icon\",\"value\":\"fa fa-angle-double-right\"},{\"key\":\"message\",\"value\":\"Nh\\u1eadn c\\u00e1c s\\u1ea3n ph\\u1ea9m tuy\\u1ec7t v\\u1eddi gi\\u1ea3m gi\\u00e1 t\\u1edbi 50%\"},{\"key\":\"link\",\"value\":\"\\/products\"},{\"key\":\"link_text\",\"value\":\"Xem chi ti\\u1ebft\"}]]',NULL,NULL),(62,'theme-wowy-vi-contact_info_boxes','[[{\"key\":\"name\",\"value\":\"Tr\\u1ee5 s\\u1edf ch\\u00ednh\"},{\"key\":\"address\",\"value\":\"205 North Michigan Avenue, Suite 810, Chicago, 60601, USA\"},{\"key\":\"phone\",\"value\":\"(+01) 234 567\"},{\"key\":\"email\",\"value\":\"office@botble.com\"}],[{\"key\":\"name\",\"value\":\"Gian h\\u00e0ng tr\\u01b0ng b\\u00e0y\"},{\"key\":\"address\",\"value\":\"205 North Michigan Avenue, Suite 810, Chicago, 60601, USA\"},{\"key\":\"phone\",\"value\":\"(+01) 234 567\"},{\"key\":\"email\",\"value\":\"studio@botble.com\"}],[{\"key\":\"name\",\"value\":\"C\\u1eeda h\\u00e0ng\"},{\"key\":\"address\",\"value\":\"205 North Michigan Avenue, Suite 810, Chicago, 60601, USA\"},{\"key\":\"phone\",\"value\":\"(+01) 234 567\"},{\"key\":\"email\",\"value\":\"shop@botble.com\"}]]',NULL,NULL);
/*!40000 ALTER TABLE `settings` ENABLE KEYS */;
UNLOCK TABLES;

--
-- Table structure for table `simple_slider_items`
--

DROP TABLE IF EXISTS `simple_slider_items`;
/*!40101 SET @saved_cs_client     = @@character_set_client */;
/*!50503 SET character_set_client = utf8mb4 */;
CREATE TABLE `simple_slider_items` (
  `id` bigint unsigned NOT NULL AUTO_INCREMENT,
  `simple_slider_id` int unsigned NOT NULL,
  `title` varchar(255) COLLATE utf8mb4_unicode_ci DEFAULT NULL,
  `image` varchar(255) COLLATE utf8mb4_unicode_ci NOT NULL,
  `link` varchar(255) COLLATE utf8mb4_unicode_ci DEFAULT NULL,
  `description` text COLLATE utf8mb4_unicode_ci,
  `order` int unsigned NOT NULL DEFAULT '0',
  `created_at` timestamp NULL DEFAULT NULL,
  `updated_at` timestamp NULL DEFAULT NULL,
  PRIMARY KEY (`id`)
) ENGINE=InnoDB AUTO_INCREMENT=23 DEFAULT CHARSET=utf8mb4 COLLATE=utf8mb4_unicode_ci;
/*!40101 SET character_set_client = @saved_cs_client */;

--
-- Dumping data for table `simple_slider_items`
--

LOCK TABLES `simple_slider_items` WRITE;
/*!40000 ALTER TABLE `simple_slider_items` DISABLE KEYS */;
INSERT INTO `simple_slider_items` VALUES (1,1,'Super Value Deals','sliders/1-1.png','/products','Save more with coupons & up to 70% off',1,'2023-01-02 21:22:34','2023-01-02 21:22:34'),(2,1,'Tech Trending','sliders/1-2.png','/products','Save more with coupons & up to 20% off',2,'2023-01-02 21:22:34','2023-01-02 21:22:34'),(3,1,'Big Deals From','sliders/1-3.png','/products','Headphone, Gaming Laptop, PC and more...',3,'2023-01-02 21:22:34','2023-01-02 21:22:34'),(4,2,'Super Value Deals','sliders/2-1.png','/products','Save more with coupons & up to 70% off',1,'2023-01-02 21:22:34','2023-01-02 21:22:34'),(5,2,'Tech Trending','sliders/2-2.png','/products','Save more with coupons & up to 20% off',2,'2023-01-02 21:22:34','2023-01-02 21:22:34'),(6,2,'Big Deals From','sliders/2-3.png','/products','Headphone, Gaming Laptop, PC and more...',3,'2023-01-02 21:22:34','2023-01-02 21:22:34'),(7,3,'Super Value Deals','sliders/3-1.png','/products','Save more with coupons & up to 70% off',1,'2023-01-02 21:22:34','2023-01-02 21:22:34'),(8,3,'Tech Trending','sliders/3-2.png','/products','Save more with coupons & up to 20% off',2,'2023-01-02 21:22:34','2023-01-02 21:22:34'),(9,4,'Super Value Deals','sliders/4-1.png','/products','Save more with coupons & up to 70% off',1,'2023-01-02 21:22:34','2023-01-02 21:22:34'),(10,4,'Tech Trending','sliders/4-2.png','/products','Save more with coupons & up to 20% off',2,'2023-01-02 21:22:34','2023-01-02 21:22:34'),(11,4,'Big Deals From','sliders/4-3.png','/products','Headphone, Gaming Laptop, PC and more...',3,'2023-01-02 21:22:34','2023-01-02 21:22:34'),(12,5,'Giảm giá đặc biệt','sliders/1-1.png','/products','Tiết kiệm hơn với mã giảm giá 70%',1,'2023-01-02 21:22:34','2023-01-02 21:22:34'),(13,5,'Công nghệ nổi bật','sliders/1-2.png','/products','Tiết kiệm hơn với mã giảm giá 20%',2,'2023-01-02 21:22:34','2023-01-02 21:22:34'),(14,5,'Giảm giá lớn nhất từ','sliders/1-3.png','/products','Tai nghe, Máy tính chơi game, PC và hơn nữa...',3,'2023-01-02 21:22:34','2023-01-02 21:22:34'),(15,6,'Giảm giá đặc biệt','sliders/2-1.png','/products','Tiết kiệm hơn với mã giảm giá 70%',1,'2023-01-02 21:22:34','2023-01-02 21:22:34'),(16,6,'Công nghệ nổi bật','sliders/2-2.png','/products','Tiết kiệm hơn với mã giảm giá 20%',2,'2023-01-02 21:22:34','2023-01-02 21:22:34'),(17,6,'Giảm giá lớn nhất từ','sliders/2-3.png','/products','Tai nghe, Máy tính chơi game, PC và hơn nữa...',3,'2023-01-02 21:22:34','2023-01-02 21:22:34'),(18,7,'Giảm giá đặc biệt','sliders/3-1.png','/products','Tiết kiệm hơn với mã giảm giá 70%',1,'2023-01-02 21:22:34','2023-01-02 21:22:34'),(19,7,'Công nghệ nổi bật','sliders/3-2.png','/products','Tiết kiệm hơn với mã giảm giá 20%',2,'2023-01-02 21:22:34','2023-01-02 21:22:34'),(20,8,'Giảm giá đặc biệt','sliders/4-1.png','/products','Tiết kiệm hơn với mã giảm giá 70%',1,'2023-01-02 21:22:34','2023-01-02 21:22:34'),(21,8,'Công nghệ nổi bật','sliders/4-2.png','/products','Tiết kiệm hơn với mã giảm giá 20%',2,'2023-01-02 21:22:34','2023-01-02 21:22:34'),(22,8,'Giảm giá lớn nhất từ','sliders/4-3.png','/products','Tai nghe, Máy tính chơi game, PC và hơn nữa...',3,'2023-01-02 21:22:34','2023-01-02 21:22:34');
/*!40000 ALTER TABLE `simple_slider_items` ENABLE KEYS */;
UNLOCK TABLES;

--
-- Table structure for table `simple_sliders`
--

DROP TABLE IF EXISTS `simple_sliders`;
/*!40101 SET @saved_cs_client     = @@character_set_client */;
/*!50503 SET character_set_client = utf8mb4 */;
CREATE TABLE `simple_sliders` (
  `id` bigint unsigned NOT NULL AUTO_INCREMENT,
  `name` varchar(120) COLLATE utf8mb4_unicode_ci NOT NULL,
  `key` varchar(120) COLLATE utf8mb4_unicode_ci NOT NULL,
  `description` varchar(255) COLLATE utf8mb4_unicode_ci DEFAULT NULL,
  `status` varchar(60) COLLATE utf8mb4_unicode_ci NOT NULL DEFAULT 'published',
  `created_at` timestamp NULL DEFAULT NULL,
  `updated_at` timestamp NULL DEFAULT NULL,
  PRIMARY KEY (`id`)
) ENGINE=InnoDB AUTO_INCREMENT=9 DEFAULT CHARSET=utf8mb4 COLLATE=utf8mb4_unicode_ci;
/*!40101 SET character_set_client = @saved_cs_client */;

--
-- Dumping data for table `simple_sliders`
--

LOCK TABLES `simple_sliders` WRITE;
/*!40000 ALTER TABLE `simple_sliders` DISABLE KEYS */;
INSERT INTO `simple_sliders` VALUES (1,'Home slider 1','home-slider-1',NULL,'published','2023-01-02 21:22:34','2023-01-02 21:22:34'),(2,'Home slider 2','home-slider-2',NULL,'published','2023-01-02 21:22:34','2023-01-02 21:22:34'),(3,'Home slider 3','home-slider-3',NULL,'published','2023-01-02 21:22:34','2023-01-02 21:22:34'),(4,'Home slider 4','home-slider-4',NULL,'published','2023-01-02 21:22:34','2023-01-02 21:22:34'),(5,'Slider trang chủ 1','slider-trang-chu-1',NULL,'published','2023-01-02 21:22:34','2023-01-02 21:22:34'),(6,'Slider trang chủ 2','slider-trang-chu-2',NULL,'published','2023-01-02 21:22:34','2023-01-02 21:22:34'),(7,'Slider trang chủ 3','slider-trang-chu-3',NULL,'published','2023-01-02 21:22:34','2023-01-02 21:22:34'),(8,'Slider trang chủ 4','slider-trang-chu-4',NULL,'published','2023-01-02 21:22:34','2023-01-02 21:22:34');
/*!40000 ALTER TABLE `simple_sliders` ENABLE KEYS */;
UNLOCK TABLES;

--
-- Table structure for table `slugs`
--

DROP TABLE IF EXISTS `slugs`;
/*!40101 SET @saved_cs_client     = @@character_set_client */;
/*!50503 SET character_set_client = utf8mb4 */;
CREATE TABLE `slugs` (
  `id` bigint unsigned NOT NULL AUTO_INCREMENT,
  `key` varchar(255) COLLATE utf8mb4_unicode_ci NOT NULL,
  `reference_id` int unsigned NOT NULL,
  `reference_type` varchar(255) COLLATE utf8mb4_unicode_ci NOT NULL,
  `prefix` varchar(120) COLLATE utf8mb4_unicode_ci DEFAULT '',
  `created_at` timestamp NULL DEFAULT NULL,
  `updated_at` timestamp NULL DEFAULT NULL,
  PRIMARY KEY (`id`),
  KEY `slugs_reference_id_index` (`reference_id`)
) ENGINE=InnoDB AUTO_INCREMENT=101 DEFAULT CHARSET=utf8mb4 COLLATE=utf8mb4_unicode_ci;
/*!40101 SET character_set_client = @saved_cs_client */;

--
-- Dumping data for table `slugs`
--

LOCK TABLES `slugs` WRITE;
/*!40000 ALTER TABLE `slugs` DISABLE KEYS */;
INSERT INTO `slugs` VALUES (1,'perxsion',1,'Botble\\Ecommerce\\Models\\Brand','brands','2023-01-02 21:22:23','2023-01-02 21:22:23'),(2,'hiching',2,'Botble\\Ecommerce\\Models\\Brand','brands','2023-01-02 21:22:23','2023-01-02 21:22:23'),(3,'kepslo',3,'Botble\\Ecommerce\\Models\\Brand','brands','2023-01-02 21:22:23','2023-01-02 21:22:23'),(4,'groneba',4,'Botble\\Ecommerce\\Models\\Brand','brands','2023-01-02 21:22:23','2023-01-02 21:22:23'),(5,'babian',5,'Botble\\Ecommerce\\Models\\Brand','brands','2023-01-02 21:22:23','2023-01-02 21:22:23'),(6,'valorant',6,'Botble\\Ecommerce\\Models\\Brand','brands','2023-01-02 21:22:23','2023-01-02 21:22:23'),(7,'pure',7,'Botble\\Ecommerce\\Models\\Brand','brands','2023-01-02 21:22:23','2023-01-02 21:22:23'),(8,'hot-promotions',1,'Botble\\Ecommerce\\Models\\ProductCategory','product-categories','2023-01-02 21:22:23','2023-01-02 21:22:23'),(9,'electronics',2,'Botble\\Ecommerce\\Models\\ProductCategory','product-categories','2023-01-02 21:22:23','2023-01-02 21:22:23'),(10,'home-audio-theaters',3,'Botble\\Ecommerce\\Models\\ProductCategory','product-categories','2023-01-02 21:22:23','2023-01-02 21:22:23'),(11,'tv-videos',4,'Botble\\Ecommerce\\Models\\ProductCategory','product-categories','2023-01-02 21:22:23','2023-01-02 21:22:23'),(12,'camera-photos-videos',5,'Botble\\Ecommerce\\Models\\ProductCategory','product-categories','2023-01-02 21:22:23','2023-01-02 21:22:23'),(13,'cellphones-accessories',6,'Botble\\Ecommerce\\Models\\ProductCategory','product-categories','2023-01-02 21:22:23','2023-01-02 21:22:23'),(14,'headphones',7,'Botble\\Ecommerce\\Models\\ProductCategory','product-categories','2023-01-02 21:22:23','2023-01-02 21:22:23'),(15,'videos-games',8,'Botble\\Ecommerce\\Models\\ProductCategory','product-categories','2023-01-02 21:22:23','2023-01-02 21:22:23'),(16,'wireless-speakers',9,'Botble\\Ecommerce\\Models\\ProductCategory','product-categories','2023-01-02 21:22:23','2023-01-02 21:22:23'),(17,'office-electronic',10,'Botble\\Ecommerce\\Models\\ProductCategory','product-categories','2023-01-02 21:22:23','2023-01-02 21:22:23'),(18,'clothing',11,'Botble\\Ecommerce\\Models\\ProductCategory','product-categories','2023-01-02 21:22:23','2023-01-02 21:22:23'),(19,'computers',12,'Botble\\Ecommerce\\Models\\ProductCategory','product-categories','2023-01-02 21:22:23','2023-01-02 21:22:23'),(20,'computer-tablets',13,'Botble\\Ecommerce\\Models\\ProductCategory','product-categories','2023-01-02 21:22:23','2023-01-02 21:22:23'),(21,'laptop',14,'Botble\\Ecommerce\\Models\\ProductCategory','product-categories','2023-01-02 21:22:23','2023-01-02 21:22:23'),(22,'monitors',15,'Botble\\Ecommerce\\Models\\ProductCategory','product-categories','2023-01-02 21:22:23','2023-01-02 21:22:23'),(23,'computer-components',16,'Botble\\Ecommerce\\Models\\ProductCategory','product-categories','2023-01-02 21:22:23','2023-01-02 21:22:23'),(24,'home-kitchen',17,'Botble\\Ecommerce\\Models\\ProductCategory','product-categories','2023-01-02 21:22:23','2023-01-02 21:22:23'),(25,'health-beauty',18,'Botble\\Ecommerce\\Models\\ProductCategory','product-categories','2023-01-02 21:22:23','2023-01-02 21:22:23'),(26,'jewelry-watch',19,'Botble\\Ecommerce\\Models\\ProductCategory','product-categories','2023-01-02 21:22:23','2023-01-02 21:22:23'),(27,'technology-toys',20,'Botble\\Ecommerce\\Models\\ProductCategory','product-categories','2023-01-02 21:22:23','2023-01-02 21:22:23'),(28,'drive-storages',21,'Botble\\Ecommerce\\Models\\ProductCategory','product-categories','2023-01-02 21:22:23','2023-01-02 21:22:23'),(29,'gaming-laptop',22,'Botble\\Ecommerce\\Models\\ProductCategory','product-categories','2023-01-02 21:22:23','2023-01-02 21:22:23'),(30,'security-protection',23,'Botble\\Ecommerce\\Models\\ProductCategory','product-categories','2023-01-02 21:22:23','2023-01-02 21:22:23'),(31,'accessories',24,'Botble\\Ecommerce\\Models\\ProductCategory','product-categories','2023-01-02 21:22:23','2023-01-02 21:22:23'),(32,'phones',25,'Botble\\Ecommerce\\Models\\ProductCategory','product-categories','2023-01-02 21:22:23','2023-01-02 21:22:23'),(33,'babies-moms',26,'Botble\\Ecommerce\\Models\\ProductCategory','product-categories','2023-01-02 21:22:23','2023-01-02 21:22:23'),(34,'sport-outdoor',27,'Botble\\Ecommerce\\Models\\ProductCategory','product-categories','2023-01-02 21:22:23','2023-01-02 21:22:23'),(35,'books-office',28,'Botble\\Ecommerce\\Models\\ProductCategory','product-categories','2023-01-02 21:22:23','2023-01-02 21:22:23'),(36,'cars-motorcycles',29,'Botble\\Ecommerce\\Models\\ProductCategory','product-categories','2023-01-02 21:22:23','2023-01-02 21:22:23'),(37,'home-improvements',30,'Botble\\Ecommerce\\Models\\ProductCategory','product-categories','2023-01-02 21:22:23','2023-01-02 21:22:23'),(38,'wallet',1,'Botble\\Ecommerce\\Models\\ProductTag','product-tags','2023-01-02 21:22:23','2023-01-02 21:22:23'),(39,'bags',2,'Botble\\Ecommerce\\Models\\ProductTag','product-tags','2023-01-02 21:22:23','2023-01-02 21:22:23'),(40,'shoes',3,'Botble\\Ecommerce\\Models\\ProductTag','product-tags','2023-01-02 21:22:23','2023-01-02 21:22:23'),(41,'clothes',4,'Botble\\Ecommerce\\Models\\ProductTag','product-tags','2023-01-02 21:22:23','2023-01-02 21:22:23'),(42,'hand-bag',5,'Botble\\Ecommerce\\Models\\ProductTag','product-tags','2023-01-02 21:22:23','2023-01-02 21:22:23'),(43,'smart-home-speaker',1,'Botble\\Ecommerce\\Models\\Product','products','2023-01-02 21:22:28','2023-01-02 21:22:28'),(44,'headphone-ultra-bass',2,'Botble\\Ecommerce\\Models\\Product','products','2023-01-02 21:22:28','2023-01-02 21:22:28'),(45,'boxed-bluetooth-headphone',3,'Botble\\Ecommerce\\Models\\Product','products','2023-01-02 21:22:28','2023-01-02 21:22:28'),(46,'chikie-bluetooth-speaker',4,'Botble\\Ecommerce\\Models\\Product','products','2023-01-02 21:22:28','2023-01-02 21:22:28'),(47,'camera-hikvision-hk-35vs8',5,'Botble\\Ecommerce\\Models\\Product','products','2023-01-02 21:22:28','2023-01-02 21:22:28'),(48,'camera-samsung-ss-24',6,'Botble\\Ecommerce\\Models\\Product','products','2023-01-02 21:22:28','2023-01-02 21:22:28'),(49,'leather-watch-band',7,'Botble\\Ecommerce\\Models\\Product','products','2023-01-02 21:22:28','2023-01-02 21:22:28'),(50,'apple-iphone-13-plus',8,'Botble\\Ecommerce\\Models\\Product','products','2023-01-02 21:22:28','2023-01-02 21:22:28'),(51,'macbook-pro-2015',9,'Botble\\Ecommerce\\Models\\Product','products','2023-01-02 21:22:28','2023-01-02 21:22:28'),(52,'macbook-air-12-inch',10,'Botble\\Ecommerce\\Models\\Product','products','2023-01-02 21:22:28','2023-01-02 21:22:28'),(53,'apple-watch-serial-7',11,'Botble\\Ecommerce\\Models\\Product','products','2023-01-02 21:22:28','2023-01-02 21:22:28'),(54,'macbook-pro-13-inch',12,'Botble\\Ecommerce\\Models\\Product','products','2023-01-02 21:22:28','2023-01-02 21:22:28'),(55,'apple-keyboard',13,'Botble\\Ecommerce\\Models\\Product','products','2023-01-02 21:22:28','2023-01-02 21:22:28'),(56,'macsafe-80w',14,'Botble\\Ecommerce\\Models\\Product','products','2023-01-02 21:22:28','2023-01-02 21:22:28'),(57,'hand-playstation',15,'Botble\\Ecommerce\\Models\\Product','products','2023-01-02 21:22:28','2023-01-02 21:22:28'),(58,'apple-airpods-serial-3',16,'Botble\\Ecommerce\\Models\\Product','products','2023-01-02 21:22:28','2023-01-02 21:22:28'),(59,'cool-smart-watches',17,'Botble\\Ecommerce\\Models\\Product','products','2023-01-02 21:22:29','2023-01-02 21:22:29'),(60,'black-smart-watches',18,'Botble\\Ecommerce\\Models\\Product','products','2023-01-02 21:22:29','2023-01-02 21:22:29'),(61,'leather-watch-band-serial-3',19,'Botble\\Ecommerce\\Models\\Product','products','2023-01-02 21:22:29','2023-01-02 21:22:29'),(62,'macbook-pro-2015-13-inch',20,'Botble\\Ecommerce\\Models\\Product','products','2023-01-02 21:22:29','2023-01-02 21:22:29'),(63,'historic-alarm-clock',21,'Botble\\Ecommerce\\Models\\Product','products','2023-01-02 21:22:29','2023-01-02 21:22:29'),(64,'black-glasses',22,'Botble\\Ecommerce\\Models\\Product','products','2023-01-02 21:22:29','2023-01-02 21:22:29'),(65,'phillips-mouse',23,'Botble\\Ecommerce\\Models\\Product','products','2023-01-02 21:22:29','2023-01-02 21:22:29'),(66,'gaming-keyboard',24,'Botble\\Ecommerce\\Models\\Product','products','2023-01-02 21:22:29','2023-01-02 21:22:29'),(67,'ecommerce',1,'Botble\\Blog\\Models\\Category','blog','2023-01-02 21:22:35','2023-01-02 21:22:37'),(68,'fashion',2,'Botble\\Blog\\Models\\Category','blog','2023-01-02 21:22:35','2023-01-02 21:22:37'),(69,'electronic',3,'Botble\\Blog\\Models\\Category','blog','2023-01-02 21:22:35','2023-01-02 21:22:37'),(70,'commercial',4,'Botble\\Blog\\Models\\Category','blog','2023-01-02 21:22:35','2023-01-02 21:22:37'),(71,'general',1,'Botble\\Blog\\Models\\Tag','tag','2023-01-02 21:22:35','2023-01-02 21:22:35'),(72,'design',2,'Botble\\Blog\\Models\\Tag','tag','2023-01-02 21:22:35','2023-01-02 21:22:35'),(73,'fashion',3,'Botble\\Blog\\Models\\Tag','tag','2023-01-02 21:22:35','2023-01-02 21:22:35'),(74,'branding',4,'Botble\\Blog\\Models\\Tag','tag','2023-01-02 21:22:35','2023-01-02 21:22:35'),(75,'modern',5,'Botble\\Blog\\Models\\Tag','tag','2023-01-02 21:22:35','2023-01-02 21:22:35'),(76,'4-expert-tips-on-how-to-choose-the-right-mens-wallet',1,'Botble\\Blog\\Models\\Post','blog','2023-01-02 21:22:36','2023-01-02 21:22:37'),(77,'sexy-clutches-how-to-buy-amp-wear-a-designer-clutch-bag',2,'Botble\\Blog\\Models\\Post','blog','2023-01-02 21:22:36','2023-01-02 21:22:37'),(78,'the-top-2020-handbag-trends-to-know',3,'Botble\\Blog\\Models\\Post','blog','2023-01-02 21:22:36','2023-01-02 21:22:37'),(79,'how-to-match-the-color-of-your-handbag-with-an-outfit',4,'Botble\\Blog\\Models\\Post','blog','2023-01-02 21:22:36','2023-01-02 21:22:37'),(80,'how-to-care-for-leather-bags',5,'Botble\\Blog\\Models\\Post','blog','2023-01-02 21:22:36','2023-01-02 21:22:37'),(81,'were-crushing-hard-on-summers-10-biggest-bag-trends',6,'Botble\\Blog\\Models\\Post','blog','2023-01-02 21:22:36','2023-01-02 21:22:37'),(82,'essential-qualities-of-highly-successful-music',7,'Botble\\Blog\\Models\\Post','blog','2023-01-02 21:22:36','2023-01-02 21:22:37'),(83,'9-things-i-love-about-shaving-my-head',8,'Botble\\Blog\\Models\\Post','blog','2023-01-02 21:22:36','2023-01-02 21:22:37'),(84,'why-teamwork-really-makes-the-dream-work',9,'Botble\\Blog\\Models\\Post','blog','2023-01-02 21:22:36','2023-01-02 21:22:37'),(85,'the-world-caters-to-average-people',10,'Botble\\Blog\\Models\\Post','blog','2023-01-02 21:22:36','2023-01-02 21:22:37'),(86,'the-litigants-on-the-screen-are-not-actors',11,'Botble\\Blog\\Models\\Post','blog','2023-01-02 21:22:36','2023-01-02 21:22:37'),(87,'homepage',1,'Botble\\Page\\Models\\Page','','2023-01-02 21:22:36','2023-01-02 21:22:36'),(88,'homepage-2',2,'Botble\\Page\\Models\\Page','','2023-01-02 21:22:36','2023-01-02 21:22:36'),(89,'homepage-3',3,'Botble\\Page\\Models\\Page','','2023-01-02 21:22:36','2023-01-02 21:22:36'),(90,'homepage-4',4,'Botble\\Page\\Models\\Page','','2023-01-02 21:22:36','2023-01-02 21:22:36'),(91,'blog',5,'Botble\\Page\\Models\\Page','','2023-01-02 21:22:36','2023-01-02 21:22:36'),(92,'contact',6,'Botble\\Page\\Models\\Page','','2023-01-02 21:22:36','2023-01-02 21:22:36'),(93,'about-us',7,'Botble\\Page\\Models\\Page','','2023-01-02 21:22:36','2023-01-02 21:22:36'),(94,'cookie-policy',8,'Botble\\Page\\Models\\Page','','2023-01-02 21:22:36','2023-01-02 21:22:36'),(95,'terms-amp-conditions',9,'Botble\\Page\\Models\\Page','','2023-01-02 21:22:36','2023-01-02 21:22:36'),(96,'returns-amp-exchanges',10,'Botble\\Page\\Models\\Page','','2023-01-02 21:22:36','2023-01-02 21:22:36'),(97,'shipping-amp-delivery',11,'Botble\\Page\\Models\\Page','','2023-01-02 21:22:36','2023-01-02 21:22:36'),(98,'privacy-policy',12,'Botble\\Page\\Models\\Page','','2023-01-02 21:22:36','2023-01-02 21:22:36'),(99,'blog-left-sidebar',13,'Botble\\Page\\Models\\Page','','2023-01-02 21:22:36','2023-01-02 21:22:36'),(100,'faq',14,'Botble\\Page\\Models\\Page','','2023-01-02 21:22:37','2023-01-02 21:22:37');
/*!40000 ALTER TABLE `slugs` ENABLE KEYS */;
UNLOCK TABLES;

--
-- Table structure for table `states`
--

DROP TABLE IF EXISTS `states`;
/*!40101 SET @saved_cs_client     = @@character_set_client */;
/*!50503 SET character_set_client = utf8mb4 */;
CREATE TABLE `states` (
  `id` bigint unsigned NOT NULL AUTO_INCREMENT,
  `name` varchar(120) COLLATE utf8mb4_unicode_ci NOT NULL,
  `abbreviation` varchar(3) CHARACTER SET utf8mb4 COLLATE utf8mb4_unicode_ci DEFAULT NULL,
  `country_id` int unsigned DEFAULT NULL,
  `order` tinyint NOT NULL DEFAULT '0',
  `is_default` tinyint unsigned NOT NULL DEFAULT '0',
  `status` varchar(60) COLLATE utf8mb4_unicode_ci NOT NULL DEFAULT 'published',
  `created_at` timestamp NULL DEFAULT NULL,
  `updated_at` timestamp NULL DEFAULT NULL,
  PRIMARY KEY (`id`)
) ENGINE=InnoDB DEFAULT CHARSET=utf8mb4 COLLATE=utf8mb4_unicode_ci;
/*!40101 SET character_set_client = @saved_cs_client */;

--
-- Dumping data for table `states`
--

LOCK TABLES `states` WRITE;
/*!40000 ALTER TABLE `states` DISABLE KEYS */;
/*!40000 ALTER TABLE `states` ENABLE KEYS */;
UNLOCK TABLES;

--
-- Table structure for table `states_translations`
--

DROP TABLE IF EXISTS `states_translations`;
/*!40101 SET @saved_cs_client     = @@character_set_client */;
/*!50503 SET character_set_client = utf8mb4 */;
CREATE TABLE `states_translations` (
  `lang_code` varchar(191) COLLATE utf8mb4_unicode_ci NOT NULL,
  `states_id` int NOT NULL,
  `name` varchar(120) COLLATE utf8mb4_unicode_ci DEFAULT NULL,
  `abbreviation` varchar(3) CHARACTER SET utf8mb4 COLLATE utf8mb4_unicode_ci DEFAULT NULL,
  PRIMARY KEY (`lang_code`,`states_id`)
) ENGINE=InnoDB DEFAULT CHARSET=utf8mb4 COLLATE=utf8mb4_unicode_ci;
/*!40101 SET character_set_client = @saved_cs_client */;

--
-- Dumping data for table `states_translations`
--

LOCK TABLES `states_translations` WRITE;
/*!40000 ALTER TABLE `states_translations` DISABLE KEYS */;
/*!40000 ALTER TABLE `states_translations` ENABLE KEYS */;
UNLOCK TABLES;

--
-- Table structure for table `tags`
--

DROP TABLE IF EXISTS `tags`;
/*!40101 SET @saved_cs_client     = @@character_set_client */;
/*!50503 SET character_set_client = utf8mb4 */;
CREATE TABLE `tags` (
  `id` bigint unsigned NOT NULL AUTO_INCREMENT,
  `name` varchar(120) COLLATE utf8mb4_unicode_ci NOT NULL,
  `author_id` int NOT NULL,
  `author_type` varchar(255) CHARACTER SET utf8mb4 COLLATE utf8mb4_unicode_ci NOT NULL DEFAULT 'Botble\\ACL\\Models\\User',
  `description` varchar(400) COLLATE utf8mb4_unicode_ci DEFAULT '',
  `status` varchar(60) COLLATE utf8mb4_unicode_ci NOT NULL DEFAULT 'published',
  `created_at` timestamp NULL DEFAULT NULL,
  `updated_at` timestamp NULL DEFAULT NULL,
  PRIMARY KEY (`id`)
) ENGINE=InnoDB AUTO_INCREMENT=6 DEFAULT CHARSET=utf8mb4 COLLATE=utf8mb4_unicode_ci;
/*!40101 SET character_set_client = @saved_cs_client */;

--
-- Dumping data for table `tags`
--

LOCK TABLES `tags` WRITE;
/*!40000 ALTER TABLE `tags` DISABLE KEYS */;
INSERT INTO `tags` VALUES (1,'General',1,'Botble\\ACL\\Models\\User','','published','2023-01-02 21:22:35','2023-01-02 21:22:35'),(2,'Design',1,'Botble\\ACL\\Models\\User','','published','2023-01-02 21:22:35','2023-01-02 21:22:35'),(3,'Fashion',1,'Botble\\ACL\\Models\\User','','published','2023-01-02 21:22:35','2023-01-02 21:22:35'),(4,'Branding',1,'Botble\\ACL\\Models\\User','','published','2023-01-02 21:22:35','2023-01-02 21:22:35'),(5,'Modern',1,'Botble\\ACL\\Models\\User','','published','2023-01-02 21:22:35','2023-01-02 21:22:35');
/*!40000 ALTER TABLE `tags` ENABLE KEYS */;
UNLOCK TABLES;

--
-- Table structure for table `tags_translations`
--

DROP TABLE IF EXISTS `tags_translations`;
/*!40101 SET @saved_cs_client     = @@character_set_client */;
/*!50503 SET character_set_client = utf8mb4 */;
CREATE TABLE `tags_translations` (
  `lang_code` varchar(191) COLLATE utf8mb4_unicode_ci NOT NULL,
  `tags_id` int NOT NULL,
  `name` varchar(255) COLLATE utf8mb4_unicode_ci DEFAULT NULL,
  `description` varchar(400) COLLATE utf8mb4_unicode_ci DEFAULT NULL,
  PRIMARY KEY (`lang_code`,`tags_id`)
) ENGINE=InnoDB DEFAULT CHARSET=utf8mb4 COLLATE=utf8mb4_unicode_ci;
/*!40101 SET character_set_client = @saved_cs_client */;

--
-- Dumping data for table `tags_translations`
--

LOCK TABLES `tags_translations` WRITE;
/*!40000 ALTER TABLE `tags_translations` DISABLE KEYS */;
INSERT INTO `tags_translations` VALUES ('vi',1,'Chung',NULL),('vi',2,'Thiết kế',NULL),('vi',3,'Thời trang',NULL),('vi',4,'Thương hiệu',NULL),('vi',5,'Hiện đại',NULL);
/*!40000 ALTER TABLE `tags_translations` ENABLE KEYS */;
UNLOCK TABLES;

--
-- Table structure for table `translations`
--

DROP TABLE IF EXISTS `translations`;
/*!40101 SET @saved_cs_client     = @@character_set_client */;
/*!50503 SET character_set_client = utf8mb4 */;
CREATE TABLE `translations` (
  `id` bigint unsigned NOT NULL AUTO_INCREMENT,
  `status` int NOT NULL DEFAULT '0',
  `locale` varchar(191) COLLATE utf8mb4_unicode_ci NOT NULL,
  `group` varchar(191) COLLATE utf8mb4_unicode_ci NOT NULL,
  `key` varchar(191) COLLATE utf8mb4_unicode_ci NOT NULL,
  `value` text COLLATE utf8mb4_unicode_ci,
  `created_at` timestamp NULL DEFAULT NULL,
  `updated_at` timestamp NULL DEFAULT NULL,
  PRIMARY KEY (`id`)
) ENGINE=InnoDB AUTO_INCREMENT=4920 DEFAULT CHARSET=utf8mb4 COLLATE=utf8mb4_unicode_ci;
/*!40101 SET character_set_client = @saved_cs_client */;

--
-- Dumping data for table `translations`
--

LOCK TABLES `translations` WRITE;
/*!40000 ALTER TABLE `translations` DISABLE KEYS */;
INSERT INTO `translations` VALUES (1,1,'en','auth','failed','These credentials do not match our records.','2023-01-02 21:22:39','2023-01-02 21:22:39'),(2,1,'en','auth','password','The provided password is incorrect.','2023-01-02 21:22:39','2023-01-02 21:22:39'),(3,1,'en','auth','throttle','Too many login attempts. Please try again in :seconds seconds.','2023-01-02 21:22:39','2023-01-02 21:22:39'),(4,1,'en','pagination','previous','&laquo; Previous','2023-01-02 21:22:39','2023-01-02 21:22:39'),(5,1,'en','pagination','next','Next &raquo;','2023-01-02 21:22:39','2023-01-02 21:22:39'),(6,1,'en','passwords','reset','Your password has been reset!','2023-01-02 21:22:39','2023-01-02 21:22:39'),(7,1,'en','passwords','sent','We have emailed your password reset link!','2023-01-02 21:22:39','2023-01-02 21:22:39'),(8,1,'en','passwords','throttled','Please wait before retrying.','2023-01-02 21:22:39','2023-01-02 21:22:39'),(9,1,'en','passwords','token','This password reset token is invalid.','2023-01-02 21:22:39','2023-01-02 21:22:39'),(10,1,'en','passwords','user','We can\'t find a user with that email address.','2023-01-02 21:22:39','2023-01-02 21:22:39'),(11,1,'en','validation','accepted','The :attribute must be accepted.','2023-01-02 21:22:40','2023-01-02 21:22:40'),(12,1,'en','validation','accepted_if','The :attribute must be accepted when :other is :value.','2023-01-02 21:22:40','2023-01-02 21:22:40'),(13,1,'en','validation','active_url','The :attribute is not a valid URL.','2023-01-02 21:22:40','2023-01-02 21:22:40'),(14,1,'en','validation','after','The :attribute must be a date after :date.','2023-01-02 21:22:40','2023-01-02 21:22:40'),(15,1,'en','validation','after_or_equal','The :attribute must be a date after or equal to :date.','2023-01-02 21:22:40','2023-01-02 21:22:40'),(16,1,'en','validation','alpha','The :attribute must only contain letters.','2023-01-02 21:22:40','2023-01-02 21:22:40'),(17,1,'en','validation','alpha_dash','The :attribute must only contain letters, numbers, dashes and underscores.','2023-01-02 21:22:40','2023-01-02 21:22:40'),(18,1,'en','validation','alpha_num','The :attribute must only contain letters and numbers.','2023-01-02 21:22:40','2023-01-02 21:22:40'),(19,1,'en','validation','array','The :attribute must be an array.','2023-01-02 21:22:40','2023-01-02 21:22:40'),(20,1,'en','validation','ascii','The :attribute must only contain single-byte alphanumeric characters and symbols.','2023-01-02 21:22:40','2023-01-02 21:22:40'),(21,1,'en','validation','before','The :attribute must be a date before :date.','2023-01-02 21:22:40','2023-01-02 21:22:40'),(22,1,'en','validation','before_or_equal','The :attribute must be a date before or equal to :date.','2023-01-02 21:22:40','2023-01-02 21:22:40'),(23,1,'en','validation','between.array','The :attribute must have between :min and :max items.','2023-01-02 21:22:40','2023-01-02 21:22:40'),(24,1,'en','validation','between.file','The :attribute must be between :min and :max kilobytes.','2023-01-02 21:22:40','2023-01-02 21:22:40'),(25,1,'en','validation','between.numeric','The :attribute must be between :min and :max.','2023-01-02 21:22:40','2023-01-02 21:22:40'),(26,1,'en','validation','between.string','The :attribute must be between :min and :max characters.','2023-01-02 21:22:40','2023-01-02 21:22:40'),(27,1,'en','validation','boolean','The :attribute field must be true or false.','2023-01-02 21:22:40','2023-01-02 21:22:40'),(28,1,'en','validation','confirmed','The :attribute confirmation does not match.','2023-01-02 21:22:40','2023-01-02 21:22:40'),(29,1,'en','validation','current_password','The password is incorrect.','2023-01-02 21:22:40','2023-01-02 21:22:40'),(30,1,'en','validation','date','The :attribute is not a valid date.','2023-01-02 21:22:40','2023-01-02 21:22:40'),(31,1,'en','validation','date_equals','The :attribute must be a date equal to :date.','2023-01-02 21:22:40','2023-01-02 21:22:40'),(32,1,'en','validation','date_format','The :attribute does not match the format :format.','2023-01-02 21:22:40','2023-01-02 21:22:40'),(33,1,'en','validation','decimal','The :attribute must have :decimal decimal places.','2023-01-02 21:22:40','2023-01-02 21:22:40'),(34,1,'en','validation','declined','The :attribute must be declined.','2023-01-02 21:22:40','2023-01-02 21:22:40'),(35,1,'en','validation','declined_if','The :attribute must be declined when :other is :value.','2023-01-02 21:22:40','2023-01-02 21:22:40'),(36,1,'en','validation','different','The :attribute and :other must be different.','2023-01-02 21:22:40','2023-01-02 21:22:40'),(37,1,'en','validation','digits','The :attribute must be :digits digits.','2023-01-02 21:22:40','2023-01-02 21:22:40'),(38,1,'en','validation','digits_between','The :attribute must be between :min and :max digits.','2023-01-02 21:22:40','2023-01-02 21:22:40'),(39,1,'en','validation','dimensions','The :attribute has invalid image dimensions.','2023-01-02 21:22:40','2023-01-02 21:22:40'),(40,1,'en','validation','distinct','The :attribute field has a duplicate value.','2023-01-02 21:22:40','2023-01-02 21:22:40'),(41,1,'en','validation','doesnt_end_with','The :attribute may not end with one of the following: :values.','2023-01-02 21:22:40','2023-01-02 21:22:40'),(42,1,'en','validation','doesnt_start_with','The :attribute may not start with one of the following: :values.','2023-01-02 21:22:40','2023-01-02 21:22:40'),(43,1,'en','validation','email','The :attribute must be a valid email address.','2023-01-02 21:22:40','2023-01-02 21:22:40'),(44,1,'en','validation','ends_with','The :attribute must end with one of the following: :values.','2023-01-02 21:22:40','2023-01-02 21:22:40'),(45,1,'en','validation','enum','The selected :attribute is invalid.','2023-01-02 21:22:40','2023-01-02 21:22:40'),(46,1,'en','validation','exists','The selected :attribute is invalid.','2023-01-02 21:22:40','2023-01-02 21:22:40'),(47,1,'en','validation','file','The :attribute must be a file.','2023-01-02 21:22:40','2023-01-02 21:22:40'),(48,1,'en','validation','filled','The :attribute field must have a value.','2023-01-02 21:22:40','2023-01-02 21:22:40'),(49,1,'en','validation','gt.array','The :attribute must have more than :value items.','2023-01-02 21:22:40','2023-01-02 21:22:40'),(50,1,'en','validation','gt.file','The :attribute must be greater than :value kilobytes.','2023-01-02 21:22:40','2023-01-02 21:22:40'),(51,1,'en','validation','gt.numeric','The :attribute must be greater than :value.','2023-01-02 21:22:40','2023-01-02 21:22:40'),(52,1,'en','validation','gt.string','The :attribute must be greater than :value characters.','2023-01-02 21:22:40','2023-01-02 21:22:40'),(53,1,'en','validation','gte.array','The :attribute must have :value items or more.','2023-01-02 21:22:40','2023-01-02 21:22:40'),(54,1,'en','validation','gte.file','The :attribute must be greater than or equal to :value kilobytes.','2023-01-02 21:22:40','2023-01-02 21:22:40'),(55,1,'en','validation','gte.numeric','The :attribute must be greater than or equal to :value.','2023-01-02 21:22:40','2023-01-02 21:22:40'),(56,1,'en','validation','gte.string','The :attribute must be greater than or equal to :value characters.','2023-01-02 21:22:40','2023-01-02 21:22:40'),(57,1,'en','validation','image','The :attribute must be an image.','2023-01-02 21:22:40','2023-01-02 21:22:40'),(58,1,'en','validation','in','The selected :attribute is invalid.','2023-01-02 21:22:40','2023-01-02 21:22:40'),(59,1,'en','validation','in_array','The :attribute field does not exist in :other.','2023-01-02 21:22:40','2023-01-02 21:22:40'),(60,1,'en','validation','integer','The :attribute must be an integer.','2023-01-02 21:22:40','2023-01-02 21:22:40'),(61,1,'en','validation','ip','The :attribute must be a valid IP address.','2023-01-02 21:22:40','2023-01-02 21:22:40'),(62,1,'en','validation','ipv4','The :attribute must be a valid IPv4 address.','2023-01-02 21:22:40','2023-01-02 21:22:40'),(63,1,'en','validation','ipv6','The :attribute must be a valid IPv6 address.','2023-01-02 21:22:40','2023-01-02 21:22:40'),(64,1,'en','validation','json','The :attribute must be a valid JSON string.','2023-01-02 21:22:40','2023-01-02 21:22:40'),(65,1,'en','validation','lowercase','The :attribute must be lowercase.','2023-01-02 21:22:40','2023-01-02 21:22:40'),(66,1,'en','validation','lt.array','The :attribute must have less than :value items.','2023-01-02 21:22:40','2023-01-02 21:22:40'),(67,1,'en','validation','lt.file','The :attribute must be less than :value kilobytes.','2023-01-02 21:22:40','2023-01-02 21:22:40'),(68,1,'en','validation','lt.numeric','The :attribute must be less than :value.','2023-01-02 21:22:40','2023-01-02 21:22:40'),(69,1,'en','validation','lt.string','The :attribute must be less than :value characters.','2023-01-02 21:22:40','2023-01-02 21:22:40'),(70,1,'en','validation','lte.array','The :attribute must not have more than :value items.','2023-01-02 21:22:40','2023-01-02 21:22:40'),(71,1,'en','validation','lte.file','The :attribute must be less than or equal to :value kilobytes.','2023-01-02 21:22:40','2023-01-02 21:22:40'),(72,1,'en','validation','lte.numeric','The :attribute must be less than or equal to :value.','2023-01-02 21:22:40','2023-01-02 21:22:40'),(73,1,'en','validation','lte.string','The :attribute must be less than or equal to :value characters.','2023-01-02 21:22:40','2023-01-02 21:22:40'),(74,1,'en','validation','mac_address','The :attribute must be a valid MAC address.','2023-01-02 21:22:40','2023-01-02 21:22:40'),(75,1,'en','validation','max.array','The :attribute must not have more than :max items.','2023-01-02 21:22:40','2023-01-02 21:22:40'),(76,1,'en','validation','max.file','The :attribute must not be greater than :max kilobytes.','2023-01-02 21:22:40','2023-01-02 21:22:40'),(77,1,'en','validation','max.numeric','The :attribute must not be greater than :max.','2023-01-02 21:22:40','2023-01-02 21:22:40'),(78,1,'en','validation','max.string','The :attribute must not be greater than :max characters.','2023-01-02 21:22:40','2023-01-02 21:22:40'),(79,1,'en','validation','max_digits','The :attribute must not have more than :max digits.','2023-01-02 21:22:40','2023-01-02 21:22:40'),(80,1,'en','validation','mimes','The :attribute must be a file of type: :values.','2023-01-02 21:22:40','2023-01-02 21:22:40'),(81,1,'en','validation','mimetypes','The :attribute must be a file of type: :values.','2023-01-02 21:22:40','2023-01-02 21:22:40'),(82,1,'en','validation','min.array','The :attribute must have at least :min items.','2023-01-02 21:22:40','2023-01-02 21:22:40'),(83,1,'en','validation','min.file','The :attribute must be at least :min kilobytes.','2023-01-02 21:22:40','2023-01-02 21:22:40'),(84,1,'en','validation','min.numeric','The :attribute must be at least :min.','2023-01-02 21:22:40','2023-01-02 21:22:40'),(85,1,'en','validation','min.string','The :attribute must be at least :min characters.','2023-01-02 21:22:40','2023-01-02 21:22:40'),(86,1,'en','validation','min_digits','The :attribute must have at least :min digits.','2023-01-02 21:22:40','2023-01-02 21:22:40'),(87,1,'en','validation','multiple_of','The :attribute must be a multiple of :value.','2023-01-02 21:22:40','2023-01-02 21:22:40'),(88,1,'en','validation','not_in','The selected :attribute is invalid.','2023-01-02 21:22:40','2023-01-02 21:22:40'),(89,1,'en','validation','not_regex','The :attribute format is invalid.','2023-01-02 21:22:40','2023-01-02 21:22:40'),(90,1,'en','validation','numeric','The :attribute must be a number.','2023-01-02 21:22:40','2023-01-02 21:22:40'),(91,1,'en','validation','password.letters','The :attribute must contain at least one letter.','2023-01-02 21:22:40','2023-01-02 21:22:40'),(92,1,'en','validation','password.mixed','The :attribute must contain at least one uppercase and one lowercase letter.','2023-01-02 21:22:40','2023-01-02 21:22:40'),(93,1,'en','validation','password.numbers','The :attribute must contain at least one number.','2023-01-02 21:22:40','2023-01-02 21:22:40'),(94,1,'en','validation','password.symbols','The :attribute must contain at least one symbol.','2023-01-02 21:22:40','2023-01-02 21:22:40'),(95,1,'en','validation','password.uncompromised','The given :attribute has appeared in a data leak. Please choose a different :attribute.','2023-01-02 21:22:40','2023-01-02 21:22:40'),(96,1,'en','validation','present','The :attribute field must be present.','2023-01-02 21:22:40','2023-01-02 21:22:40'),(97,1,'en','validation','prohibited','The :attribute field is prohibited.','2023-01-02 21:22:40','2023-01-02 21:22:40'),(98,1,'en','validation','prohibited_if','The :attribute field is prohibited when :other is :value.','2023-01-02 21:22:40','2023-01-02 21:22:40'),(99,1,'en','validation','prohibited_unless','The :attribute field is prohibited unless :other is in :values.','2023-01-02 21:22:40','2023-01-02 21:22:40'),(100,1,'en','validation','prohibits','The :attribute field prohibits :other from being present.','2023-01-02 21:22:40','2023-01-02 21:22:40'),(101,1,'en','validation','regex','The :attribute format is invalid.','2023-01-02 21:22:40','2023-01-02 21:22:40'),(102,1,'en','validation','required','The :attribute field is required.','2023-01-02 21:22:40','2023-01-02 21:22:40'),(103,1,'en','validation','required_array_keys','The :attribute field must contain entries for: :values.','2023-01-02 21:22:40','2023-01-02 21:22:40'),(104,1,'en','validation','required_if','The :attribute field is required when :other is :value.','2023-01-02 21:22:40','2023-01-02 21:22:40'),(105,1,'en','validation','required_if_accepted','The :attribute field is required when :other is accepted.','2023-01-02 21:22:40','2023-01-02 21:22:40'),(106,1,'en','validation','required_unless','The :attribute field is required unless :other is in :values.','2023-01-02 21:22:40','2023-01-02 21:22:40'),(107,1,'en','validation','required_with','The :attribute field is required when :values is present.','2023-01-02 21:22:40','2023-01-02 21:22:40'),(108,1,'en','validation','required_with_all','The :attribute field is required when :values are present.','2023-01-02 21:22:40','2023-01-02 21:22:40'),(109,1,'en','validation','required_without','The :attribute field is required when :values is not present.','2023-01-02 21:22:40','2023-01-02 21:22:40'),(110,1,'en','validation','required_without_all','The :attribute field is required when none of :values are present.','2023-01-02 21:22:40','2023-01-02 21:22:40'),(111,1,'en','validation','same','The :attribute and :other must match.','2023-01-02 21:22:40','2023-01-02 21:22:40'),(112,1,'en','validation','size.array','The :attribute must contain :size items.','2023-01-02 21:22:40','2023-01-02 21:22:40'),(113,1,'en','validation','size.file','The :attribute must be :size kilobytes.','2023-01-02 21:22:40','2023-01-02 21:22:40'),(114,1,'en','validation','size.numeric','The :attribute must be :size.','2023-01-02 21:22:40','2023-01-02 21:22:40'),(115,1,'en','validation','size.string','The :attribute must be :size characters.','2023-01-02 21:22:40','2023-01-02 21:22:40'),(116,1,'en','validation','starts_with','The :attribute must start with one of the following: :values.','2023-01-02 21:22:40','2023-01-02 21:22:40'),(117,1,'en','validation','string','The :attribute must be a string.','2023-01-02 21:22:40','2023-01-02 21:22:40'),(118,1,'en','validation','timezone','The :attribute must be a valid timezone.','2023-01-02 21:22:40','2023-01-02 21:22:40'),(119,1,'en','validation','unique','The :attribute has already been taken.','2023-01-02 21:22:40','2023-01-02 21:22:40'),(120,1,'en','validation','uploaded','The :attribute failed to upload.','2023-01-02 21:22:40','2023-01-02 21:22:40'),(121,1,'en','validation','uppercase','The :attribute must be uppercase.','2023-01-02 21:22:40','2023-01-02 21:22:40'),(122,1,'en','validation','url','The :attribute must be a valid URL.','2023-01-02 21:22:40','2023-01-02 21:22:40'),(123,1,'en','validation','ulid','The :attribute must be a valid ULID.','2023-01-02 21:22:40','2023-01-02 21:22:40'),(124,1,'en','validation','uuid','The :attribute must be a valid UUID.','2023-01-02 21:22:40','2023-01-02 21:22:40'),(125,1,'en','validation','custom.attribute-name.rule-name','custom-message','2023-01-02 21:22:40','2023-01-02 21:22:40'),(126,1,'en','core/acl/api','api_clients','API Clients','2023-01-02 21:22:40','2023-01-02 21:22:40'),(127,1,'en','core/acl/api','create_new_client','Create new client','2023-01-02 21:22:40','2023-01-02 21:22:40'),(128,1,'en','core/acl/api','create_new_client_success','Create new client successfully!','2023-01-02 21:22:40','2023-01-02 21:22:40'),(129,1,'en','core/acl/api','edit_client','Edit client \":name\"','2023-01-02 21:22:40','2023-01-02 21:22:40'),(130,1,'en','core/acl/api','edit_client_success','Updated client successfully!','2023-01-02 21:22:40','2023-01-02 21:22:40'),(131,1,'en','core/acl/api','delete_success','Deleted client successfully!','2023-01-02 21:22:40','2023-01-02 21:22:40'),(132,1,'en','core/acl/api','confirm_delete_title','Confirm delete client \":name\"','2023-01-02 21:22:40','2023-01-02 21:22:40'),(133,1,'en','core/acl/api','confirm_delete_description','Do you really want to delete client \":name\"?','2023-01-02 21:22:40','2023-01-02 21:22:40'),(134,1,'en','core/acl/api','cancel_delete','No','2023-01-02 21:22:40','2023-01-02 21:22:40'),(135,1,'en','core/acl/api','continue_delete','Yes, let\'s delete it!','2023-01-02 21:22:40','2023-01-02 21:22:40'),(136,1,'en','core/acl/api','name','Name','2023-01-02 21:22:40','2023-01-02 21:22:40'),(137,1,'en','core/acl/api','cancel','Cancel','2023-01-02 21:22:40','2023-01-02 21:22:40'),(138,1,'en','core/acl/api','save','Save','2023-01-02 21:22:40','2023-01-02 21:22:40'),(139,1,'en','core/acl/api','edit','Edit','2023-01-02 21:22:40','2023-01-02 21:22:40'),(140,1,'en','core/acl/api','delete','Delete','2023-01-02 21:22:40','2023-01-02 21:22:40'),(141,1,'en','core/acl/api','client_id','Client ID','2023-01-02 21:22:40','2023-01-02 21:22:40'),(142,1,'en','core/acl/api','secret','Secret','2023-01-02 21:22:40','2023-01-02 21:22:40'),(143,1,'en','core/acl/auth','login.username','Email/Username','2023-01-02 21:22:40','2023-01-02 21:22:40'),(144,1,'en','core/acl/auth','login.email','Email','2023-01-02 21:22:40','2023-01-02 21:22:40'),(145,1,'en','core/acl/auth','login.password','Password','2023-01-02 21:22:40','2023-01-02 21:22:40'),(146,1,'en','core/acl/auth','login.title','User Login','2023-01-02 21:22:40','2023-01-02 21:22:40'),(147,1,'en','core/acl/auth','login.remember','Remember me?','2023-01-02 21:22:40','2023-01-02 21:22:40'),(148,1,'en','core/acl/auth','login.login','Sign in','2023-01-02 21:22:40','2023-01-02 21:22:40'),(149,1,'en','core/acl/auth','login.placeholder.username','Please enter your username','2023-01-02 21:22:40','2023-01-02 21:22:40'),(150,1,'en','core/acl/auth','login.placeholder.email','Please enter your email','2023-01-02 21:22:40','2023-01-02 21:22:40'),(151,1,'en','core/acl/auth','login.success','Login successfully!','2023-01-02 21:22:40','2023-01-02 21:22:40'),(152,1,'en','core/acl/auth','login.fail','Wrong username or password.','2023-01-02 21:22:40','2023-01-02 21:22:40'),(153,1,'en','core/acl/auth','login.not_active','Your account has not been activated yet!','2023-01-02 21:22:40','2023-01-02 21:22:40'),(154,1,'en','core/acl/auth','login.banned','This account is banned.','2023-01-02 21:22:40','2023-01-02 21:22:40'),(155,1,'en','core/acl/auth','login.logout_success','Logout successfully!','2023-01-02 21:22:40','2023-01-02 21:22:40'),(156,1,'en','core/acl/auth','login.dont_have_account','You don\'t have account on this system, please contact administrator for more information!','2023-01-02 21:22:40','2023-01-02 21:22:40'),(157,1,'en','core/acl/auth','forgot_password.title','Forgot Password','2023-01-02 21:22:40','2023-01-02 21:22:40'),(158,1,'en','core/acl/auth','forgot_password.message','<p>Have you forgotten your password?</p><p>Please enter your email account. System will send a email with active link to reset your password.</p>','2023-01-02 21:22:40','2023-01-02 21:22:40'),(159,1,'en','core/acl/auth','forgot_password.submit','Submit','2023-01-02 21:22:40','2023-01-02 21:22:40'),(160,1,'en','core/acl/auth','reset.new_password','New password','2023-01-02 21:22:40','2023-01-02 21:22:40'),(161,1,'en','core/acl/auth','reset.password_confirmation','Confirm new password','2023-01-02 21:22:40','2023-01-02 21:22:40'),(162,1,'en','core/acl/auth','reset.email','Email','2023-01-02 21:22:40','2023-01-02 21:22:40'),(163,1,'en','core/acl/auth','reset.title','Reset your password','2023-01-02 21:22:40','2023-01-02 21:22:40'),(164,1,'en','core/acl/auth','reset.update','Update','2023-01-02 21:22:40','2023-01-02 21:22:40'),(165,1,'en','core/acl/auth','reset.wrong_token','This link is invalid or expired. Please try using reset form again.','2023-01-02 21:22:40','2023-01-02 21:22:40'),(166,1,'en','core/acl/auth','reset.user_not_found','This username is not exist.','2023-01-02 21:22:40','2023-01-02 21:22:40'),(167,1,'en','core/acl/auth','reset.success','Reset password successfully!','2023-01-02 21:22:40','2023-01-02 21:22:40'),(168,1,'en','core/acl/auth','reset.fail','Token is invalid, the reset password link has been expired!','2023-01-02 21:22:40','2023-01-02 21:22:40'),(169,1,'en','core/acl/auth','reset.reset.title','Email reset password','2023-01-02 21:22:40','2023-01-02 21:22:40'),(170,1,'en','core/acl/auth','reset.send.success','A email was sent to your email account. Please check and complete this action.','2023-01-02 21:22:40','2023-01-02 21:22:40'),(171,1,'en','core/acl/auth','reset.send.fail','Can not send email in this time. Please try again later.','2023-01-02 21:22:40','2023-01-02 21:22:40'),(172,1,'en','core/acl/auth','reset.new-password','New password','2023-01-02 21:22:40','2023-01-02 21:22:40'),(173,1,'en','core/acl/auth','email.reminder.title','Email reset password','2023-01-02 21:22:40','2023-01-02 21:22:40'),(174,1,'en','core/acl/auth','password_confirmation','Password confirm','2023-01-02 21:22:40','2023-01-02 21:22:40'),(175,1,'en','core/acl/auth','failed','Failed','2023-01-02 21:22:40','2023-01-02 21:22:40'),(176,1,'en','core/acl/auth','throttle','Throttle','2023-01-02 21:22:40','2023-01-02 21:22:40'),(177,1,'en','core/acl/auth','not_member','Not a member yet?','2023-01-02 21:22:40','2023-01-02 21:22:40'),(178,1,'en','core/acl/auth','register_now','Register now','2023-01-02 21:22:40','2023-01-02 21:22:40'),(179,1,'en','core/acl/auth','lost_your_password','Lost your password?','2023-01-02 21:22:40','2023-01-02 21:22:40'),(180,1,'en','core/acl/auth','login_title','Admin','2023-01-02 21:22:40','2023-01-02 21:22:40'),(181,1,'en','core/acl/auth','login_via_social','Login with social networks','2023-01-02 21:22:40','2023-01-02 21:22:40'),(182,1,'en','core/acl/auth','back_to_login','Back to login page','2023-01-02 21:22:40','2023-01-02 21:22:40'),(183,1,'en','core/acl/auth','sign_in_below','Sign In Below','2023-01-02 21:22:40','2023-01-02 21:22:40'),(184,1,'en','core/acl/auth','languages','Languages','2023-01-02 21:22:40','2023-01-02 21:22:40'),(185,1,'en','core/acl/auth','reset_password','Reset Password','2023-01-02 21:22:40','2023-01-02 21:22:40'),(186,1,'en','core/acl/auth','settings.email.title','ACL','2023-01-02 21:22:40','2023-01-02 21:22:40'),(187,1,'en','core/acl/auth','settings.email.description','ACL email configuration','2023-01-02 21:22:40','2023-01-02 21:22:40'),(188,1,'en','core/acl/permissions','notices.role_in_use','Cannot delete this role, it is still in use!','2023-01-02 21:22:40','2023-01-02 21:22:40'),(189,1,'en','core/acl/permissions','notices.role_delete_belong_user','You are not able to delete this role; it belongs to someone else!','2023-01-02 21:22:40','2023-01-02 21:22:40'),(190,1,'en','core/acl/permissions','notices.role_edit_belong_user','You are not able to edit this role; it belongs to someone else!','2023-01-02 21:22:40','2023-01-02 21:22:40'),(191,1,'en','core/acl/permissions','notices.delete_global_role','You are not allowed to delete global roles!','2023-01-02 21:22:40','2023-01-02 21:22:40'),(192,1,'en','core/acl/permissions','notices.delete_success','The selected role was deleted successfully!','2023-01-02 21:22:40','2023-01-02 21:22:40'),(193,1,'en','core/acl/permissions','notices.modified_success','The selected role was modified successfully!','2023-01-02 21:22:40','2023-01-02 21:22:40'),(194,1,'en','core/acl/permissions','notices.create_success','The new role was successfully created','2023-01-02 21:22:40','2023-01-02 21:22:40'),(195,1,'en','core/acl/permissions','notices.duplicated_success','The selected role was duplicated successfully','2023-01-02 21:22:40','2023-01-02 21:22:40'),(196,1,'en','core/acl/permissions','notices.no_select','Please select at least one record to take this action!','2023-01-02 21:22:40','2023-01-02 21:22:40'),(197,1,'en','core/acl/permissions','notices.not_found','Role not found','2023-01-02 21:22:40','2023-01-02 21:22:40'),(198,1,'en','core/acl/permissions','name','Name','2023-01-02 21:22:40','2023-01-02 21:22:40'),(199,1,'en','core/acl/permissions','current_role','Current Role','2023-01-02 21:22:40','2023-01-02 21:22:40'),(200,1,'en','core/acl/permissions','no_role_assigned','No role assigned','2023-01-02 21:22:40','2023-01-02 21:22:40'),(201,1,'en','core/acl/permissions','role_assigned','Assigned Role','2023-01-02 21:22:40','2023-01-02 21:22:40'),(202,1,'en','core/acl/permissions','create_role','Create New Role','2023-01-02 21:22:40','2023-01-02 21:22:40'),(203,1,'en','core/acl/permissions','role_name','Name','2023-01-02 21:22:40','2023-01-02 21:22:40'),(204,1,'en','core/acl/permissions','role_description','Description','2023-01-02 21:22:40','2023-01-02 21:22:40'),(205,1,'en','core/acl/permissions','permission_flags','Permission Flags','2023-01-02 21:22:40','2023-01-02 21:22:40'),(206,1,'en','core/acl/permissions','cancel','Cancel','2023-01-02 21:22:40','2023-01-02 21:22:40'),(207,1,'en','core/acl/permissions','reset','Reset','2023-01-02 21:22:40','2023-01-02 21:22:40'),(208,1,'en','core/acl/permissions','save','Save','2023-01-02 21:22:40','2023-01-02 21:22:40'),(209,1,'en','core/acl/permissions','global_role_msg','This is a global role and cannot be modified.  You can use the Duplicate button to make a copy of this role that you can then modify.','2023-01-02 21:22:40','2023-01-02 21:22:40'),(210,1,'en','core/acl/permissions','details','Details','2023-01-02 21:22:40','2023-01-02 21:22:40'),(211,1,'en','core/acl/permissions','duplicate','Duplicate','2023-01-02 21:22:40','2023-01-02 21:22:40'),(212,1,'en','core/acl/permissions','all','All Permissions','2023-01-02 21:22:40','2023-01-02 21:22:40'),(213,1,'en','core/acl/permissions','list_role','List Roles','2023-01-02 21:22:40','2023-01-02 21:22:40'),(214,1,'en','core/acl/permissions','created_on','Created On','2023-01-02 21:22:40','2023-01-02 21:22:40'),(215,1,'en','core/acl/permissions','created_by','Created By','2023-01-02 21:22:40','2023-01-02 21:22:40'),(216,1,'en','core/acl/permissions','actions','Actions','2023-01-02 21:22:40','2023-01-02 21:22:40'),(217,1,'en','core/acl/permissions','role_in_use','Cannot delete this role, it is still in use!','2023-01-02 21:22:40','2023-01-02 21:22:40'),(218,1,'en','core/acl/permissions','role_delete_belong_user','You are not able to delete this role; it belongs to someone else!','2023-01-02 21:22:40','2023-01-02 21:22:40'),(219,1,'en','core/acl/permissions','delete_global_role','Can not delete global role','2023-01-02 21:22:40','2023-01-02 21:22:40'),(220,1,'en','core/acl/permissions','delete_success','Delete role successfully','2023-01-02 21:22:40','2023-01-02 21:22:40'),(221,1,'en','core/acl/permissions','no_select','Please select at least one role to take this action!','2023-01-02 21:22:40','2023-01-02 21:22:40'),(222,1,'en','core/acl/permissions','not_found','No role found!','2023-01-02 21:22:40','2023-01-02 21:22:40'),(223,1,'en','core/acl/permissions','role_edit_belong_user','You are not able to edit this role; it belongs to someone else!','2023-01-02 21:22:40','2023-01-02 21:22:40'),(224,1,'en','core/acl/permissions','modified_success','Modified successfully','2023-01-02 21:22:40','2023-01-02 21:22:40'),(225,1,'en','core/acl/permissions','create_success','Create successfully','2023-01-02 21:22:40','2023-01-02 21:22:40'),(226,1,'en','core/acl/permissions','duplicated_success','Duplicated successfully','2023-01-02 21:22:40','2023-01-02 21:22:40'),(227,1,'en','core/acl/permissions','options','Options','2023-01-02 21:22:40','2023-01-02 21:22:40'),(228,1,'en','core/acl/permissions','access_denied_message','You are not allowed to do this action','2023-01-02 21:22:40','2023-01-02 21:22:40'),(229,1,'en','core/acl/permissions','roles','Roles','2023-01-02 21:22:40','2023-01-02 21:22:40'),(230,1,'en','core/acl/permissions','role_permission','Roles and Permissions','2023-01-02 21:22:40','2023-01-02 21:22:40'),(231,1,'en','core/acl/permissions','user_management','User Management','2023-01-02 21:22:40','2023-01-02 21:22:40'),(232,1,'en','core/acl/permissions','super_user_management','Super User Management','2023-01-02 21:22:40','2023-01-02 21:22:40'),(233,1,'en','core/acl/permissions','action_unauthorized','This action is unauthorized.','2023-01-02 21:22:40','2023-01-02 21:22:40'),(234,1,'en','core/acl/reminders','password','Passwords must be at least six characters and match the confirmation.','2023-01-02 21:22:40','2023-01-02 21:22:40'),(235,1,'en','core/acl/reminders','user','We can\'t find a user with that e-mail address.','2023-01-02 21:22:40','2023-01-02 21:22:40'),(236,1,'en','core/acl/reminders','token','This password reset token is invalid.','2023-01-02 21:22:40','2023-01-02 21:22:40'),(237,1,'en','core/acl/reminders','sent','Password reminder sent!','2023-01-02 21:22:40','2023-01-02 21:22:40'),(238,1,'en','core/acl/reminders','reset','Password has been reset!','2023-01-02 21:22:40','2023-01-02 21:22:40'),(239,1,'en','core/acl/users','delete_user_logged_in','Can\'t delete this user. This user is logged on!','2023-01-02 21:22:40','2023-01-02 21:22:40'),(240,1,'en','core/acl/users','no_select','Please select at least one record to take this action!','2023-01-02 21:22:40','2023-01-02 21:22:40'),(241,1,'en','core/acl/users','lock_user_logged_in','Can\'t lock this user. This user is logged on!','2023-01-02 21:22:40','2023-01-02 21:22:40'),(242,1,'en','core/acl/users','update_success','Update status successfully!','2023-01-02 21:22:40','2023-01-02 21:22:40'),(243,1,'en','core/acl/users','save_setting_failed','Something went wrong when save your setting','2023-01-02 21:22:40','2023-01-02 21:22:40'),(244,1,'en','core/acl/users','not_found','User not found','2023-01-02 21:22:40','2023-01-02 21:22:40'),(245,1,'en','core/acl/users','email_exist','That email address already belongs to an existing account','2023-01-02 21:22:40','2023-01-02 21:22:40'),(246,1,'en','core/acl/users','username_exist','That username address already belongs to an existing account','2023-01-02 21:22:40','2023-01-02 21:22:40'),(247,1,'en','core/acl/users','update_profile_success','Your profile changes were successfully saved','2023-01-02 21:22:40','2023-01-02 21:22:40'),(248,1,'en','core/acl/users','password_update_success','Password successfully changed','2023-01-02 21:22:40','2023-01-02 21:22:40'),(249,1,'en','core/acl/users','current_password_not_valid','Current password is not valid','2023-01-02 21:22:40','2023-01-02 21:22:40'),(250,1,'en','core/acl/users','user_exist_in','User is already a member','2023-01-02 21:22:40','2023-01-02 21:22:40'),(251,1,'en','core/acl/users','email','Email','2023-01-02 21:22:40','2023-01-02 21:22:40'),(252,1,'en','core/acl/users','role','Role','2023-01-02 21:22:40','2023-01-02 21:22:40'),(253,1,'en','core/acl/users','username','Username','2023-01-02 21:22:40','2023-01-02 21:22:40'),(254,1,'en','core/acl/users','last_name','Last Name','2023-01-02 21:22:40','2023-01-02 21:22:40'),(255,1,'en','core/acl/users','first_name','First Name','2023-01-02 21:22:40','2023-01-02 21:22:40'),(256,1,'en','core/acl/users','message','Message','2023-01-02 21:22:40','2023-01-02 21:22:40'),(257,1,'en','core/acl/users','cancel_btn','Cancel','2023-01-02 21:22:40','2023-01-02 21:22:40'),(258,1,'en','core/acl/users','change_password','Change password','2023-01-02 21:22:40','2023-01-02 21:22:40'),(259,1,'en','core/acl/users','current_password','Current password','2023-01-02 21:22:40','2023-01-02 21:22:40'),(260,1,'en','core/acl/users','new_password','New Password','2023-01-02 21:22:40','2023-01-02 21:22:40'),(261,1,'en','core/acl/users','confirm_new_password','Confirm New Password','2023-01-02 21:22:40','2023-01-02 21:22:40'),(262,1,'en','core/acl/users','password','Password','2023-01-02 21:22:40','2023-01-02 21:22:40'),(263,1,'en','core/acl/users','save','Save','2023-01-02 21:22:40','2023-01-02 21:22:40'),(264,1,'en','core/acl/users','cannot_delete','User could not be deleted','2023-01-02 21:22:40','2023-01-02 21:22:40'),(265,1,'en','core/acl/users','deleted','User deleted','2023-01-02 21:22:40','2023-01-02 21:22:40'),(266,1,'en','core/acl/users','last_login','Last Login','2023-01-02 21:22:40','2023-01-02 21:22:40'),(267,1,'en','core/acl/users','error_update_profile_image','Error when update profile image','2023-01-02 21:22:40','2023-01-02 21:22:40'),(268,1,'en','core/acl/users','email_reminder_template','<h3>Hello :name</h3><p>The system has received a request to restore the password for your account, to complete this task please click the link below.</p><p><a href=\":link\">Reset password now</a></p><p>If not you ask recover password, please ignore this email.</p><p>This email is valid for 60 minutes after receiving the email.</p>','2023-01-02 21:22:40','2023-01-02 21:22:40'),(269,1,'en','core/acl/users','change_profile_image','Change Profile Image','2023-01-02 21:22:40','2023-01-02 21:22:40'),(270,1,'en','core/acl/users','new_image','New Image','2023-01-02 21:22:40','2023-01-02 21:22:40'),(271,1,'en','core/acl/users','loading','Loading','2023-01-02 21:22:40','2023-01-02 21:22:40'),(272,1,'en','core/acl/users','close','Close','2023-01-02 21:22:40','2023-01-02 21:22:40'),(273,1,'en','core/acl/users','update','Update','2023-01-02 21:22:40','2023-01-02 21:22:40'),(274,1,'en','core/acl/users','read_image_failed','Failed to read the image file','2023-01-02 21:22:40','2023-01-02 21:22:40'),(275,1,'en','core/acl/users','users','Users','2023-01-02 21:22:40','2023-01-02 21:22:40'),(276,1,'en','core/acl/users','update_avatar_success','Update profile image successfully!','2023-01-02 21:22:40','2023-01-02 21:22:40'),(277,1,'en','core/acl/users','info.title','User profile','2023-01-02 21:22:40','2023-01-02 21:22:40'),(278,1,'en','core/acl/users','info.first_name','First Name','2023-01-02 21:22:40','2023-01-02 21:22:40'),(279,1,'en','core/acl/users','info.last_name','Last Name','2023-01-02 21:22:40','2023-01-02 21:22:40'),(280,1,'en','core/acl/users','total_users','Total users','2023-01-02 21:22:40','2023-01-02 21:22:40'),(281,1,'en','core/acl/users','statuses.activated','Activated','2023-01-02 21:22:40','2023-01-02 21:22:40'),(282,1,'en','core/acl/users','statuses.deactivated','Deactivated','2023-01-02 21:22:40','2023-01-02 21:22:40'),(283,1,'en','core/acl/users','make_super','Make super','2023-01-02 21:22:40','2023-01-02 21:22:40'),(284,1,'en','core/acl/users','remove_super','Remove super','2023-01-02 21:22:40','2023-01-02 21:22:40'),(285,1,'en','core/acl/users','is_super','Is super?','2023-01-02 21:22:40','2023-01-02 21:22:40'),(286,1,'en','core/acl/users','email_placeholder','Ex: example@gmail.com','2023-01-02 21:22:40','2023-01-02 21:22:40'),(287,1,'en','core/acl/users','password_confirmation','Re-type password','2023-01-02 21:22:40','2023-01-02 21:22:40'),(288,1,'en','core/acl/users','select_role','Select role','2023-01-02 21:22:40','2023-01-02 21:22:40'),(289,1,'en','core/acl/users','create_new_user','Create a new user','2023-01-02 21:22:40','2023-01-02 21:22:40'),(290,1,'en','core/acl/users','cannot_delete_super_user','Permission denied. Cannot delete a super user!','2023-01-02 21:22:40','2023-01-02 21:22:40'),(291,1,'en','core/acl/users','assigned_role','Assigned Role','2023-01-02 21:22:40','2023-01-02 21:22:40'),(292,1,'en','core/acl/users','no_role_assigned','No role assigned','2023-01-02 21:22:40','2023-01-02 21:22:40'),(293,1,'en','core/acl/users','view_user_profile','View user\'s profile','2023-01-02 21:22:40','2023-01-02 21:22:40'),(294,1,'vi','core/acl/auth','login.username','Email/Tên truy cập','2023-01-02 21:22:40','2023-01-02 21:22:40'),(295,1,'vi','core/acl/auth','login.password','Mật khẩu','2023-01-02 21:22:40','2023-01-02 21:22:40'),(296,1,'vi','core/acl/auth','login.title','Đăng nhập vào quản trị','2023-01-02 21:22:40','2023-01-02 21:22:40'),(297,1,'vi','core/acl/auth','login.remember','Nhớ mật khẩu?','2023-01-02 21:22:40','2023-01-02 21:22:40'),(298,1,'vi','core/acl/auth','login.login','Đăng nhập','2023-01-02 21:22:40','2023-01-02 21:22:40'),(299,1,'vi','core/acl/auth','login.placeholder.username','Vui lòng nhập tên truy cập','2023-01-02 21:22:40','2023-01-02 21:22:40'),(300,1,'vi','core/acl/auth','login.placeholder.email','Vui lòng nhập email','2023-01-02 21:22:40','2023-01-02 21:22:40'),(301,1,'vi','core/acl/auth','login.success','Đăng nhập thành công!','2023-01-02 21:22:40','2023-01-02 21:22:40'),(302,1,'vi','core/acl/auth','login.fail','Sai tên truy cập hoặc mật khẩu.','2023-01-02 21:22:40','2023-01-02 21:22:40'),(303,1,'vi','core/acl/auth','login.not_active','Tài khoản của bạn chưa được kích hoạt!','2023-01-02 21:22:40','2023-01-02 21:22:40'),(304,1,'vi','core/acl/auth','login.banned','Tài khoản này đã bị khóa.','2023-01-02 21:22:40','2023-01-02 21:22:40'),(305,1,'vi','core/acl/auth','login.logout_success','Đăng xuất thành công!','2023-01-02 21:22:40','2023-01-02 21:22:40'),(306,1,'vi','core/acl/auth','login.dont_have_account','Bạn không có tài khoản trong hệ thống, vui lòng liên hệ quản trị viên!','2023-01-02 21:22:40','2023-01-02 21:22:40'),(307,1,'vi','core/acl/auth','login.email','Email','2023-01-02 21:22:40','2023-01-02 21:22:40'),(308,1,'vi','core/acl/auth','forgot_password.title','Quên mật khẩu','2023-01-02 21:22:40','2023-01-02 21:22:40'),(309,1,'vi','core/acl/auth','forgot_password.message','<p>Quên mật khẩu?</p><p>Vui lòng nhập email đăng nhập tài khoản của bạn để hệ thống gửi liên kết khôi phục mật khẩu.</p>','2023-01-02 21:22:40','2023-01-02 21:22:40'),(310,1,'vi','core/acl/auth','forgot_password.submit','Hoàn tất','2023-01-02 21:22:40','2023-01-02 21:22:40'),(311,1,'vi','core/acl/auth','reset.new_password','Mật khẩu mới','2023-01-02 21:22:40','2023-01-02 21:22:40'),(312,1,'vi','core/acl/auth','reset.title','Khôi phục mật khẩu','2023-01-02 21:22:40','2023-01-02 21:22:40'),(313,1,'vi','core/acl/auth','reset.update','Cập nhật','2023-01-02 21:22:40','2023-01-02 21:22:40'),(314,1,'vi','core/acl/auth','reset.wrong_token','Liên kết này không chính xác hoặc đã hết hiệu lực, vui lòng yêu cầu khôi phục mật khẩu lại!','2023-01-02 21:22:40','2023-01-02 21:22:40'),(315,1,'vi','core/acl/auth','reset.user_not_found','Tên đăng nhập không tồn tại.','2023-01-02 21:22:40','2023-01-02 21:22:40'),(316,1,'vi','core/acl/auth','reset.success','Khôi phục mật khẩu thành công!','2023-01-02 21:22:40','2023-01-02 21:22:40'),(317,1,'vi','core/acl/auth','reset.fail','Token không hợp lệ hoặc liên kết khôi phục mật khẩu đã hết thời gian hiệu lực!','2023-01-02 21:22:40','2023-01-02 21:22:40'),(318,1,'vi','core/acl/auth','reset.reset.title','Email khôi phục mật khẩu','2023-01-02 21:22:40','2023-01-02 21:22:40'),(319,1,'vi','core/acl/auth','reset.send.success','Một email khôi phục mật khẩu đã được gửi tới email của bạn, vui lòng kiểm tra và hoàn tất yêu cầu.','2023-01-02 21:22:40','2023-01-02 21:22:40'),(320,1,'vi','core/acl/auth','reset.send.fail','Không thể gửi email trong lúc này. Vui lòng thực hiện lại sau.','2023-01-02 21:22:40','2023-01-02 21:22:40'),(321,1,'vi','core/acl/auth','reset.new-password','Mật khẩu mới','2023-01-02 21:22:40','2023-01-02 21:22:40'),(322,1,'vi','core/acl/auth','reset.email','Email','2023-01-02 21:22:40','2023-01-02 21:22:40'),(323,1,'vi','core/acl/auth','reset.password_confirmation','Xác nhận mật khẩu mới','2023-01-02 21:22:40','2023-01-02 21:22:40'),(324,1,'vi','core/acl/auth','email.reminder.title','Email khôi phục mật khẩu','2023-01-02 21:22:40','2023-01-02 21:22:40'),(325,1,'vi','core/acl/auth','failed','Không thành công','2023-01-02 21:22:40','2023-01-02 21:22:40'),(326,1,'vi','core/acl/auth','throttle','Throttle','2023-01-02 21:22:40','2023-01-02 21:22:40'),(327,1,'vi','core/acl/auth','back_to_login','Quay lại trang đăng nhập','2023-01-02 21:22:40','2023-01-02 21:22:40'),(328,1,'vi','core/acl/auth','login_title','Đăng nhập vào quản trị','2023-01-02 21:22:40','2023-01-02 21:22:40'),(329,1,'vi','core/acl/auth','login_via_social','Đăng nhập thông qua mạng xã hội','2023-01-02 21:22:40','2023-01-02 21:22:40'),(330,1,'vi','core/acl/auth','lost_your_password','Quên mật khẩu?','2023-01-02 21:22:40','2023-01-02 21:22:40'),(331,1,'vi','core/acl/auth','not_member','Chưa là thành viên?','2023-01-02 21:22:40','2023-01-02 21:22:40'),(332,1,'vi','core/acl/auth','register_now','Đăng ký ngay','2023-01-02 21:22:40','2023-01-02 21:22:40'),(333,1,'vi','core/acl/auth','languages','Ngôn ngữ','2023-01-02 21:22:40','2023-01-02 21:22:40'),(334,1,'vi','core/acl/auth','password_confirmation','Xác nhận mật khẩu','2023-01-02 21:22:40','2023-01-02 21:22:40'),(335,1,'vi','core/acl/auth','reset_password','Khôi phục mật khẩu','2023-01-02 21:22:40','2023-01-02 21:22:40'),(336,1,'vi','core/acl/auth','sign_in_below','Đăng nhập','2023-01-02 21:22:40','2023-01-02 21:22:40'),(337,1,'vi','core/acl/permissions','notices.role_in_use','Không thể xóa quyền người dùng này vì nó đang được sử dụng!','2023-01-02 21:22:40','2023-01-02 21:22:40'),(338,1,'vi','core/acl/permissions','notices.role_delete_belong_user','Không thể xóa quyền hạn này vì nó thuộc về người khác!','2023-01-02 21:22:40','2023-01-02 21:22:40'),(339,1,'vi','core/acl/permissions','notices.role_edit_belong_user','Bạn không được phép sửa quyền này vì nó thuộc về người khác','2023-01-02 21:22:40','2023-01-02 21:22:40'),(340,1,'vi','core/acl/permissions','notices.delete_global_role','Bạn không thể xóa quyền người dùng hệ thống!','2023-01-02 21:22:40','2023-01-02 21:22:40'),(341,1,'vi','core/acl/permissions','notices.delete_success','Quyền người dùng đã được xóa!','2023-01-02 21:22:40','2023-01-02 21:22:40'),(342,1,'vi','core/acl/permissions','notices.modified_success','Quyền người dùng đã được cập nhật thành công!','2023-01-02 21:22:40','2023-01-02 21:22:40'),(343,1,'vi','core/acl/permissions','notices.create_success','Quyền người dùng mới đã được tạo thành công!','2023-01-02 21:22:40','2023-01-02 21:22:40'),(344,1,'vi','core/acl/permissions','notices.duplicated_success','Quyền người dùng đã được sao chép thành công!','2023-01-02 21:22:40','2023-01-02 21:22:40'),(345,1,'vi','core/acl/permissions','notices.no_select','Hãy chọn ít nhất một quyền người dùng để thực hiện hành động này!','2023-01-02 21:22:40','2023-01-02 21:22:40'),(346,1,'vi','core/acl/permissions','notices.not_found','Không tìm thấy quyền người dùng này','2023-01-02 21:22:40','2023-01-02 21:22:40'),(347,1,'vi','core/acl/permissions','name','Tên','2023-01-02 21:22:40','2023-01-02 21:22:40'),(348,1,'vi','core/acl/permissions','current_role','Quyền hiện tại','2023-01-02 21:22:40','2023-01-02 21:22:40'),(349,1,'vi','core/acl/permissions','no_role_assigned','Không có quyền hạn nào','2023-01-02 21:22:40','2023-01-02 21:22:40'),(350,1,'vi','core/acl/permissions','role_assigned','Quyền đã được gán','2023-01-02 21:22:40','2023-01-02 21:22:40'),(351,1,'vi','core/acl/permissions','create_role','Tạo quyền mới','2023-01-02 21:22:40','2023-01-02 21:22:40'),(352,1,'vi','core/acl/permissions','role_name','Tên','2023-01-02 21:22:40','2023-01-02 21:22:40'),(353,1,'vi','core/acl/permissions','role_description','Mô tả','2023-01-02 21:22:40','2023-01-02 21:22:40'),(354,1,'vi','core/acl/permissions','permission_flags','Cờ đánh dấu quyền hạn','2023-01-02 21:22:40','2023-01-02 21:22:40'),(355,1,'vi','core/acl/permissions','cancel','Hủy bỏ','2023-01-02 21:22:40','2023-01-02 21:22:40'),(356,1,'vi','core/acl/permissions','reset','Làm lại','2023-01-02 21:22:40','2023-01-02 21:22:40'),(357,1,'vi','core/acl/permissions','save','Lưu','2023-01-02 21:22:40','2023-01-02 21:22:40'),(358,1,'vi','core/acl/permissions','global_role_msg','Đây là một phân quyền toàn cục và không thể thay đổi.  Bạn có thể sử dụng nút \"Nhân bản\" để tạo một bản sao chép cho phân quyền này và chỉnh sửa.','2023-01-02 21:22:40','2023-01-02 21:22:40'),(359,1,'vi','core/acl/permissions','details','Chi tiết','2023-01-02 21:22:40','2023-01-02 21:22:40'),(360,1,'vi','core/acl/permissions','duplicate','Nhân bản','2023-01-02 21:22:40','2023-01-02 21:22:40'),(361,1,'vi','core/acl/permissions','all','Tất cả phân quyền','2023-01-02 21:22:40','2023-01-02 21:22:40'),(362,1,'vi','core/acl/permissions','list_role','Danh sách quyền','2023-01-02 21:22:40','2023-01-02 21:22:40'),(363,1,'vi','core/acl/permissions','created_on','Ngày tạo','2023-01-02 21:22:40','2023-01-02 21:22:40'),(364,1,'vi','core/acl/permissions','created_by','Được tạo bởi','2023-01-02 21:22:40','2023-01-02 21:22:40'),(365,1,'vi','core/acl/permissions','actions','Tác vụ','2023-01-02 21:22:40','2023-01-02 21:22:40'),(366,1,'vi','core/acl/permissions','create_success','Tạo thành công!','2023-01-02 21:22:40','2023-01-02 21:22:40'),(367,1,'vi','core/acl/permissions','delete_global_role','Không thể xóa quyền hệ thống','2023-01-02 21:22:40','2023-01-02 21:22:40'),(368,1,'vi','core/acl/permissions','delete_success','Xóa quyền thành công','2023-01-02 21:22:40','2023-01-02 21:22:40'),(369,1,'vi','core/acl/permissions','duplicated_success','Nhân bản thành công','2023-01-02 21:22:40','2023-01-02 21:22:40'),(370,1,'vi','core/acl/permissions','modified_success','Sửa thành công','2023-01-02 21:22:40','2023-01-02 21:22:40'),(371,1,'vi','core/acl/permissions','no_select','Hãy chọn ít nhất một quyền để thực hiện hành động này!','2023-01-02 21:22:40','2023-01-02 21:22:40'),(372,1,'vi','core/acl/permissions','not_found','Không tìm thấy quyền thành viên nào!','2023-01-02 21:22:40','2023-01-02 21:22:40'),(373,1,'vi','core/acl/permissions','options','Tùy chọn','2023-01-02 21:22:40','2023-01-02 21:22:40'),(374,1,'vi','core/acl/permissions','role_delete_belong_user','Không thể xóa quyền hạn này vì nó thuộc về người khác!','2023-01-02 21:22:40','2023-01-02 21:22:40'),(375,1,'vi','core/acl/permissions','role_edit_belong_user','Bạn không được phép sửa quyền này vì nó thuộc về người khác','2023-01-02 21:22:40','2023-01-02 21:22:40'),(376,1,'vi','core/acl/permissions','role_in_use','Không thể xóa quyền người dùng này vì nó đang được sử dụng!','2023-01-02 21:22:40','2023-01-02 21:22:40'),(377,1,'vi','core/acl/permissions','access_denied_message','Bạn không có quyền sử dụng chức năng này!','2023-01-02 21:22:40','2023-01-02 21:22:40'),(378,1,'vi','core/acl/permissions','roles','Quyền','2023-01-02 21:22:40','2023-01-02 21:22:40'),(379,1,'vi','core/acl/permissions','role_permission','Nhóm và phân quyền','2023-01-02 21:22:40','2023-01-02 21:22:40'),(380,1,'vi','core/acl/permissions','user_management','Quản lý người dùng hệ thống','2023-01-02 21:22:40','2023-01-02 21:22:40'),(381,1,'vi','core/acl/permissions','super_user_management','Quản lý người dùng cấp cao','2023-01-02 21:22:40','2023-01-02 21:22:40'),(382,1,'vi','core/acl/permissions','action_unauthorized','Hành động này không được phép','2023-01-02 21:22:40','2023-01-02 21:22:40'),(383,1,'vi','core/acl/reminders','password','Mật khẩu phải ít nhất 6 kí tự và trùng khớp với mật khẩu xác nhận.','2023-01-02 21:22:40','2023-01-02 21:22:40'),(384,1,'vi','core/acl/reminders','user','Hệ thống không thể tìm thấy tài khoản với email này.','2023-01-02 21:22:40','2023-01-02 21:22:40'),(385,1,'vi','core/acl/reminders','token','Mã khôi phục mật khẩu này không hợp lệ.','2023-01-02 21:22:40','2023-01-02 21:22:40'),(386,1,'vi','core/acl/reminders','sent','Liên kết khôi phục mật khẩu đã được gửi!','2023-01-02 21:22:40','2023-01-02 21:22:40'),(387,1,'vi','core/acl/reminders','reset','Mật khẩu đã được thay đổi!','2023-01-02 21:22:40','2023-01-02 21:22:40'),(388,1,'vi','core/acl/users','delete_user_logged_in','Không thể xóa người dùng đang đăng nhập hệ thống!','2023-01-02 21:22:40','2023-01-02 21:22:40'),(389,1,'vi','core/acl/users','no_select','Hãy chọn ít nhất một trường để thực hiện hành động này!','2023-01-02 21:22:40','2023-01-02 21:22:40'),(390,1,'vi','core/acl/users','lock_user_logged_in','Không thể khóa người dùng đang đăng nhập hệ thống!','2023-01-02 21:22:40','2023-01-02 21:22:40'),(391,1,'vi','core/acl/users','update_success','Cập nhật trạng thái thành công!','2023-01-02 21:22:40','2023-01-02 21:22:40'),(392,1,'vi','core/acl/users','save_setting_failed','Có lỗi xảy ra trong quá trình lưu cài đặt của người dùng','2023-01-02 21:22:40','2023-01-02 21:22:40'),(393,1,'vi','core/acl/users','not_found','Không tìm thấy người dùng','2023-01-02 21:22:40','2023-01-02 21:22:40'),(394,1,'vi','core/acl/users','email_exist','Email này đã được sử dụng bởi người dùng khác trong hệ thống','2023-01-02 21:22:40','2023-01-02 21:22:40'),(395,1,'vi','core/acl/users','username_exist','Tên đăng nhập này đã được sử dụng bởi người dùng khác trong hệ thống','2023-01-02 21:22:40','2023-01-02 21:22:40'),(396,1,'vi','core/acl/users','update_profile_success','Thông tin tài khoản của bạn đã được cập nhật thành công','2023-01-02 21:22:40','2023-01-02 21:22:40'),(397,1,'vi','core/acl/users','password_update_success','Cập nhật mật khẩu thành công','2023-01-02 21:22:40','2023-01-02 21:22:40'),(398,1,'vi','core/acl/users','current_password_not_valid','Mật khẩu hiện tại không chính xác','2023-01-02 21:22:40','2023-01-02 21:22:40'),(399,1,'vi','core/acl/users','user_exist_in','Người dùng đã là thành viên','2023-01-02 21:22:40','2023-01-02 21:22:40'),(400,1,'vi','core/acl/users','email','Email','2023-01-02 21:22:40','2023-01-02 21:22:40'),(401,1,'vi','core/acl/users','username','Tên đăng nhập','2023-01-02 21:22:40','2023-01-02 21:22:40'),(402,1,'vi','core/acl/users','role','Phân quyền','2023-01-02 21:22:40','2023-01-02 21:22:40'),(403,1,'vi','core/acl/users','first_name','Họ','2023-01-02 21:22:40','2023-01-02 21:22:40'),(404,1,'vi','core/acl/users','last_name','Tên','2023-01-02 21:22:40','2023-01-02 21:22:40'),(405,1,'vi','core/acl/users','message','Thông điệp','2023-01-02 21:22:40','2023-01-02 21:22:40'),(406,1,'vi','core/acl/users','cancel_btn','Hủy bỏ','2023-01-02 21:22:40','2023-01-02 21:22:40'),(407,1,'vi','core/acl/users','password','Mật khẩu','2023-01-02 21:22:40','2023-01-02 21:22:40'),(408,1,'vi','core/acl/users','new_password','Mật khẩu mới','2023-01-02 21:22:40','2023-01-02 21:22:40'),(409,1,'vi','core/acl/users','save','Lưu','2023-01-02 21:22:40','2023-01-02 21:22:40'),(410,1,'vi','core/acl/users','confirm_new_password','Xác nhận mật khẩu mới','2023-01-02 21:22:40','2023-01-02 21:22:40'),(411,1,'vi','core/acl/users','deleted','Xóa thành viên thành công','2023-01-02 21:22:40','2023-01-02 21:22:40'),(412,1,'vi','core/acl/users','cannot_delete','Không thể xóa thành viên','2023-01-02 21:22:40','2023-01-02 21:22:40'),(413,1,'vi','core/acl/users','last_login','Lần cuối đăng nhập','2023-01-02 21:22:40','2023-01-02 21:22:40'),(414,1,'vi','core/acl/users','error_update_profile_image','Có lỗi trong quá trình đổi ảnh đại diện','2023-01-02 21:22:40','2023-01-02 21:22:40'),(415,1,'vi','core/acl/users','email_reminder_template','<h3>Xin chào :name</h3><p>Hệ thống vừa nhận được yêu cầu khôi phục mật khẩu cho tài khoản của bạn, để hoàn tất tác vụ này vui lòng click vào đường link bên dưới.</p><p><a href=\":link\">Khôi phục mật khẩu</a></p><p>Nếu không phải bạn yêu cầu khôi phục mật khẩu, vui lòng bỏ qua email này.</p><p>Email này có giá trị trong vòng 60 phút kể từ lúc nhận được email.</p>','2023-01-02 21:22:40','2023-01-02 21:22:40'),(416,1,'vi','core/acl/users','change_profile_image','Thay đổi ảnh đại diện','2023-01-02 21:22:40','2023-01-02 21:22:40'),(417,1,'vi','core/acl/users','new_image','Ảnh mới','2023-01-02 21:22:40','2023-01-02 21:22:40'),(418,1,'vi','core/acl/users','loading','Đang tải','2023-01-02 21:22:40','2023-01-02 21:22:40'),(419,1,'vi','core/acl/users','close','Đóng','2023-01-02 21:22:40','2023-01-02 21:22:40'),(420,1,'vi','core/acl/users','update','Cập nhật','2023-01-02 21:22:40','2023-01-02 21:22:40'),(421,1,'vi','core/acl/users','read_image_failed','Không đọc được nội dung của hình ảnh','2023-01-02 21:22:40','2023-01-02 21:22:40'),(422,1,'vi','core/acl/users','update_avatar_success','Cập nhật ảnh đại diện thành công!','2023-01-02 21:22:40','2023-01-02 21:22:40'),(423,1,'vi','core/acl/users','users','Quản trị viên','2023-01-02 21:22:40','2023-01-02 21:22:40'),(424,1,'vi','core/acl/users','info.title','Thông tin người dùng','2023-01-02 21:22:40','2023-01-02 21:22:40'),(425,1,'vi','core/acl/users','info.first_name','Họ','2023-01-02 21:22:40','2023-01-02 21:22:40'),(426,1,'vi','core/acl/users','info.last_name','Tên','2023-01-02 21:22:40','2023-01-02 21:22:40'),(427,1,'vi','core/acl/users','statuses.activated','Đang hoạt động','2023-01-02 21:22:40','2023-01-02 21:22:40'),(428,1,'vi','core/acl/users','statuses.deactivated','Đã khoá','2023-01-02 21:22:40','2023-01-02 21:22:40'),(429,1,'vi','core/acl/users','change_password','Thay đổi mật khẩu','2023-01-02 21:22:40','2023-01-02 21:22:40'),(430,1,'vi','core/acl/users','current_password','Mật khẩu hiện tại','2023-01-02 21:22:40','2023-01-02 21:22:40'),(431,1,'vi','core/acl/users','make_super','Thiết lập quyền cao nhất','2023-01-02 21:22:40','2023-01-02 21:22:40'),(432,1,'vi','core/acl/users','remove_super','Loại bỏ quyền cao nhất','2023-01-02 21:22:40','2023-01-02 21:22:40'),(433,1,'vi','core/acl/users','is_super','Quyền cao nhất?','2023-01-02 21:22:40','2023-01-02 21:22:40'),(434,1,'vi','core/acl/users','email_placeholder','Ex: example@gmail.com','2023-01-02 21:22:40','2023-01-02 21:22:40'),(435,1,'vi','core/acl/users','password_confirmation','Nhập lại mật khẩu','2023-01-02 21:22:40','2023-01-02 21:22:40'),(436,1,'vi','core/acl/users','select_role','Chọn nhóm','2023-01-02 21:22:40','2023-01-02 21:22:40'),(437,1,'vi','core/acl/users','create_new_user','Tạo tài khoản quản trị viên mới','2023-01-02 21:22:40','2023-01-02 21:22:40'),(438,1,'vi','core/acl/users','cannot_delete_super_user','Vượt quyền hạn, không thể xoá quản trị viên cấp cao nhất!','2023-01-02 21:22:40','2023-01-02 21:22:40'),(439,1,'vi','core/acl/users','assigned_role','Cấp quyền','2023-01-02 21:22:40','2023-01-02 21:22:40'),(440,1,'vi','core/acl/users','total_users','Tổng số người dùng','2023-01-02 21:22:40','2023-01-02 21:22:40'),(441,1,'vi','core/acl/users','view_user_profile','Xem thông tin người dùng','2023-01-02 21:22:40','2023-01-02 21:22:40'),(442,1,'vi','core/acl/users','no_role_assigned','Chưa có quyền nào','2023-01-02 21:22:40','2023-01-02 21:22:40'),(443,1,'en','core/base/base','yes','Yes','2023-01-02 21:22:40','2023-01-02 21:22:40'),(444,1,'en','core/base/base','no','No','2023-01-02 21:22:40','2023-01-02 21:22:40'),(445,1,'en','core/base/base','is_default','Is default?','2023-01-02 21:22:40','2023-01-02 21:22:40'),(446,1,'en','core/base/base','proc_close_disabled_error','Function proc_close() is disabled. Please contact your hosting provider to enable\n    it. Or you can add to .env: CAN_EXECUTE_COMMAND=false to disable this feature.','2023-01-02 21:22:40','2023-01-02 21:22:40'),(447,1,'en','core/base/base','email_template.header','Email template header','2023-01-02 21:22:40','2023-01-02 21:22:40'),(448,1,'en','core/base/base','email_template.footer','Email template footer','2023-01-02 21:22:40','2023-01-02 21:22:40'),(449,1,'en','core/base/base','email_template.site_title','Site title','2023-01-02 21:22:40','2023-01-02 21:22:40'),(450,1,'en','core/base/base','email_template.site_url','Site URL','2023-01-02 21:22:40','2023-01-02 21:22:40'),(451,1,'en','core/base/base','email_template.site_logo','Site Logo','2023-01-02 21:22:40','2023-01-02 21:22:40'),(452,1,'en','core/base/base','email_template.date_time','Current date time','2023-01-02 21:22:40','2023-01-02 21:22:40'),(453,1,'en','core/base/base','email_template.date_year','Current year','2023-01-02 21:22:40','2023-01-02 21:22:40'),(454,1,'en','core/base/base','email_template.site_admin_email','Site admin email','2023-01-02 21:22:40','2023-01-02 21:22:40'),(455,1,'en','core/base/base','change_image','Change image','2023-01-02 21:22:40','2023-01-02 21:22:40'),(456,1,'en','core/base/base','delete_image','Delete image','2023-01-02 21:22:40','2023-01-02 21:22:40'),(457,1,'en','core/base/base','preview_image','Preview image','2023-01-02 21:22:40','2023-01-02 21:22:40'),(458,1,'en','core/base/base','image','Image','2023-01-02 21:22:40','2023-01-02 21:22:40'),(459,1,'en','core/base/base','using_button','Using button','2023-01-02 21:22:40','2023-01-02 21:22:40'),(460,1,'en','core/base/base','select_image','Select image','2023-01-02 21:22:40','2023-01-02 21:22:40'),(461,1,'en','core/base/base','to_add_more_image','to add more images','2023-01-02 21:22:40','2023-01-02 21:22:40'),(462,1,'en','core/base/base','add_image','Add image','2023-01-02 21:22:40','2023-01-02 21:22:40'),(463,1,'en','core/base/base','tools','Tools','2023-01-02 21:22:40','2023-01-02 21:22:40'),(464,1,'en','core/base/cache','cache_management','Cache management','2023-01-02 21:22:40','2023-01-02 21:22:40'),(465,1,'en','core/base/cache','cache_commands','Clear cache commands','2023-01-02 21:22:40','2023-01-02 21:22:40'),(466,1,'en','core/base/cache','commands.clear_cms_cache.title','Clear all CMS cache','2023-01-02 21:22:40','2023-01-02 21:22:40'),(467,1,'en','core/base/cache','commands.clear_cms_cache.description','Clear CMS caching: database caching, static blocks... Run this command when you don\'t see the changes after updating data.','2023-01-02 21:22:40','2023-01-02 21:22:40'),(468,1,'en','core/base/cache','commands.clear_cms_cache.success_msg','Cache cleaned','2023-01-02 21:22:40','2023-01-02 21:22:40'),(469,1,'en','core/base/cache','commands.refresh_compiled_views.title','Refresh compiled views','2023-01-02 21:22:40','2023-01-02 21:22:40'),(470,1,'en','core/base/cache','commands.refresh_compiled_views.description','Clear compiled views to make views up to date.','2023-01-02 21:22:40','2023-01-02 21:22:40'),(471,1,'en','core/base/cache','commands.refresh_compiled_views.success_msg','Cache view refreshed','2023-01-02 21:22:40','2023-01-02 21:22:40'),(472,1,'en','core/base/cache','commands.clear_config_cache.title','Clear config cache','2023-01-02 21:22:40','2023-01-02 21:22:40'),(473,1,'en','core/base/cache','commands.clear_config_cache.description','You might need to refresh the config caching when you change something on production environment.','2023-01-02 21:22:40','2023-01-02 21:22:40'),(474,1,'en','core/base/cache','commands.clear_config_cache.success_msg','Config cache cleaned','2023-01-02 21:22:40','2023-01-02 21:22:40'),(475,1,'en','core/base/cache','commands.clear_route_cache.title','Clear route cache','2023-01-02 21:22:40','2023-01-02 21:22:40'),(476,1,'en','core/base/cache','commands.clear_route_cache.description','Clear cache routing.','2023-01-02 21:22:40','2023-01-02 21:22:40'),(477,1,'en','core/base/cache','commands.clear_route_cache.success_msg','The route cache has been cleaned','2023-01-02 21:22:40','2023-01-02 21:22:40'),(478,1,'en','core/base/cache','commands.clear_log.title','Clear log','2023-01-02 21:22:40','2023-01-02 21:22:40'),(479,1,'en','core/base/cache','commands.clear_log.description','Clear system log files','2023-01-02 21:22:40','2023-01-02 21:22:40'),(480,1,'en','core/base/cache','commands.clear_log.success_msg','The system log has been cleaned','2023-01-02 21:22:40','2023-01-02 21:22:40'),(481,1,'en','core/base/enums','statuses.draft','Draft','2023-01-02 21:22:40','2023-01-02 21:22:40'),(482,1,'en','core/base/enums','statuses.pending','Pending','2023-01-02 21:22:40','2023-01-02 21:22:40'),(483,1,'en','core/base/enums','statuses.published','Published','2023-01-02 21:22:40','2023-01-02 21:22:40'),(484,1,'en','core/base/errors','401_title','Permission Denied','2023-01-02 21:22:40','2023-01-02 21:22:40'),(485,1,'en','core/base/errors','401_msg','<li>You have not been granted access to the section by the administrator.</li>\n	                <li>You may have the wrong account type.</li>\n	                <li>You are not authorized to view the requested resource.</li>\n	                <li>Your subscription may have expired.</li>','2023-01-02 21:22:40','2023-01-02 21:22:40'),(486,1,'en','core/base/errors','404_title','Page could not be found','2023-01-02 21:22:40','2023-01-02 21:22:40'),(487,1,'en','core/base/errors','404_msg','<li>The page you requested does not exist.</li>\n	                <li>The link you clicked is no longer.</li>\n	                <li>The page may have moved to a new location.</li>\n	                <li>An error may have occurred.</li>\n	                <li>You are not authorized to view the requested resource.</li>','2023-01-02 21:22:40','2023-01-02 21:22:40'),(488,1,'en','core/base/errors','500_title','Page could not be loaded','2023-01-02 21:22:40','2023-01-02 21:22:40'),(489,1,'en','core/base/errors','500_msg','<li>The page you requested does not exist.</li>\n	                <li>The link you clicked is no longer.</li>\n	                <li>The page may have moved to a new location.</li>\n	                <li>An error may have occurred.</li>\n	                <li>You are not authorized to view the requested resource.</li>','2023-01-02 21:22:40','2023-01-02 21:22:40'),(490,1,'en','core/base/errors','reasons','This may have occurred because of several reasons','2023-01-02 21:22:40','2023-01-02 21:22:40'),(491,1,'en','core/base/errors','try_again','Please try again in a few minutes, or alternatively return to the homepage by <a href=\"https://wowy.test/admin\">clicking here</a>.','2023-01-02 21:22:40','2023-01-02 21:22:40'),(492,1,'en','core/base/errors','not_found','Not Found','2023-01-02 21:22:40','2023-01-02 21:22:40'),(493,1,'en','core/base/forms','choose_image','Choose image','2023-01-02 21:22:40','2023-01-02 21:22:40'),(494,1,'en','core/base/forms','actions','Actions','2023-01-02 21:22:40','2023-01-02 21:22:40'),(495,1,'en','core/base/forms','save','Save','2023-01-02 21:22:40','2023-01-02 21:22:40'),(496,1,'en','core/base/forms','save_and_continue','Save & Edit','2023-01-02 21:22:40','2023-01-02 21:22:40'),(497,1,'en','core/base/forms','image','Image','2023-01-02 21:22:40','2023-01-02 21:22:40'),(498,1,'en','core/base/forms','image_placeholder','Insert path of image or click upload button','2023-01-02 21:22:40','2023-01-02 21:22:40'),(499,1,'en','core/base/forms','create','Create','2023-01-02 21:22:40','2023-01-02 21:22:40'),(500,1,'en','core/base/forms','edit','Edit','2023-01-02 21:22:40','2023-01-02 21:22:40'),(501,1,'en','core/base/forms','permalink','Permalink','2023-01-02 21:22:40','2023-01-02 21:22:40'),(502,1,'en','core/base/forms','ok','OK','2023-01-02 21:22:40','2023-01-02 21:22:40'),(503,1,'en','core/base/forms','cancel','Cancel','2023-01-02 21:22:40','2023-01-02 21:22:40'),(504,1,'en','core/base/forms','character_remain','character(s) remain','2023-01-02 21:22:40','2023-01-02 21:22:40'),(505,1,'en','core/base/forms','template','Template','2023-01-02 21:22:40','2023-01-02 21:22:40'),(506,1,'en','core/base/forms','choose_file','Choose file','2023-01-02 21:22:40','2023-01-02 21:22:40'),(507,1,'en','core/base/forms','file','File','2023-01-02 21:22:40','2023-01-02 21:22:40'),(508,1,'en','core/base/forms','content','Content','2023-01-02 21:22:40','2023-01-02 21:22:40'),(509,1,'en','core/base/forms','description','Description','2023-01-02 21:22:40','2023-01-02 21:22:40'),(510,1,'en','core/base/forms','name','Name','2023-01-02 21:22:40','2023-01-02 21:22:40'),(511,1,'en','core/base/forms','slug','Slug','2023-01-02 21:22:40','2023-01-02 21:22:40'),(512,1,'en','core/base/forms','title','Title','2023-01-02 21:22:40','2023-01-02 21:22:40'),(513,1,'en','core/base/forms','value','Value','2023-01-02 21:22:40','2023-01-02 21:22:40'),(514,1,'en','core/base/forms','name_placeholder','Name','2023-01-02 21:22:40','2023-01-02 21:22:40'),(515,1,'en','core/base/forms','alias_placeholder','Alias','2023-01-02 21:22:40','2023-01-02 21:22:40'),(516,1,'en','core/base/forms','description_placeholder','Short description','2023-01-02 21:22:40','2023-01-02 21:22:40'),(517,1,'en','core/base/forms','parent','Parent','2023-01-02 21:22:40','2023-01-02 21:22:40'),(518,1,'en','core/base/forms','icon','Icon','2023-01-02 21:22:40','2023-01-02 21:22:40'),(519,1,'en','core/base/forms','icon_placeholder','Ex: fa fa-home','2023-01-02 21:22:40','2023-01-02 21:22:40'),(520,1,'en','core/base/forms','order_by','Order by','2023-01-02 21:22:40','2023-01-02 21:22:40'),(521,1,'en','core/base/forms','order_by_placeholder','Order by','2023-01-02 21:22:40','2023-01-02 21:22:40'),(522,1,'en','core/base/forms','is_featured','Is featured?','2023-01-02 21:22:40','2023-01-02 21:22:40'),(523,1,'en','core/base/forms','is_default','Is default?','2023-01-02 21:22:40','2023-01-02 21:22:40'),(524,1,'en','core/base/forms','update','Update','2023-01-02 21:22:40','2023-01-02 21:22:40'),(525,1,'en','core/base/forms','publish','Publish','2023-01-02 21:22:40','2023-01-02 21:22:40'),(526,1,'en','core/base/forms','remove_image','Remove image','2023-01-02 21:22:40','2023-01-02 21:22:40'),(527,1,'en','core/base/forms','remove_file','Remove file','2023-01-02 21:22:40','2023-01-02 21:22:40'),(528,1,'en','core/base/forms','order','Order','2023-01-02 21:22:40','2023-01-02 21:22:40'),(529,1,'en','core/base/forms','alias','Alias','2023-01-02 21:22:40','2023-01-02 21:22:40'),(530,1,'en','core/base/forms','basic_information','Basic information','2023-01-02 21:22:40','2023-01-02 21:22:40'),(531,1,'en','core/base/forms','short_code','Shortcode','2023-01-02 21:22:40','2023-01-02 21:22:40'),(532,1,'en','core/base/forms','add_short_code','Add a shortcode','2023-01-02 21:22:40','2023-01-02 21:22:40'),(533,1,'en','core/base/forms','add','Add','2023-01-02 21:22:40','2023-01-02 21:22:40'),(534,1,'en','core/base/forms','link','Link','2023-01-02 21:22:40','2023-01-02 21:22:40'),(535,1,'en','core/base/forms','show_hide_editor','Show/Hide Editor','2023-01-02 21:22:40','2023-01-02 21:22:40'),(536,1,'en','core/base/forms','basic_info_title','Basic information','2023-01-02 21:22:40','2023-01-02 21:22:40'),(537,1,'en','core/base/forms','expand_all','Expand all','2023-01-02 21:22:40','2023-01-02 21:22:40'),(538,1,'en','core/base/forms','collapse_all','Collapse all','2023-01-02 21:22:40','2023-01-02 21:22:40'),(539,1,'en','core/base/forms','view_new_tab','Open in new tab','2023-01-02 21:22:40','2023-01-02 21:22:40'),(540,1,'en','core/base/forms','view_preview_image','View preview image','2023-01-02 21:22:40','2023-01-02 21:22:40'),(541,1,'en','core/base/layouts','platform_admin','Platform Administration','2023-01-02 21:22:40','2023-01-02 21:22:40'),(542,1,'en','core/base/layouts','dashboard','Dashboard','2023-01-02 21:22:40','2023-01-02 21:22:40'),(543,1,'en','core/base/layouts','widgets','Widgets','2023-01-02 21:22:40','2023-01-02 21:22:40'),(544,1,'en','core/base/layouts','plugins','Plugins','2023-01-02 21:22:40','2023-01-02 21:22:40'),(545,1,'en','core/base/layouts','settings','Settings','2023-01-02 21:22:40','2023-01-02 21:22:40'),(546,1,'en','core/base/layouts','setting_general','General','2023-01-02 21:22:40','2023-01-02 21:22:40'),(547,1,'en','core/base/layouts','setting_email','Email','2023-01-02 21:22:40','2023-01-02 21:22:40'),(548,1,'en','core/base/layouts','system_information','System information','2023-01-02 21:22:40','2023-01-02 21:22:40'),(549,1,'en','core/base/layouts','theme','Theme','2023-01-02 21:22:40','2023-01-02 21:22:40'),(550,1,'en','core/base/layouts','copyright','Copyright :year &copy; :company. Version: <span>:version</span>','2023-01-02 21:22:40','2023-01-02 21:22:40'),(551,1,'en','core/base/layouts','profile','Profile','2023-01-02 21:22:40','2023-01-02 21:22:40'),(552,1,'en','core/base/layouts','logout','Logout','2023-01-02 21:22:40','2023-01-02 21:22:40'),(553,1,'en','core/base/layouts','no_search_result','No results found, please try with different keywords.','2023-01-02 21:22:40','2023-01-02 21:22:40'),(554,1,'en','core/base/layouts','home','Home','2023-01-02 21:22:40','2023-01-02 21:22:40'),(555,1,'en','core/base/layouts','search','Search','2023-01-02 21:22:40','2023-01-02 21:22:40'),(556,1,'en','core/base/layouts','add_new','Add new','2023-01-02 21:22:40','2023-01-02 21:22:40'),(557,1,'en','core/base/layouts','n_a','N/A','2023-01-02 21:22:40','2023-01-02 21:22:40'),(558,1,'en','core/base/layouts','page_loaded_time','Page loaded in','2023-01-02 21:22:40','2023-01-02 21:22:40'),(559,1,'en','core/base/layouts','view_website','View website','2023-01-02 21:22:40','2023-01-02 21:22:40'),(560,1,'en','core/base/mail','send-fail','Send email failed','2023-01-02 21:22:40','2023-01-02 21:22:40'),(561,1,'en','core/base/notices','create_success_message','Created successfully','2023-01-02 21:22:40','2023-01-02 21:22:40'),(562,1,'en','core/base/notices','update_success_message','Updated successfully','2023-01-02 21:22:40','2023-01-02 21:22:40'),(563,1,'en','core/base/notices','delete_success_message','Deleted successfully','2023-01-02 21:22:40','2023-01-02 21:22:40'),(564,1,'en','core/base/notices','success_header','Success!','2023-01-02 21:22:40','2023-01-02 21:22:40'),(565,1,'en','core/base/notices','error_header','Error!','2023-01-02 21:22:40','2023-01-02 21:22:40'),(566,1,'en','core/base/notices','no_select','Please select at least one record to perform this action!','2023-01-02 21:22:40','2023-01-02 21:22:40'),(567,1,'en','core/base/notices','processing_request','We are processing your request.','2023-01-02 21:22:40','2023-01-02 21:22:40'),(568,1,'en','core/base/notices','error','Error!','2023-01-02 21:22:40','2023-01-02 21:22:40'),(569,1,'en','core/base/notices','success','Success!','2023-01-02 21:22:40','2023-01-02 21:22:40'),(570,1,'en','core/base/notices','info','Info!','2023-01-02 21:22:40','2023-01-02 21:22:40'),(571,1,'en','core/base/notices','enum.validate_message','The :attribute value you have entered is invalid.','2023-01-02 21:22:40','2023-01-02 21:22:40'),(572,1,'en','core/base/system','no_select','Please select at least one record to take this action!','2023-01-02 21:22:40','2023-01-02 21:22:40'),(573,1,'en','core/base/system','cannot_find_user','Unable to find specified user','2023-01-02 21:22:40','2023-01-02 21:22:40'),(574,1,'en','core/base/system','supper_revoked','Super user access revoked','2023-01-02 21:22:40','2023-01-02 21:22:40'),(575,1,'en','core/base/system','cannot_revoke_yourself','Can not revoke supper user access permission yourself!','2023-01-02 21:22:40','2023-01-02 21:22:40'),(576,1,'en','core/base/system','cant_remove_supper','You don\'t has permission to remove this super user','2023-01-02 21:22:40','2023-01-02 21:22:40'),(577,1,'en','core/base/system','cant_find_user_with_email','Unable to find user with specified email address','2023-01-02 21:22:40','2023-01-02 21:22:40'),(578,1,'en','core/base/system','supper_granted','Super user access granted','2023-01-02 21:22:40','2023-01-02 21:22:40'),(579,1,'en','core/base/system','delete_log_success','Delete log file successfully!','2023-01-02 21:22:40','2023-01-02 21:22:40'),(580,1,'en','core/base/system','get_member_success','Member list retrieved successfully','2023-01-02 21:22:40','2023-01-02 21:22:40'),(581,1,'en','core/base/system','error_occur','The following errors occurred','2023-01-02 21:22:40','2023-01-02 21:22:40'),(582,1,'en','core/base/system','user_management','User Management','2023-01-02 21:22:40','2023-01-02 21:22:40'),(583,1,'en','core/base/system','user_management_description','Manage users.','2023-01-02 21:22:40','2023-01-02 21:22:40'),(584,1,'en','core/base/system','role_and_permission','Roles and Permissions','2023-01-02 21:22:40','2023-01-02 21:22:40'),(585,1,'en','core/base/system','role_and_permission_description','Manage the available roles.','2023-01-02 21:22:40','2023-01-02 21:22:40'),(586,1,'en','core/base/system','user.list_super','List Super Users','2023-01-02 21:22:40','2023-01-02 21:22:40'),(587,1,'en','core/base/system','user.email','Email','2023-01-02 21:22:40','2023-01-02 21:22:40'),(588,1,'en','core/base/system','user.last_login','Last Login','2023-01-02 21:22:40','2023-01-02 21:22:40'),(589,1,'en','core/base/system','user.username','Username','2023-01-02 21:22:40','2023-01-02 21:22:40'),(590,1,'en','core/base/system','user.add_user','Add Super User','2023-01-02 21:22:40','2023-01-02 21:22:40'),(591,1,'en','core/base/system','user.cancel','Cancel','2023-01-02 21:22:40','2023-01-02 21:22:40'),(592,1,'en','core/base/system','user.create','Create','2023-01-02 21:22:40','2023-01-02 21:22:40'),(593,1,'en','core/base/system','options.features','Feature Access Control','2023-01-02 21:22:40','2023-01-02 21:22:40'),(594,1,'en','core/base/system','options.feature_description','Manage the available.','2023-01-02 21:22:40','2023-01-02 21:22:40'),(595,1,'en','core/base/system','options.manage_super','Super User Management','2023-01-02 21:22:40','2023-01-02 21:22:40'),(596,1,'en','core/base/system','options.manage_super_description','Add/remove super users.','2023-01-02 21:22:40','2023-01-02 21:22:40'),(597,1,'en','core/base/system','options.info','System information','2023-01-02 21:22:40','2023-01-02 21:22:40'),(598,1,'en','core/base/system','options.info_description','All information about current system configuration.','2023-01-02 21:22:40','2023-01-02 21:22:40'),(599,1,'en','core/base/system','info.title','System information','2023-01-02 21:22:40','2023-01-02 21:22:40'),(600,1,'en','core/base/system','info.cache','Cache','2023-01-02 21:22:40','2023-01-02 21:22:40'),(601,1,'en','core/base/system','info.locale','Active locale','2023-01-02 21:22:40','2023-01-02 21:22:40'),(602,1,'en','core/base/system','info.environment','Environment','2023-01-02 21:22:40','2023-01-02 21:22:40'),(603,1,'en','core/base/system','disabled_in_demo_mode','You cannot do it in demo mode!','2023-01-02 21:22:40','2023-01-02 21:22:40'),(604,1,'en','core/base/system','report_description','Please share this information for troubleshooting','2023-01-02 21:22:40','2023-01-02 21:22:40'),(605,1,'en','core/base/system','get_system_report','Get System Report','2023-01-02 21:22:40','2023-01-02 21:22:40'),(606,1,'en','core/base/system','system_environment','System Environment','2023-01-02 21:22:40','2023-01-02 21:22:40'),(607,1,'en','core/base/system','framework_version','Framework Version','2023-01-02 21:22:40','2023-01-02 21:22:40'),(608,1,'en','core/base/system','timezone','Timezone','2023-01-02 21:22:40','2023-01-02 21:22:40'),(609,1,'en','core/base/system','debug_mode','Debug Mode','2023-01-02 21:22:40','2023-01-02 21:22:40'),(610,1,'en','core/base/system','storage_dir_writable','Storage Dir Writable','2023-01-02 21:22:40','2023-01-02 21:22:40'),(611,1,'en','core/base/system','cache_dir_writable','Cache Dir Writable','2023-01-02 21:22:40','2023-01-02 21:22:40'),(612,1,'en','core/base/system','app_size','App Size','2023-01-02 21:22:40','2023-01-02 21:22:40'),(613,1,'en','core/base/system','server_environment','Server Environment','2023-01-02 21:22:40','2023-01-02 21:22:40'),(614,1,'en','core/base/system','php_version','PHP Version','2023-01-02 21:22:40','2023-01-02 21:22:40'),(615,1,'en','core/base/system','php_version_error','PHP must be >= :version','2023-01-02 21:22:40','2023-01-02 21:22:40'),(616,1,'en','core/base/system','server_software','Server Software','2023-01-02 21:22:40','2023-01-02 21:22:40'),(617,1,'en','core/base/system','server_os','Server OS','2023-01-02 21:22:40','2023-01-02 21:22:40'),(618,1,'en','core/base/system','database','Database','2023-01-02 21:22:40','2023-01-02 21:22:40'),(619,1,'en','core/base/system','ssl_installed','SSL Installed','2023-01-02 21:22:40','2023-01-02 21:22:40'),(620,1,'en','core/base/system','cache_driver','Cache Driver','2023-01-02 21:22:40','2023-01-02 21:22:40'),(621,1,'en','core/base/system','session_driver','Session Driver','2023-01-02 21:22:40','2023-01-02 21:22:40'),(622,1,'en','core/base/system','queue_connection','Queue Connection','2023-01-02 21:22:40','2023-01-02 21:22:40'),(623,1,'en','core/base/system','mbstring_ext','Mbstring Ext','2023-01-02 21:22:40','2023-01-02 21:22:40'),(624,1,'en','core/base/system','openssl_ext','OpenSSL Ext','2023-01-02 21:22:40','2023-01-02 21:22:40'),(625,1,'en','core/base/system','pdo_ext','PDO Ext','2023-01-02 21:22:40','2023-01-02 21:22:40'),(626,1,'en','core/base/system','curl_ext','CURL Ext','2023-01-02 21:22:40','2023-01-02 21:22:40'),(627,1,'en','core/base/system','exif_ext','Exif Ext','2023-01-02 21:22:40','2023-01-02 21:22:40'),(628,1,'en','core/base/system','file_info_ext','File info Ext','2023-01-02 21:22:40','2023-01-02 21:22:40'),(629,1,'en','core/base/system','tokenizer_ext','Tokenizer Ext','2023-01-02 21:22:40','2023-01-02 21:22:40'),(630,1,'en','core/base/system','extra_stats','Extra Stats','2023-01-02 21:22:40','2023-01-02 21:22:40'),(631,1,'en','core/base/system','installed_packages','Installed packages and their version numbers','2023-01-02 21:22:40','2023-01-02 21:22:40'),(632,1,'en','core/base/system','extra_information','Extra Information','2023-01-02 21:22:40','2023-01-02 21:22:40'),(633,1,'en','core/base/system','copy_report','Copy Report','2023-01-02 21:22:40','2023-01-02 21:22:40'),(634,1,'en','core/base/system','package_name','Package Name','2023-01-02 21:22:40','2023-01-02 21:22:40'),(635,1,'en','core/base/system','dependency_name','Dependency Name','2023-01-02 21:22:40','2023-01-02 21:22:40'),(636,1,'en','core/base/system','version','Version','2023-01-02 21:22:40','2023-01-02 21:22:40'),(637,1,'en','core/base/system','cms_version','CMS Version','2023-01-02 21:22:40','2023-01-02 21:22:40'),(638,1,'en','core/base/system','imagick_or_gd_ext','Imagick/GD Ext','2023-01-02 21:22:40','2023-01-02 21:22:40'),(639,1,'en','core/base/system','updater','System Updater','2023-01-02 21:22:40','2023-01-02 21:22:40'),(640,1,'en','core/base/system','zip','Zip Ext','2023-01-02 21:22:40','2023-01-02 21:22:40'),(641,1,'en','core/base/system','memory_limit','Memory limit','2023-01-02 21:22:40','2023-01-02 21:22:40'),(642,1,'en','core/base/system','max_execution_time','Max execution time (s)','2023-01-02 21:22:40','2023-01-02 21:22:40'),(643,1,'en','core/base/system','php_version_warning','You are using an out of date PHP version (:version). Please upgrade PHP version on your server to >= 8.0.2 for better security and performance!','2023-01-02 21:22:40','2023-01-02 21:22:40'),(644,1,'en','core/base/system','upgrade_php_version_required','You are using an unsupported PHP version (:version). You need to upgrade PHP version on your server to greater than or equal to 8.0.2 before upgrading to this version!','2023-01-02 21:22:40','2023-01-02 21:22:40'),(645,1,'en','core/base/tables','id','ID','2023-01-02 21:22:40','2023-01-02 21:22:40'),(646,1,'en','core/base/tables','name','Name','2023-01-02 21:22:40','2023-01-02 21:22:40'),(647,1,'en','core/base/tables','slug','Slug','2023-01-02 21:22:40','2023-01-02 21:22:40'),(648,1,'en','core/base/tables','title','Title','2023-01-02 21:22:40','2023-01-02 21:22:40'),(649,1,'en','core/base/tables','order_by','Order By','2023-01-02 21:22:40','2023-01-02 21:22:40'),(650,1,'en','core/base/tables','order','Order','2023-01-02 21:22:40','2023-01-02 21:22:40'),(651,1,'en','core/base/tables','status','Status','2023-01-02 21:22:40','2023-01-02 21:22:40'),(652,1,'en','core/base/tables','created_at','Created At','2023-01-02 21:22:40','2023-01-02 21:22:40'),(653,1,'en','core/base/tables','updated_at','Updated At','2023-01-02 21:22:40','2023-01-02 21:22:40'),(654,1,'en','core/base/tables','description','Description','2023-01-02 21:22:40','2023-01-02 21:22:40'),(655,1,'en','core/base/tables','operations','Operations','2023-01-02 21:22:40','2023-01-02 21:22:40'),(656,1,'en','core/base/tables','url','URL','2023-01-02 21:22:40','2023-01-02 21:22:40'),(657,1,'en','core/base/tables','author','Author','2023-01-02 21:22:40','2023-01-02 21:22:40'),(658,1,'en','core/base/tables','notes','Notes','2023-01-02 21:22:40','2023-01-02 21:22:40'),(659,1,'en','core/base/tables','column','Column','2023-01-02 21:22:40','2023-01-02 21:22:40'),(660,1,'en','core/base/tables','origin','Origin','2023-01-02 21:22:40','2023-01-02 21:22:40'),(661,1,'en','core/base/tables','after_change','After changes','2023-01-02 21:22:40','2023-01-02 21:22:40'),(662,1,'en','core/base/tables','views','Views','2023-01-02 21:22:40','2023-01-02 21:22:40'),(663,1,'en','core/base/tables','browser','Browser','2023-01-02 21:22:40','2023-01-02 21:22:40'),(664,1,'en','core/base/tables','session','Session','2023-01-02 21:22:40','2023-01-02 21:22:40'),(665,1,'en','core/base/tables','activated','activated','2023-01-02 21:22:40','2023-01-02 21:22:40'),(666,1,'en','core/base/tables','deactivated','deactivated','2023-01-02 21:22:40','2023-01-02 21:22:40'),(667,1,'en','core/base/tables','is_featured','Is featured','2023-01-02 21:22:40','2023-01-02 21:22:40'),(668,1,'en','core/base/tables','edit','Edit','2023-01-02 21:22:40','2023-01-02 21:22:40'),(669,1,'en','core/base/tables','delete','Delete','2023-01-02 21:22:40','2023-01-02 21:22:40'),(670,1,'en','core/base/tables','restore','Restore','2023-01-02 21:22:40','2023-01-02 21:22:40'),(671,1,'en','core/base/tables','activate','Activate','2023-01-02 21:22:40','2023-01-02 21:22:40'),(672,1,'en','core/base/tables','deactivate','Deactivate','2023-01-02 21:22:40','2023-01-02 21:22:40'),(673,1,'en','core/base/tables','excel','Excel','2023-01-02 21:22:40','2023-01-02 21:22:40'),(674,1,'en','core/base/tables','export','Export','2023-01-02 21:22:40','2023-01-02 21:22:40'),(675,1,'en','core/base/tables','csv','CSV','2023-01-02 21:22:40','2023-01-02 21:22:40'),(676,1,'en','core/base/tables','pdf','PDF','2023-01-02 21:22:40','2023-01-02 21:22:40'),(677,1,'en','core/base/tables','print','Print','2023-01-02 21:22:40','2023-01-02 21:22:40'),(678,1,'en','core/base/tables','reset','Reset','2023-01-02 21:22:40','2023-01-02 21:22:40'),(679,1,'en','core/base/tables','reload','Reload','2023-01-02 21:22:40','2023-01-02 21:22:40'),(680,1,'en','core/base/tables','display','Display','2023-01-02 21:22:40','2023-01-02 21:22:40'),(681,1,'en','core/base/tables','all','All','2023-01-02 21:22:40','2023-01-02 21:22:40'),(682,1,'en','core/base/tables','add_new','Add New','2023-01-02 21:22:40','2023-01-02 21:22:40'),(683,1,'en','core/base/tables','action','Actions','2023-01-02 21:22:40','2023-01-02 21:22:40'),(684,1,'en','core/base/tables','delete_entry','Delete','2023-01-02 21:22:40','2023-01-02 21:22:40'),(685,1,'en','core/base/tables','view','View Detail','2023-01-02 21:22:40','2023-01-02 21:22:40'),(686,1,'en','core/base/tables','save','Save','2023-01-02 21:22:40','2023-01-02 21:22:40'),(687,1,'en','core/base/tables','show_from','Show from','2023-01-02 21:22:40','2023-01-02 21:22:40'),(688,1,'en','core/base/tables','to','to','2023-01-02 21:22:40','2023-01-02 21:22:40'),(689,1,'en','core/base/tables','in','in','2023-01-02 21:22:40','2023-01-02 21:22:40'),(690,1,'en','core/base/tables','records','records','2023-01-02 21:22:40','2023-01-02 21:22:40'),(691,1,'en','core/base/tables','no_data','No data to display','2023-01-02 21:22:40','2023-01-02 21:22:40'),(692,1,'en','core/base/tables','no_record','No record','2023-01-02 21:22:40','2023-01-02 21:22:40'),(693,1,'en','core/base/tables','confirm_delete','Confirm delete','2023-01-02 21:22:40','2023-01-02 21:22:40'),(694,1,'en','core/base/tables','confirm_delete_msg','Do you really want to delete this record?','2023-01-02 21:22:40','2023-01-02 21:22:40'),(695,1,'en','core/base/tables','confirm_delete_many_msg','Do you really want to delete selected record(s)?','2023-01-02 21:22:40','2023-01-02 21:22:40'),(696,1,'en','core/base/tables','cancel','Cancel','2023-01-02 21:22:40','2023-01-02 21:22:40'),(697,1,'en','core/base/tables','template','Template','2023-01-02 21:22:40','2023-01-02 21:22:40'),(698,1,'en','core/base/tables','email','Email','2023-01-02 21:22:40','2023-01-02 21:22:40'),(699,1,'en','core/base/tables','last_login','Last login','2023-01-02 21:22:40','2023-01-02 21:22:40'),(700,1,'en','core/base/tables','shortcode','Shortcode','2023-01-02 21:22:40','2023-01-02 21:22:40'),(701,1,'en','core/base/tables','image','Image','2023-01-02 21:22:40','2023-01-02 21:22:40'),(702,1,'en','core/base/tables','bulk_changes','Bulk changes','2023-01-02 21:22:40','2023-01-02 21:22:40'),(703,1,'en','core/base/tables','submit','Submit','2023-01-02 21:22:40','2023-01-02 21:22:40'),(704,1,'en','core/base/tables','please_select_record','Please select at least one record to perform this action!','2023-01-02 21:22:40','2023-01-02 21:22:40'),(705,1,'en','core/base/tabs','detail','Detail','2023-01-02 21:22:40','2023-01-02 21:22:40'),(706,1,'en','core/base/tabs','file','Files','2023-01-02 21:22:40','2023-01-02 21:22:40'),(707,1,'en','core/base/tabs','record_note','Record Note','2023-01-02 21:22:40','2023-01-02 21:22:40'),(708,1,'en','core/base/tabs','revision','Revision History','2023-01-02 21:22:40','2023-01-02 21:22:40'),(709,1,'vi','core/base/base','yes','Có','2023-01-02 21:22:40','2023-01-02 21:22:40'),(710,1,'vi','core/base/base','no','Không','2023-01-02 21:22:40','2023-01-02 21:22:40'),(711,1,'vi','core/base/base','is_default','Mặc định?','2023-01-02 21:22:40','2023-01-02 21:22:40'),(712,1,'vi','core/base/base','proc_close_disabled_error','Hàm proc_close() đã bị tắt. Vui lòng liên hệ nhà cung cấp hosting để mở hàm này. Hoặc có thể thêm vào .env: CAN_EXECUTE_COMMAND=false để tắt tính năng này.','2023-01-02 21:22:40','2023-01-02 21:22:40'),(713,1,'vi','core/base/base','add_image','Thêm ảnh','2023-01-02 21:22:40','2023-01-02 21:22:40'),(714,1,'vi','core/base/base','change_image','Đổi ảnh','2023-01-02 21:22:40','2023-01-02 21:22:40'),(715,1,'vi','core/base/base','delete_image','Xóa ảnh','2023-01-02 21:22:40','2023-01-02 21:22:40'),(716,1,'vi','core/base/base','email_template.date_time','Ngày giờ hiện tại','2023-01-02 21:22:40','2023-01-02 21:22:40'),(717,1,'vi','core/base/base','email_template.date_year','Năm hiện tại','2023-01-02 21:22:40','2023-01-02 21:22:40'),(718,1,'vi','core/base/base','email_template.footer','Mẫu chân trang email','2023-01-02 21:22:40','2023-01-02 21:22:40'),(719,1,'vi','core/base/base','email_template.header','Mẫu đầu trang email','2023-01-02 21:22:40','2023-01-02 21:22:40'),(720,1,'vi','core/base/base','email_template.site_admin_email','Email quản trị viên','2023-01-02 21:22:40','2023-01-02 21:22:40'),(721,1,'vi','core/base/base','email_template.site_logo','Logo của trang','2023-01-02 21:22:40','2023-01-02 21:22:40'),(722,1,'vi','core/base/base','email_template.site_title','Tiêu đề trang','2023-01-02 21:22:40','2023-01-02 21:22:40'),(723,1,'vi','core/base/base','email_template.site_url','URL trang','2023-01-02 21:22:40','2023-01-02 21:22:40'),(724,1,'vi','core/base/base','image','Hình ảnh','2023-01-02 21:22:40','2023-01-02 21:22:40'),(725,1,'vi','core/base/base','preview_image','Ảnh xem trước','2023-01-02 21:22:40','2023-01-02 21:22:40'),(726,1,'vi','core/base/base','select_image','Chọn ảnh','2023-01-02 21:22:40','2023-01-02 21:22:40'),(727,1,'vi','core/base/base','to_add_more_image','để thêm hình ảnh','2023-01-02 21:22:40','2023-01-02 21:22:40'),(728,1,'vi','core/base/base','using_button','Sử dụng nút','2023-01-02 21:22:40','2023-01-02 21:22:40'),(729,1,'vi','core/base/cache','cache_management','Quản lý bộ nhớ đệm','2023-01-02 21:22:40','2023-01-02 21:22:40'),(730,1,'vi','core/base/cache','cache_commands','Các lệnh xoá bộ nhớ đệm cơ bản','2023-01-02 21:22:40','2023-01-02 21:22:40'),(731,1,'vi','core/base/cache','commands.clear_cms_cache.title','Xóa tất cả bộ đệm hiện có của ứng dụng','2023-01-02 21:22:40','2023-01-02 21:22:40'),(732,1,'vi','core/base/cache','commands.clear_cms_cache.description','Xóa các bộ nhớ đệm của ứng dụng: cơ sở dữ liệu, nội dung tĩnh... Chạy lệnh này khi bạn thử cập nhật dữ liệu nhưng giao diện không thay đổi','2023-01-02 21:22:40','2023-01-02 21:22:40'),(733,1,'vi','core/base/cache','commands.clear_cms_cache.success_msg','Bộ đệm đã được xóa','2023-01-02 21:22:40','2023-01-02 21:22:40'),(734,1,'vi','core/base/cache','commands.refresh_compiled_views.title','Làm mới bộ đệm giao diện','2023-01-02 21:22:40','2023-01-02 21:22:40'),(735,1,'vi','core/base/cache','commands.refresh_compiled_views.description','Làm mới bộ đệm giao diện giúp phần giao diện luôn mới nhất','2023-01-02 21:22:40','2023-01-02 21:22:40'),(736,1,'vi','core/base/cache','commands.refresh_compiled_views.success_msg','Bộ đệm giao diện đã được làm mới','2023-01-02 21:22:40','2023-01-02 21:22:40'),(737,1,'vi','core/base/cache','commands.clear_config_cache.title','Xóa bộ nhớ đệm của phần cấu hình','2023-01-02 21:22:40','2023-01-02 21:22:40'),(738,1,'vi','core/base/cache','commands.clear_config_cache.description','Bạn cần làm mới bộ đệm cấu hình khi bạn tạo ra sự thay đổi nào đó ở môi trường thành phẩm.','2023-01-02 21:22:40','2023-01-02 21:22:40'),(739,1,'vi','core/base/cache','commands.clear_config_cache.success_msg','Bộ đệm cấu hình đã được xóa','2023-01-02 21:22:40','2023-01-02 21:22:40'),(740,1,'vi','core/base/cache','commands.clear_route_cache.title','Xoá cache đường dẫn','2023-01-02 21:22:40','2023-01-02 21:22:40'),(741,1,'vi','core/base/cache','commands.clear_route_cache.description','Cần thực hiện thao tác này khi thấy không xuất hiện đường dẫn mới.','2023-01-02 21:22:40','2023-01-02 21:22:40'),(742,1,'vi','core/base/cache','commands.clear_route_cache.success_msg','Bộ đệm điều hướng đã bị xóa','2023-01-02 21:22:40','2023-01-02 21:22:40'),(743,1,'vi','core/base/cache','commands.clear_log.description','Xoá lịch sử lỗi','2023-01-02 21:22:40','2023-01-02 21:22:40'),(744,1,'vi','core/base/cache','commands.clear_log.success_msg','Lịch sử lỗi đã được làm sạch','2023-01-02 21:22:40','2023-01-02 21:22:40'),(745,1,'vi','core/base/cache','commands.clear_log.title','Xoá lịch sử lỗi','2023-01-02 21:22:40','2023-01-02 21:22:40'),(746,1,'vi','core/base/enums','statuses.draft','Bản nháp','2023-01-02 21:22:41','2023-01-02 21:22:41'),(747,1,'vi','core/base/enums','statuses.pending','Đang chờ xử lý','2023-01-02 21:22:41','2023-01-02 21:22:41'),(748,1,'vi','core/base/enums','statuses.published','Đã xuất bản','2023-01-02 21:22:41','2023-01-02 21:22:41'),(749,1,'vi','core/base/errors','401_title','Bạn không có quyền truy cập trang này','2023-01-02 21:22:41','2023-01-02 21:22:41'),(750,1,'vi','core/base/errors','401_msg','<li>Bạn không được cấp quyền truy cập bởi quản trị viên.</li>\n	                <li>Bạn sử dụng sai loại tài khoản.</li>\n	                <li>Bạn không được cấp quyền để có thể truy cập trang này</li>','2023-01-02 21:22:41','2023-01-02 21:22:41'),(751,1,'vi','core/base/errors','404_title','Không tìm thấy trang yêu cầu','2023-01-02 21:22:41','2023-01-02 21:22:41'),(752,1,'vi','core/base/errors','404_msg','<li>Trang bạn yêu cầu không tồn tại.</li>\n	                <li>Liên kết bạn vừa nhấn không còn được sử dụng.</li>\n	                <li>Trang này có thể đã được chuyển sang vị trí khác.</li>\n	                <li>Có thể có lỗi xảy ra.</li>\n	                <li>Bạn không được cấp quyền để có thể truy cập trang này</li>','2023-01-02 21:22:41','2023-01-02 21:22:41'),(753,1,'vi','core/base/errors','500_title','Không thể tải trang','2023-01-02 21:22:41','2023-01-02 21:22:41'),(754,1,'vi','core/base/errors','500_msg','<li>Trang bạn yêu cầu không tồn tại.</li>\n	                <li>Liên kết bạn vừa nhấn không còn được sử dụng.</li>\n	                <li>Trang này có thể đã được chuyển sang vị trí khác.</li>\n	                <li>Có thể có lỗi xảy ra.</li>\n	                <li>Bạn không được cấp quyền để có thể truy cập trang này</li>','2023-01-02 21:22:41','2023-01-02 21:22:41'),(755,1,'vi','core/base/errors','reasons','Điều này có thể xảy ra vì nhiều lý do.','2023-01-02 21:22:41','2023-01-02 21:22:41'),(756,1,'vi','core/base/errors','try_again','Vui lòng thử lại trong vài phút, hoặc quay trở lại trang chủ bằng cách <a href=\"http://cms.local/admin\"> nhấn vào đây </a>.','2023-01-02 21:22:41','2023-01-02 21:22:41'),(757,1,'vi','core/base/errors','not_found','Không tìm thấy','2023-01-02 21:22:41','2023-01-02 21:22:41'),(758,1,'vi','core/base/forms','choose_image','Chọn ảnh','2023-01-02 21:22:41','2023-01-02 21:22:41'),(759,1,'vi','core/base/forms','actions','Tác vụ','2023-01-02 21:22:41','2023-01-02 21:22:41'),(760,1,'vi','core/base/forms','save','Lưu','2023-01-02 21:22:41','2023-01-02 21:22:41'),(761,1,'vi','core/base/forms','save_and_continue','Lưu & chỉnh sửa','2023-01-02 21:22:41','2023-01-02 21:22:41'),(762,1,'vi','core/base/forms','image','Hình ảnh','2023-01-02 21:22:41','2023-01-02 21:22:41'),(763,1,'vi','core/base/forms','image_placeholder','Chèn đường dẫn hình ảnh hoặc nhấn nút để chọn hình','2023-01-02 21:22:41','2023-01-02 21:22:41'),(764,1,'vi','core/base/forms','create','Tạo mới','2023-01-02 21:22:41','2023-01-02 21:22:41'),(765,1,'vi','core/base/forms','edit','Sửa','2023-01-02 21:22:41','2023-01-02 21:22:41'),(766,1,'vi','core/base/forms','permalink','Đường dẫn','2023-01-02 21:22:41','2023-01-02 21:22:41'),(767,1,'vi','core/base/forms','ok','OK','2023-01-02 21:22:41','2023-01-02 21:22:41'),(768,1,'vi','core/base/forms','cancel','Hủy bỏ','2023-01-02 21:22:41','2023-01-02 21:22:41'),(769,1,'vi','core/base/forms','character_remain','kí tự còn lại','2023-01-02 21:22:41','2023-01-02 21:22:41'),(770,1,'vi','core/base/forms','template','Template','2023-01-02 21:22:41','2023-01-02 21:22:41'),(771,1,'vi','core/base/forms','choose_file','Chọn tập tin','2023-01-02 21:22:41','2023-01-02 21:22:41'),(772,1,'vi','core/base/forms','file','Tập tin','2023-01-02 21:22:41','2023-01-02 21:22:41'),(773,1,'vi','core/base/forms','content','Nội dung','2023-01-02 21:22:41','2023-01-02 21:22:41'),(774,1,'vi','core/base/forms','description','Mô tả','2023-01-02 21:22:41','2023-01-02 21:22:41'),(775,1,'vi','core/base/forms','name','Tên','2023-01-02 21:22:41','2023-01-02 21:22:41'),(776,1,'vi','core/base/forms','name_placeholder','Nhập tên','2023-01-02 21:22:41','2023-01-02 21:22:41'),(777,1,'vi','core/base/forms','description_placeholder','Mô tả ngắn','2023-01-02 21:22:41','2023-01-02 21:22:41'),(778,1,'vi','core/base/forms','parent','Cha','2023-01-02 21:22:41','2023-01-02 21:22:41'),(779,1,'vi','core/base/forms','icon','Biểu tượng','2023-01-02 21:22:41','2023-01-02 21:22:41'),(780,1,'vi','core/base/forms','order_by','Sắp xếp','2023-01-02 21:22:41','2023-01-02 21:22:41'),(781,1,'vi','core/base/forms','order_by_placeholder','Sắp xếp','2023-01-02 21:22:41','2023-01-02 21:22:41'),(782,1,'vi','core/base/forms','slug','Slug','2023-01-02 21:22:41','2023-01-02 21:22:41'),(783,1,'vi','core/base/forms','is_featured','Nổi bật?','2023-01-02 21:22:41','2023-01-02 21:22:41'),(784,1,'vi','core/base/forms','is_default','Mặc định?','2023-01-02 21:22:41','2023-01-02 21:22:41'),(785,1,'vi','core/base/forms','icon_placeholder','Ví dụ: fa fa-home','2023-01-02 21:22:41','2023-01-02 21:22:41'),(786,1,'vi','core/base/forms','update','Cập nhật','2023-01-02 21:22:41','2023-01-02 21:22:41'),(787,1,'vi','core/base/forms','publish','Xuất bản','2023-01-02 21:22:41','2023-01-02 21:22:41'),(788,1,'vi','core/base/forms','remove_image','Xoá ảnh','2023-01-02 21:22:41','2023-01-02 21:22:41'),(789,1,'vi','core/base/forms','add','Thêm','2023-01-02 21:22:41','2023-01-02 21:22:41'),(790,1,'vi','core/base/forms','add_short_code','Thêm shortcode','2023-01-02 21:22:41','2023-01-02 21:22:41'),(791,1,'vi','core/base/forms','alias','Mã thay thế','2023-01-02 21:22:41','2023-01-02 21:22:41'),(792,1,'vi','core/base/forms','alias_placeholder','Mã thay thế','2023-01-02 21:22:41','2023-01-02 21:22:41'),(793,1,'vi','core/base/forms','basic_information','Thông tin cơ bản','2023-01-02 21:22:41','2023-01-02 21:22:41'),(794,1,'vi','core/base/forms','link','Liên kết','2023-01-02 21:22:41','2023-01-02 21:22:41'),(795,1,'vi','core/base/forms','order','Thứ tự','2023-01-02 21:22:41','2023-01-02 21:22:41'),(796,1,'vi','core/base/forms','short_code','Shortcode','2023-01-02 21:22:41','2023-01-02 21:22:41'),(797,1,'vi','core/base/forms','title','Tiêu đề','2023-01-02 21:22:41','2023-01-02 21:22:41'),(798,1,'vi','core/base/forms','value','Giá trị','2023-01-02 21:22:41','2023-01-02 21:22:41'),(799,1,'vi','core/base/forms','show_hide_editor','Ẩn/Hiện trình soạn thảo','2023-01-02 21:22:41','2023-01-02 21:22:41'),(800,1,'vi','core/base/forms','basic_info_title','Thông tin cơ bản','2023-01-02 21:22:41','2023-01-02 21:22:41'),(801,1,'vi','core/base/forms','remove_file','Xóa tập tin','2023-01-02 21:22:41','2023-01-02 21:22:41'),(802,1,'vi','core/base/layouts','platform_admin','Quản trị hệ thống','2023-01-02 21:22:41','2023-01-02 21:22:41'),(803,1,'vi','core/base/layouts','dashboard','Bảng điều khiển','2023-01-02 21:22:41','2023-01-02 21:22:41'),(804,1,'vi','core/base/layouts','widgets','Tiện ích','2023-01-02 21:22:41','2023-01-02 21:22:41'),(805,1,'vi','core/base/layouts','plugins','Tiện ích mở rộng','2023-01-02 21:22:41','2023-01-02 21:22:41'),(806,1,'vi','core/base/layouts','settings','Cài đặt','2023-01-02 21:22:41','2023-01-02 21:22:41'),(807,1,'vi','core/base/layouts','setting_general','Cơ bản','2023-01-02 21:22:41','2023-01-02 21:22:41'),(808,1,'vi','core/base/layouts','system_information','Thông tin hệ thống','2023-01-02 21:22:41','2023-01-02 21:22:41'),(809,1,'vi','core/base/layouts','theme','Giao diện','2023-01-02 21:22:41','2023-01-02 21:22:41'),(810,1,'vi','core/base/layouts','copyright','Bản quyền :year &copy; :company. Phiên bản: <span>:version</span>','2023-01-02 21:22:41','2023-01-02 21:22:41'),(811,1,'vi','core/base/layouts','profile','Thông tin cá nhân','2023-01-02 21:22:41','2023-01-02 21:22:41'),(812,1,'vi','core/base/layouts','logout','Đăng xuất','2023-01-02 21:22:41','2023-01-02 21:22:41'),(813,1,'vi','core/base/layouts','no_search_result','Không có kết quả tìm kiếm, hãy thử lại với từ khóa khác.','2023-01-02 21:22:41','2023-01-02 21:22:41'),(814,1,'vi','core/base/layouts','home','Trang chủ','2023-01-02 21:22:41','2023-01-02 21:22:41'),(815,1,'vi','core/base/layouts','search','Tìm kiếm','2023-01-02 21:22:41','2023-01-02 21:22:41'),(816,1,'vi','core/base/layouts','add_new','Thêm mới','2023-01-02 21:22:41','2023-01-02 21:22:41'),(817,1,'vi','core/base/layouts','n_a','N/A','2023-01-02 21:22:41','2023-01-02 21:22:41'),(818,1,'vi','core/base/layouts','page_loaded_time','Trang tải xong trong','2023-01-02 21:22:41','2023-01-02 21:22:41'),(819,1,'vi','core/base/layouts','view_website','Xem trang ngoài','2023-01-02 21:22:41','2023-01-02 21:22:41'),(820,1,'vi','core/base/layouts','setting_email','Email','2023-01-02 21:22:41','2023-01-02 21:22:41'),(821,1,'vi','core/base/mail','send-fail','Gửi email không thành công','2023-01-02 21:22:41','2023-01-02 21:22:41'),(822,1,'vi','core/base/notices','create_success_message','Tạo thành công','2023-01-02 21:22:41','2023-01-02 21:22:41'),(823,1,'vi','core/base/notices','update_success_message','Cập nhật thành công','2023-01-02 21:22:41','2023-01-02 21:22:41'),(824,1,'vi','core/base/notices','delete_success_message','Xóa thành công','2023-01-02 21:22:41','2023-01-02 21:22:41'),(825,1,'vi','core/base/notices','success_header','Thành công!','2023-01-02 21:22:41','2023-01-02 21:22:41'),(826,1,'vi','core/base/notices','error_header','Lỗi!','2023-01-02 21:22:41','2023-01-02 21:22:41'),(827,1,'vi','core/base/notices','no_select','Chọn ít nhất 1 trường để thực hiện hành động này!','2023-01-02 21:22:41','2023-01-02 21:22:41'),(828,1,'vi','core/base/notices','processing_request','Hệ thống đang xử lý yêu cầu.','2023-01-02 21:22:41','2023-01-02 21:22:41'),(829,1,'vi','core/base/notices','error','Lỗi!','2023-01-02 21:22:41','2023-01-02 21:22:41'),(830,1,'vi','core/base/notices','success','Thành công!','2023-01-02 21:22:41','2023-01-02 21:22:41'),(831,1,'vi','core/base/notices','info','Thông tin!','2023-01-02 21:22:41','2023-01-02 21:22:41'),(832,1,'vi','core/base/notices','enum.validate_message','Giá trị của :attribute không hợp lệ','2023-01-02 21:22:41','2023-01-02 21:22:41'),(833,1,'vi','core/base/system','no_select','Hãy chọn ít nhất 1 trường để thực hiện hành động này!','2023-01-02 21:22:41','2023-01-02 21:22:41'),(834,1,'vi','core/base/system','cannot_find_user','Không thể tải được thông tin người dùng','2023-01-02 21:22:41','2023-01-02 21:22:41'),(835,1,'vi','core/base/system','supper_revoked','Quyền quản trị viên cao nhất đã được gỡ bỏ','2023-01-02 21:22:41','2023-01-02 21:22:41'),(836,1,'vi','core/base/system','cannot_revoke_yourself','Không thể gỡ bỏ quyền quản trị cấp cao của chính bạn!','2023-01-02 21:22:41','2023-01-02 21:22:41'),(837,1,'vi','core/base/system','cant_remove_supper','Bạn không có quyền xóa quản trị viên cấp cao','2023-01-02 21:22:41','2023-01-02 21:22:41'),(838,1,'vi','core/base/system','cant_find_user_with_email','Không thể tìm thấy người dùng với email này','2023-01-02 21:22:41','2023-01-02 21:22:41'),(839,1,'vi','core/base/system','supper_granted','Quyền quản trị cao nhất đã được gán','2023-01-02 21:22:41','2023-01-02 21:22:41'),(840,1,'vi','core/base/system','delete_log_success','Xóa tập tin log thành công!','2023-01-02 21:22:41','2023-01-02 21:22:41'),(841,1,'vi','core/base/system','get_member_success','Hiển thị danh sách thành viên thành công','2023-01-02 21:22:41','2023-01-02 21:22:41'),(842,1,'vi','core/base/system','error_occur','Có lỗi dưới đây','2023-01-02 21:22:41','2023-01-02 21:22:41'),(843,1,'vi','core/base/system','role_and_permission','Phân quyền hệ thống','2023-01-02 21:22:41','2023-01-02 21:22:41'),(844,1,'vi','core/base/system','role_and_permission_description','Quản lý những phân quyền trong hệ thống','2023-01-02 21:22:41','2023-01-02 21:22:41'),(845,1,'vi','core/base/system','user.list_super','Danh sách quản trị viên cấp cao','2023-01-02 21:22:41','2023-01-02 21:22:41'),(846,1,'vi','core/base/system','user.username','Tên đăng nhập','2023-01-02 21:22:41','2023-01-02 21:22:41'),(847,1,'vi','core/base/system','user.email','Email','2023-01-02 21:22:41','2023-01-02 21:22:41'),(848,1,'vi','core/base/system','user.last_login','Đăng nhập lần cuối	','2023-01-02 21:22:41','2023-01-02 21:22:41'),(849,1,'vi','core/base/system','user.add_user','Thêm quản trị viên cấp cao','2023-01-02 21:22:41','2023-01-02 21:22:41'),(850,1,'vi','core/base/system','user.cancel','Hủy bỏ','2023-01-02 21:22:41','2023-01-02 21:22:41'),(851,1,'vi','core/base/system','user.create','Thêm','2023-01-02 21:22:41','2023-01-02 21:22:41'),(852,1,'vi','core/base/system','options.features','Kiểm soát truy cập các tính năng','2023-01-02 21:22:41','2023-01-02 21:22:41'),(853,1,'vi','core/base/system','options.feature_description','Bật/tắt các tính năng.','2023-01-02 21:22:41','2023-01-02 21:22:41'),(854,1,'vi','core/base/system','options.manage_super','Quản lý quản trị viên cấp cao','2023-01-02 21:22:41','2023-01-02 21:22:41'),(855,1,'vi','core/base/system','options.manage_super_description','Thêm/xóa quản trị viên cấp cao','2023-01-02 21:22:41','2023-01-02 21:22:41'),(856,1,'vi','core/base/system','options.info','Thông tin hệ thống','2023-01-02 21:22:41','2023-01-02 21:22:41'),(857,1,'vi','core/base/system','options.info_description','Những thông tin về cấu hình hiện tại của hệ thống.','2023-01-02 21:22:41','2023-01-02 21:22:41'),(858,1,'vi','core/base/system','info.title','Thông tin hệ thống','2023-01-02 21:22:41','2023-01-02 21:22:41'),(859,1,'vi','core/base/system','info.cache','Bộ nhớ đệm','2023-01-02 21:22:41','2023-01-02 21:22:41'),(860,1,'vi','core/base/system','info.environment','Môi trường','2023-01-02 21:22:41','2023-01-02 21:22:41'),(861,1,'vi','core/base/system','info.locale','Ngôn ngữ hệ thống','2023-01-02 21:22:41','2023-01-02 21:22:41'),(862,1,'vi','core/base/system','user_management','Quản lý thành viên','2023-01-02 21:22:41','2023-01-02 21:22:41'),(863,1,'vi','core/base/system','user_management_description','Quản lý người dùng trong hệ thống','2023-01-02 21:22:41','2023-01-02 21:22:41'),(864,1,'vi','core/base/system','app_size','Kích thước ứng dụng','2023-01-02 21:22:41','2023-01-02 21:22:41'),(865,1,'vi','core/base/system','cache_dir_writable','Có thể ghi bộ nhớ đệm','2023-01-02 21:22:41','2023-01-02 21:22:41'),(866,1,'vi','core/base/system','cache_driver','Loại lưu trữ bộ nhớ đệm','2023-01-02 21:22:41','2023-01-02 21:22:41'),(867,1,'vi','core/base/system','copy_report','Sao chép báo cáo','2023-01-02 21:22:41','2023-01-02 21:22:41'),(868,1,'vi','core/base/system','curl_ext','CURL Ext','2023-01-02 21:22:41','2023-01-02 21:22:41'),(869,1,'vi','core/base/system','database','Hệ thống dữ liệu','2023-01-02 21:22:41','2023-01-02 21:22:41'),(870,1,'vi','core/base/system','debug_mode','Chế độ sửa lỗi','2023-01-02 21:22:41','2023-01-02 21:22:41'),(871,1,'vi','core/base/system','dependency_name','Tên gói','2023-01-02 21:22:41','2023-01-02 21:22:41'),(872,1,'vi','core/base/system','exif_ext','Exif Ext','2023-01-02 21:22:41','2023-01-02 21:22:41'),(873,1,'vi','core/base/system','extra_information','Thông tin mở rộng','2023-01-02 21:22:41','2023-01-02 21:22:41'),(874,1,'vi','core/base/system','extra_stats','Thống kê thêm','2023-01-02 21:22:41','2023-01-02 21:22:41'),(875,1,'vi','core/base/system','file_info_ext','File info Ext','2023-01-02 21:22:41','2023-01-02 21:22:41'),(876,1,'vi','core/base/system','framework_version','Phiên bản framework','2023-01-02 21:22:41','2023-01-02 21:22:41'),(877,1,'vi','core/base/system','get_system_report','Lấy thông tin hệ thống','2023-01-02 21:22:41','2023-01-02 21:22:41'),(878,1,'vi','core/base/system','installed_packages','Các gói đã cài đặt và phiên bản','2023-01-02 21:22:41','2023-01-02 21:22:41'),(879,1,'vi','core/base/system','mbstring_ext','Mbstring Ext','2023-01-02 21:22:41','2023-01-02 21:22:41'),(880,1,'vi','core/base/system','openssl_ext','OpenSSL Ext','2023-01-02 21:22:41','2023-01-02 21:22:41'),(881,1,'vi','core/base/system','package_name','Tên gói','2023-01-02 21:22:41','2023-01-02 21:22:41'),(882,1,'vi','core/base/system','pdo_ext','PDO Ext','2023-01-02 21:22:41','2023-01-02 21:22:41'),(883,1,'vi','core/base/system','php_version','Phiên bản PHP','2023-01-02 21:22:41','2023-01-02 21:22:41'),(884,1,'vi','core/base/system','report_description','Vui lòng chia sẻ thông tin này nhằm mục đích điều tra nguyên nhân gây lỗi','2023-01-02 21:22:41','2023-01-02 21:22:41'),(885,1,'vi','core/base/system','server_environment','Môi trường máy chủ','2023-01-02 21:22:41','2023-01-02 21:22:41'),(886,1,'vi','core/base/system','server_os','Hệ điều hành của máy chủ','2023-01-02 21:22:41','2023-01-02 21:22:41'),(887,1,'vi','core/base/system','server_software','Phần mềm','2023-01-02 21:22:41','2023-01-02 21:22:41'),(888,1,'vi','core/base/system','session_driver','Loại lưu trữ phiên làm việc','2023-01-02 21:22:41','2023-01-02 21:22:41'),(889,1,'vi','core/base/system','ssl_installed','Đã cài đặt chứng chỉ SSL','2023-01-02 21:22:41','2023-01-02 21:22:41'),(890,1,'vi','core/base/system','storage_dir_writable','Có thể lưu trữ dữ liệu tạm','2023-01-02 21:22:41','2023-01-02 21:22:41'),(891,1,'vi','core/base/system','system_environment','Môi trường hệ thống','2023-01-02 21:22:41','2023-01-02 21:22:41'),(892,1,'vi','core/base/system','timezone','Múi giờ','2023-01-02 21:22:41','2023-01-02 21:22:41'),(893,1,'vi','core/base/system','tokenizer_ext','Tokenizer Ext','2023-01-02 21:22:41','2023-01-02 21:22:41'),(894,1,'vi','core/base/system','version','Phiên bản','2023-01-02 21:22:41','2023-01-02 21:22:41'),(895,1,'vi','core/base/system','cms_version','Phiên bản CMS','2023-01-02 21:22:41','2023-01-02 21:22:41'),(896,1,'vi','core/base/system','queue_connection','Queue Connection','2023-01-02 21:22:41','2023-01-02 21:22:41'),(897,1,'vi','core/base/system','disabled_in_demo_mode','Bạn không thể thực hiện hành động này ở chế độ demo!','2023-01-02 21:22:41','2023-01-02 21:22:41'),(898,1,'vi','core/base/system','imagick_or_gd_ext','Imagick/GD Ext','2023-01-02 21:22:41','2023-01-02 21:22:41'),(899,1,'vi','core/base/system','php_version_error','Phiên bản PHP phải >= :version','2023-01-02 21:22:41','2023-01-02 21:22:41'),(900,1,'vi','core/base/system','updater','Nâng cấp hệ thống','2023-01-02 21:22:41','2023-01-02 21:22:41'),(901,1,'vi','core/base/tables','id','ID','2023-01-02 21:22:41','2023-01-02 21:22:41'),(902,1,'vi','core/base/tables','name','Tên','2023-01-02 21:22:41','2023-01-02 21:22:41'),(903,1,'vi','core/base/tables','order_by','Thứ tự','2023-01-02 21:22:41','2023-01-02 21:22:41'),(904,1,'vi','core/base/tables','status','Trạng thái','2023-01-02 21:22:41','2023-01-02 21:22:41'),(905,1,'vi','core/base/tables','created_at','Ngày tạo','2023-01-02 21:22:41','2023-01-02 21:22:41'),(906,1,'vi','core/base/tables','updated_at','Ngày cập nhật','2023-01-02 21:22:41','2023-01-02 21:22:41'),(907,1,'vi','core/base/tables','operations','Tác vụ','2023-01-02 21:22:41','2023-01-02 21:22:41'),(908,1,'vi','core/base/tables','url','URL','2023-01-02 21:22:41','2023-01-02 21:22:41'),(909,1,'vi','core/base/tables','author','Người tạo','2023-01-02 21:22:41','2023-01-02 21:22:41'),(910,1,'vi','core/base/tables','column','Cột','2023-01-02 21:22:41','2023-01-02 21:22:41'),(911,1,'vi','core/base/tables','origin','Bản cũ','2023-01-02 21:22:41','2023-01-02 21:22:41'),(912,1,'vi','core/base/tables','after_change','Sau khi thay đổi','2023-01-02 21:22:41','2023-01-02 21:22:41'),(913,1,'vi','core/base/tables','notes','Ghi chú','2023-01-02 21:22:41','2023-01-02 21:22:41'),(914,1,'vi','core/base/tables','activated','kích hoạt','2023-01-02 21:22:41','2023-01-02 21:22:41'),(915,1,'vi','core/base/tables','browser','Trình duyệt','2023-01-02 21:22:41','2023-01-02 21:22:41'),(916,1,'vi','core/base/tables','deactivated','hủy kích hoạt','2023-01-02 21:22:41','2023-01-02 21:22:41'),(917,1,'vi','core/base/tables','description','Mô tả','2023-01-02 21:22:41','2023-01-02 21:22:41'),(918,1,'vi','core/base/tables','session','Phiên','2023-01-02 21:22:41','2023-01-02 21:22:41'),(919,1,'vi','core/base/tables','views','Lượt xem','2023-01-02 21:22:41','2023-01-02 21:22:41'),(920,1,'vi','core/base/tables','restore','Khôi phục','2023-01-02 21:22:41','2023-01-02 21:22:41'),(921,1,'vi','core/base/tables','edit','Sửa','2023-01-02 21:22:41','2023-01-02 21:22:41'),(922,1,'vi','core/base/tables','delete','Xóa','2023-01-02 21:22:41','2023-01-02 21:22:41'),(923,1,'vi','core/base/tables','action','Hành động','2023-01-02 21:22:41','2023-01-02 21:22:41'),(924,1,'vi','core/base/tables','activate','Kích hoạt','2023-01-02 21:22:41','2023-01-02 21:22:41'),(925,1,'vi','core/base/tables','add_new','Thêm mới','2023-01-02 21:22:41','2023-01-02 21:22:41'),(926,1,'vi','core/base/tables','all','Tất cả','2023-01-02 21:22:41','2023-01-02 21:22:41'),(927,1,'vi','core/base/tables','cancel','Hủy bỏ','2023-01-02 21:22:41','2023-01-02 21:22:41'),(928,1,'vi','core/base/tables','confirm_delete','Xác nhận xóa','2023-01-02 21:22:41','2023-01-02 21:22:41'),(929,1,'vi','core/base/tables','confirm_delete_msg','Bạn có chắc chắn muốn xóa bản ghi này?','2023-01-02 21:22:41','2023-01-02 21:22:41'),(930,1,'vi','core/base/tables','csv','CSV','2023-01-02 21:22:41','2023-01-02 21:22:41'),(931,1,'vi','core/base/tables','deactivate','Hủy kích hoạt','2023-01-02 21:22:41','2023-01-02 21:22:41'),(932,1,'vi','core/base/tables','delete_entry','Xóa bản ghi','2023-01-02 21:22:41','2023-01-02 21:22:41'),(933,1,'vi','core/base/tables','display','Hiển thị','2023-01-02 21:22:41','2023-01-02 21:22:41'),(934,1,'vi','core/base/tables','excel','Excel','2023-01-02 21:22:41','2023-01-02 21:22:41'),(935,1,'vi','core/base/tables','export','Xuất bản','2023-01-02 21:22:41','2023-01-02 21:22:41'),(936,1,'vi','core/base/tables','in','trong tổng số','2023-01-02 21:22:41','2023-01-02 21:22:41'),(937,1,'vi','core/base/tables','no_data','Không có dữ liệu để hiển thị','2023-01-02 21:22:41','2023-01-02 21:22:41'),(938,1,'vi','core/base/tables','no_record','Không có dữ liệu','2023-01-02 21:22:41','2023-01-02 21:22:41'),(939,1,'vi','core/base/tables','pdf','PDF','2023-01-02 21:22:41','2023-01-02 21:22:41'),(940,1,'vi','core/base/tables','print','In','2023-01-02 21:22:41','2023-01-02 21:22:41'),(941,1,'vi','core/base/tables','records','bản ghi','2023-01-02 21:22:41','2023-01-02 21:22:41'),(942,1,'vi','core/base/tables','reload','Tải lại','2023-01-02 21:22:41','2023-01-02 21:22:41'),(943,1,'vi','core/base/tables','reset','Làm mới','2023-01-02 21:22:41','2023-01-02 21:22:41'),(944,1,'vi','core/base/tables','save','Lưu','2023-01-02 21:22:41','2023-01-02 21:22:41'),(945,1,'vi','core/base/tables','show_from','Hiển thị từ','2023-01-02 21:22:41','2023-01-02 21:22:41'),(946,1,'vi','core/base/tables','template','Giao diện','2023-01-02 21:22:41','2023-01-02 21:22:41'),(947,1,'vi','core/base/tables','to','đến','2023-01-02 21:22:41','2023-01-02 21:22:41'),(948,1,'vi','core/base/tables','view','Xem chi tiết','2023-01-02 21:22:41','2023-01-02 21:22:41'),(949,1,'vi','core/base/tables','email','Email','2023-01-02 21:22:41','2023-01-02 21:22:41'),(950,1,'vi','core/base/tables','image','Hình ảnh','2023-01-02 21:22:41','2023-01-02 21:22:41'),(951,1,'vi','core/base/tables','is_featured','Nổi bật','2023-01-02 21:22:41','2023-01-02 21:22:41'),(952,1,'vi','core/base/tables','last_login','Lần cuối đăng nhập','2023-01-02 21:22:41','2023-01-02 21:22:41'),(953,1,'vi','core/base/tables','order','Thứ tự','2023-01-02 21:22:41','2023-01-02 21:22:41'),(954,1,'vi','core/base/tables','shortcode','Shortcode','2023-01-02 21:22:41','2023-01-02 21:22:41'),(955,1,'vi','core/base/tables','slug','Slug','2023-01-02 21:22:41','2023-01-02 21:22:41'),(956,1,'vi','core/base/tables','title','Tiêu đề','2023-01-02 21:22:41','2023-01-02 21:22:41'),(957,1,'vi','core/base/tables','bulk_changes','Thay đổi hàng loạt','2023-01-02 21:22:41','2023-01-02 21:22:41'),(958,1,'vi','core/base/tables','confirm_delete_many_msg','Bạn có chắc chắn muốn xóa những bản ghi này?','2023-01-02 21:22:41','2023-01-02 21:22:41'),(959,1,'vi','core/base/tables','submit','Hoàn tất','2023-01-02 21:22:41','2023-01-02 21:22:41'),(960,1,'vi','core/base/tables','please_select_record','Vui lòng chọn ít nhất 1 bản ghi để thực hiện hành động này!','2023-01-02 21:22:41','2023-01-02 21:22:41'),(961,1,'vi','core/base/tabs','detail','Chi tiết','2023-01-02 21:22:41','2023-01-02 21:22:41'),(962,1,'vi','core/base/tabs','file','Tập tin','2023-01-02 21:22:41','2023-01-02 21:22:41'),(963,1,'vi','core/base/tabs','record_note','Ghi chú','2023-01-02 21:22:41','2023-01-02 21:22:41'),(964,1,'vi','core/base/tabs','revision','Lịch sử thay đổi','2023-01-02 21:22:41','2023-01-02 21:22:41'),(965,1,'en','core/dashboard/dashboard','update_position_success','Update widget position successfully!','2023-01-02 21:22:41','2023-01-02 21:22:41'),(966,1,'en','core/dashboard/dashboard','hide_success','Update widget successfully!','2023-01-02 21:22:41','2023-01-02 21:22:41'),(967,1,'en','core/dashboard/dashboard','confirm_hide','Are you sure?','2023-01-02 21:22:41','2023-01-02 21:22:41'),(968,1,'en','core/dashboard/dashboard','hide_message','Do you really want to hide this widget? It will be disappear on Dashboard!','2023-01-02 21:22:41','2023-01-02 21:22:41'),(969,1,'en','core/dashboard/dashboard','confirm_hide_btn','Yes, hide this widget','2023-01-02 21:22:41','2023-01-02 21:22:41'),(970,1,'en','core/dashboard/dashboard','cancel_hide_btn','Cancel','2023-01-02 21:22:41','2023-01-02 21:22:41'),(971,1,'en','core/dashboard/dashboard','collapse_expand','Collapse/Expand','2023-01-02 21:22:41','2023-01-02 21:22:41'),(972,1,'en','core/dashboard/dashboard','hide','Hide','2023-01-02 21:22:41','2023-01-02 21:22:41'),(973,1,'en','core/dashboard/dashboard','reload','Reload','2023-01-02 21:22:41','2023-01-02 21:22:41'),(974,1,'en','core/dashboard/dashboard','save_setting_success','Save widget settings successfully!','2023-01-02 21:22:41','2023-01-02 21:22:41'),(975,1,'en','core/dashboard/dashboard','widget_not_exists','Widget is not exits!','2023-01-02 21:22:41','2023-01-02 21:22:41'),(976,1,'en','core/dashboard/dashboard','manage_widgets','Manage Widgets','2023-01-02 21:22:41','2023-01-02 21:22:41'),(977,1,'en','core/dashboard/dashboard','fullscreen','Full screen','2023-01-02 21:22:41','2023-01-02 21:22:41'),(978,1,'en','core/dashboard/dashboard','title','Dashboard','2023-01-02 21:22:41','2023-01-02 21:22:41'),(979,1,'en','core/dashboard/dashboard','predefined_ranges.today','Today','2023-01-02 21:22:41','2023-01-02 21:22:41'),(980,1,'en','core/dashboard/dashboard','predefined_ranges.yesterday','Yesterday','2023-01-02 21:22:41','2023-01-02 21:22:41'),(981,1,'en','core/dashboard/dashboard','predefined_ranges.this_week','This Week','2023-01-02 21:22:41','2023-01-02 21:22:41'),(982,1,'en','core/dashboard/dashboard','predefined_ranges.last_7_days','Last 7 Days','2023-01-02 21:22:41','2023-01-02 21:22:41'),(983,1,'en','core/dashboard/dashboard','predefined_ranges.this_month','This Month','2023-01-02 21:22:41','2023-01-02 21:22:41'),(984,1,'en','core/dashboard/dashboard','predefined_ranges.last_30_days','Last 30 Days','2023-01-02 21:22:41','2023-01-02 21:22:41'),(985,1,'en','core/dashboard/dashboard','predefined_ranges.this_year','This Year','2023-01-02 21:22:41','2023-01-02 21:22:41'),(986,1,'vi','core/dashboard/dashboard','cancel_hide_btn','Hủy bỏ','2023-01-02 21:22:41','2023-01-02 21:22:41'),(987,1,'vi','core/dashboard/dashboard','collapse_expand','Mở rộng','2023-01-02 21:22:41','2023-01-02 21:22:41'),(988,1,'vi','core/dashboard/dashboard','confirm_hide','Bạn có chắc?','2023-01-02 21:22:41','2023-01-02 21:22:41'),(989,1,'vi','core/dashboard/dashboard','confirm_hide_btn','Vâng, ẩn tiện ích này','2023-01-02 21:22:41','2023-01-02 21:22:41'),(990,1,'vi','core/dashboard/dashboard','hide','Ẩn','2023-01-02 21:22:41','2023-01-02 21:22:41'),(991,1,'vi','core/dashboard/dashboard','hide_message','Bạn có chắc chắn muốn ẩn tiện ích này? Nó sẽ không được hiển thị trên trang chủ nữa!','2023-01-02 21:22:41','2023-01-02 21:22:41'),(992,1,'vi','core/dashboard/dashboard','hide_success','Ẩn tiện ích thành công!','2023-01-02 21:22:41','2023-01-02 21:22:41'),(993,1,'vi','core/dashboard/dashboard','manage_widgets','Quản lý tiện ích','2023-01-02 21:22:41','2023-01-02 21:22:41'),(994,1,'vi','core/dashboard/dashboard','reload','Làm mới','2023-01-02 21:22:41','2023-01-02 21:22:41'),(995,1,'vi','core/dashboard/dashboard','save_setting_success','Lưu tiện ích thành công','2023-01-02 21:22:41','2023-01-02 21:22:41'),(996,1,'vi','core/dashboard/dashboard','update_position_success','Cập nhật vị trí tiện ích thành công!','2023-01-02 21:22:41','2023-01-02 21:22:41'),(997,1,'vi','core/dashboard/dashboard','widget_not_exists','Tiện ích này không tồn tại!','2023-01-02 21:22:41','2023-01-02 21:22:41'),(998,1,'vi','core/dashboard/dashboard','fullscreen','Toàn màn hình','2023-01-02 21:22:41','2023-01-02 21:22:41'),(999,1,'vi','core/dashboard/dashboard','title','Trang quản trị','2023-01-02 21:22:41','2023-01-02 21:22:41'),(1000,1,'en','core/media/media','filter','Filter','2023-01-02 21:22:41','2023-01-02 21:22:41'),(1001,1,'en','core/media/media','everything','Everything','2023-01-02 21:22:41','2023-01-02 21:22:41'),(1002,1,'en','core/media/media','image','Image','2023-01-02 21:22:41','2023-01-02 21:22:41'),(1003,1,'en','core/media/media','video','Video','2023-01-02 21:22:41','2023-01-02 21:22:41'),(1004,1,'en','core/media/media','document','Document','2023-01-02 21:22:41','2023-01-02 21:22:41'),(1005,1,'en','core/media/media','view_in','View in','2023-01-02 21:22:41','2023-01-02 21:22:41'),(1006,1,'en','core/media/media','all_media','All media','2023-01-02 21:22:41','2023-01-02 21:22:41'),(1007,1,'en','core/media/media','trash','Trash','2023-01-02 21:22:41','2023-01-02 21:22:41'),(1008,1,'en','core/media/media','recent','Recent','2023-01-02 21:22:41','2023-01-02 21:22:41'),(1009,1,'en','core/media/media','favorites','Favorites','2023-01-02 21:22:41','2023-01-02 21:22:41'),(1010,1,'en','core/media/media','upload','Upload','2023-01-02 21:22:41','2023-01-02 21:22:41'),(1011,1,'en','core/media/media','create_folder','Create folder','2023-01-02 21:22:41','2023-01-02 21:22:41'),(1012,1,'en','core/media/media','refresh','Refresh','2023-01-02 21:22:41','2023-01-02 21:22:41'),(1013,1,'en','core/media/media','empty_trash','Empty trash','2023-01-02 21:22:41','2023-01-02 21:22:41'),(1014,1,'en','core/media/media','search_file_and_folder','Search in current folder','2023-01-02 21:22:41','2023-01-02 21:22:41'),(1015,1,'en','core/media/media','sort','Sort','2023-01-02 21:22:41','2023-01-02 21:22:41'),(1016,1,'en','core/media/media','file_name_asc','File name - ASC','2023-01-02 21:22:41','2023-01-02 21:22:41'),(1017,1,'en','core/media/media','file_name_desc','File name - DESC','2023-01-02 21:22:41','2023-01-02 21:22:41'),(1018,1,'en','core/media/media','uploaded_date_asc','Uploaded date - ASC','2023-01-02 21:22:41','2023-01-02 21:22:41'),(1019,1,'en','core/media/media','uploaded_date_desc','Uploaded date - DESC','2023-01-02 21:22:41','2023-01-02 21:22:41'),(1020,1,'en','core/media/media','size_asc','Size - ASC','2023-01-02 21:22:41','2023-01-02 21:22:41'),(1021,1,'en','core/media/media','size_desc','Size - DESC','2023-01-02 21:22:41','2023-01-02 21:22:41'),(1022,1,'en','core/media/media','actions','Actions','2023-01-02 21:22:41','2023-01-02 21:22:41'),(1023,1,'en','core/media/media','nothing_is_selected','Nothing is selected','2023-01-02 21:22:41','2023-01-02 21:22:41'),(1024,1,'en','core/media/media','insert','Insert','2023-01-02 21:22:41','2023-01-02 21:22:41'),(1025,1,'en','core/media/media','folder_name','Folder name','2023-01-02 21:22:41','2023-01-02 21:22:41'),(1026,1,'en','core/media/media','create','Create','2023-01-02 21:22:41','2023-01-02 21:22:41'),(1027,1,'en','core/media/media','rename','Rename','2023-01-02 21:22:41','2023-01-02 21:22:41'),(1028,1,'en','core/media/media','close','Close','2023-01-02 21:22:41','2023-01-02 21:22:41'),(1029,1,'en','core/media/media','save_changes','Save changes','2023-01-02 21:22:41','2023-01-02 21:22:41'),(1030,1,'en','core/media/media','move_to_trash','Move items to trash','2023-01-02 21:22:41','2023-01-02 21:22:41'),(1031,1,'en','core/media/media','confirm_trash','Are you sure you want to move these items to trash?','2023-01-02 21:22:41','2023-01-02 21:22:41'),(1032,1,'en','core/media/media','confirm','Confirm','2023-01-02 21:22:41','2023-01-02 21:22:41'),(1033,1,'en','core/media/media','confirm_delete','Delete item(s)','2023-01-02 21:22:41','2023-01-02 21:22:41'),(1034,1,'en','core/media/media','confirm_delete_description','Your request cannot rollback. Are you sure you wanna delete these items?','2023-01-02 21:22:41','2023-01-02 21:22:41'),(1035,1,'en','core/media/media','empty_trash_title','Empty trash','2023-01-02 21:22:41','2023-01-02 21:22:41'),(1036,1,'en','core/media/media','empty_trash_description','Your request cannot rollback. Are you sure you wanna remove all items in trash?','2023-01-02 21:22:41','2023-01-02 21:22:41'),(1037,1,'en','core/media/media','up_level','Up one level','2023-01-02 21:22:41','2023-01-02 21:22:41'),(1038,1,'en','core/media/media','upload_progress','Upload progress','2023-01-02 21:22:41','2023-01-02 21:22:41'),(1039,1,'en','core/media/media','folder_created','Folder is created successfully!','2023-01-02 21:22:41','2023-01-02 21:22:41'),(1040,1,'en','core/media/media','gallery','Media gallery','2023-01-02 21:22:41','2023-01-02 21:22:41'),(1041,1,'en','core/media/media','trash_error','Error when delete selected item(s)','2023-01-02 21:22:41','2023-01-02 21:22:41'),(1042,1,'en','core/media/media','trash_success','Moved selected item(s) to trash successfully!','2023-01-02 21:22:41','2023-01-02 21:22:41'),(1043,1,'en','core/media/media','restore_error','Error when restore selected item(s)','2023-01-02 21:22:41','2023-01-02 21:22:41'),(1044,1,'en','core/media/media','restore_success','Restore selected item(s) successfully!','2023-01-02 21:22:41','2023-01-02 21:22:41'),(1045,1,'en','core/media/media','copy_success','Copied selected item(s) successfully!','2023-01-02 21:22:41','2023-01-02 21:22:41'),(1046,1,'en','core/media/media','delete_success','Deleted selected item(s) successfully!','2023-01-02 21:22:41','2023-01-02 21:22:41'),(1047,1,'en','core/media/media','favorite_success','Favorite selected item(s) successfully!','2023-01-02 21:22:41','2023-01-02 21:22:41'),(1048,1,'en','core/media/media','remove_favorite_success','Remove selected item(s) from favorites successfully!','2023-01-02 21:22:41','2023-01-02 21:22:41'),(1049,1,'en','core/media/media','rename_error','Error when rename item(s)','2023-01-02 21:22:41','2023-01-02 21:22:41'),(1050,1,'en','core/media/media','rename_success','Rename selected item(s) successfully!','2023-01-02 21:22:41','2023-01-02 21:22:41'),(1051,1,'en','core/media/media','empty_trash_success','Empty trash successfully!','2023-01-02 21:22:41','2023-01-02 21:22:41'),(1052,1,'en','core/media/media','invalid_action','Invalid action!','2023-01-02 21:22:41','2023-01-02 21:22:41'),(1053,1,'en','core/media/media','file_not_exists','File is not exists!','2023-01-02 21:22:41','2023-01-02 21:22:41'),(1054,1,'en','core/media/media','download_file_error','Error when downloading files!','2023-01-02 21:22:41','2023-01-02 21:22:41'),(1055,1,'en','core/media/media','missing_zip_archive_extension','Please enable ZipArchive extension to download file!','2023-01-02 21:22:41','2023-01-02 21:22:41'),(1056,1,'en','core/media/media','can_not_download_file','Can not download this file!','2023-01-02 21:22:41','2023-01-02 21:22:41'),(1057,1,'en','core/media/media','invalid_request','Invalid request!','2023-01-02 21:22:41','2023-01-02 21:22:41'),(1058,1,'en','core/media/media','add_success','Add item successfully!','2023-01-02 21:22:41','2023-01-02 21:22:41'),(1059,1,'en','core/media/media','file_too_big','File too big. Max file upload is :size bytes','2023-01-02 21:22:41','2023-01-02 21:22:41'),(1060,1,'en','core/media/media','file_too_big_readable_size','File too big. Max file upload is :size.','2023-01-02 21:22:41','2023-01-02 21:22:41'),(1061,1,'en','core/media/media','can_not_detect_file_type','File type is not allowed or can not detect file type!','2023-01-02 21:22:41','2023-01-02 21:22:41'),(1062,1,'en','core/media/media','upload_failed','The file is NOT uploaded completely. The server allows max upload file size is :size . Please check your file size OR try to upload again in case of having network errors','2023-01-02 21:22:41','2023-01-02 21:22:41'),(1063,1,'en','core/media/media','menu_name','Media','2023-01-02 21:22:41','2023-01-02 21:22:41'),(1064,1,'en','core/media/media','add','Add media','2023-01-02 21:22:41','2023-01-02 21:22:41'),(1065,1,'en','core/media/media','javascript.name','Name','2023-01-02 21:22:41','2023-01-02 21:22:41'),(1066,1,'en','core/media/media','javascript.url','URL','2023-01-02 21:22:41','2023-01-02 21:22:41'),(1067,1,'en','core/media/media','javascript.full_url','Full URL','2023-01-02 21:22:41','2023-01-02 21:22:41'),(1068,1,'en','core/media/media','javascript.size','Size','2023-01-02 21:22:41','2023-01-02 21:22:41'),(1069,1,'en','core/media/media','javascript.mime_type','Type','2023-01-02 21:22:41','2023-01-02 21:22:41'),(1070,1,'en','core/media/media','javascript.created_at','Uploaded at','2023-01-02 21:22:41','2023-01-02 21:22:41'),(1071,1,'en','core/media/media','javascript.updated_at','Modified at','2023-01-02 21:22:41','2023-01-02 21:22:41'),(1072,1,'en','core/media/media','javascript.nothing_selected','Nothing is selected','2023-01-02 21:22:41','2023-01-02 21:22:41'),(1073,1,'en','core/media/media','javascript.visit_link','Open link','2023-01-02 21:22:41','2023-01-02 21:22:41'),(1074,1,'en','core/media/media','javascript.no_item.all_media.icon','fas fa-cloud-upload-alt','2023-01-02 21:22:41','2023-01-02 21:22:41'),(1075,1,'en','core/media/media','javascript.no_item.all_media.title','Drop files and folders here','2023-01-02 21:22:41','2023-01-02 21:22:41'),(1076,1,'en','core/media/media','javascript.no_item.all_media.message','Or use the upload button above','2023-01-02 21:22:41','2023-01-02 21:22:41'),(1077,1,'en','core/media/media','javascript.no_item.trash.icon','fas fa-trash-alt','2023-01-02 21:22:41','2023-01-02 21:22:41'),(1078,1,'en','core/media/media','javascript.no_item.trash.title','There is nothing in your trash currently','2023-01-02 21:22:41','2023-01-02 21:22:41'),(1079,1,'en','core/media/media','javascript.no_item.trash.message','Delete files to move them to trash automatically. Delete files from trash to remove them permanently','2023-01-02 21:22:41','2023-01-02 21:22:41'),(1080,1,'en','core/media/media','javascript.no_item.favorites.icon','fas fa-star','2023-01-02 21:22:41','2023-01-02 21:22:41'),(1081,1,'en','core/media/media','javascript.no_item.favorites.title','You have not added anything to your favorites yet','2023-01-02 21:22:41','2023-01-02 21:22:41'),(1082,1,'en','core/media/media','javascript.no_item.favorites.message','Add files to favorites to easily find them later','2023-01-02 21:22:41','2023-01-02 21:22:41'),(1083,1,'en','core/media/media','javascript.no_item.recent.icon','far fa-clock','2023-01-02 21:22:41','2023-01-02 21:22:41'),(1084,1,'en','core/media/media','javascript.no_item.recent.title','You did not opened anything yet','2023-01-02 21:22:41','2023-01-02 21:22:41'),(1085,1,'en','core/media/media','javascript.no_item.recent.message','All recent files that you opened will be appeared here','2023-01-02 21:22:41','2023-01-02 21:22:41'),(1086,1,'en','core/media/media','javascript.no_item.default.icon','fas fa-sync','2023-01-02 21:22:41','2023-01-02 21:22:41'),(1087,1,'en','core/media/media','javascript.no_item.default.title','No items','2023-01-02 21:22:41','2023-01-02 21:22:41'),(1088,1,'en','core/media/media','javascript.no_item.default.message','This directory has no item','2023-01-02 21:22:41','2023-01-02 21:22:41'),(1089,1,'en','core/media/media','javascript.clipboard.success','These file links has been copied to clipboard','2023-01-02 21:22:41','2023-01-02 21:22:41'),(1090,1,'en','core/media/media','javascript.message.error_header','Error','2023-01-02 21:22:41','2023-01-02 21:22:41'),(1091,1,'en','core/media/media','javascript.message.success_header','Success','2023-01-02 21:22:41','2023-01-02 21:22:41'),(1092,1,'en','core/media/media','javascript.download.error','No files selected or cannot download these files','2023-01-02 21:22:41','2023-01-02 21:22:41'),(1093,1,'en','core/media/media','javascript.actions_list.basic.preview','Preview','2023-01-02 21:22:41','2023-01-02 21:22:41'),(1094,1,'en','core/media/media','javascript.actions_list.file.copy_link','Copy link','2023-01-02 21:22:41','2023-01-02 21:22:41'),(1095,1,'en','core/media/media','javascript.actions_list.file.rename','Rename','2023-01-02 21:22:41','2023-01-02 21:22:41'),(1096,1,'en','core/media/media','javascript.actions_list.file.make_copy','Make a copy','2023-01-02 21:22:41','2023-01-02 21:22:41'),(1097,1,'en','core/media/media','javascript.actions_list.user.favorite','Add to favorite','2023-01-02 21:22:41','2023-01-02 21:22:41'),(1098,1,'en','core/media/media','javascript.actions_list.user.remove_favorite','Remove favorite','2023-01-02 21:22:41','2023-01-02 21:22:41'),(1099,1,'en','core/media/media','javascript.actions_list.other.download','Download','2023-01-02 21:22:41','2023-01-02 21:22:41'),(1100,1,'en','core/media/media','javascript.actions_list.other.trash','Move to trash','2023-01-02 21:22:41','2023-01-02 21:22:41'),(1101,1,'en','core/media/media','javascript.actions_list.other.delete','Delete permanently','2023-01-02 21:22:41','2023-01-02 21:22:41'),(1102,1,'en','core/media/media','javascript.actions_list.other.restore','Restore','2023-01-02 21:22:41','2023-01-02 21:22:41'),(1103,1,'en','core/media/media','javascript.change_image','Change image','2023-01-02 21:22:41','2023-01-02 21:22:41'),(1104,1,'en','core/media/media','javascript.delete_image','Delete image','2023-01-02 21:22:41','2023-01-02 21:22:41'),(1105,1,'en','core/media/media','javascript.choose_image','Choose image','2023-01-02 21:22:41','2023-01-02 21:22:41'),(1106,1,'en','core/media/media','javascript.preview_image','Preview image','2023-01-02 21:22:41','2023-01-02 21:22:41'),(1107,1,'en','core/media/media','name_invalid','The folder name has invalid character(s).','2023-01-02 21:22:41','2023-01-02 21:22:41'),(1108,1,'en','core/media/media','url_invalid','Please provide a valid URL','2023-01-02 21:22:41','2023-01-02 21:22:41'),(1109,1,'en','core/media/media','path_invalid','Please provide a valid path','2023-01-02 21:22:41','2023-01-02 21:22:41'),(1110,1,'en','core/media/media','download_link','Download','2023-01-02 21:22:41','2023-01-02 21:22:41'),(1111,1,'en','core/media/media','url','URL','2023-01-02 21:22:41','2023-01-02 21:22:41'),(1112,1,'en','core/media/media','download_explain','Enter one URL per line.','2023-01-02 21:22:41','2023-01-02 21:22:41'),(1113,1,'en','core/media/media','downloading','Downloading...','2023-01-02 21:22:41','2023-01-02 21:22:41'),(1114,1,'vi','core/media/media','filter','Lọc','2023-01-02 21:22:41','2023-01-02 21:22:41'),(1115,1,'vi','core/media/media','everything','Tất cả','2023-01-02 21:22:42','2023-01-02 21:22:42'),(1116,1,'vi','core/media/media','image','Hình ảnh','2023-01-02 21:22:42','2023-01-02 21:22:42'),(1117,1,'vi','core/media/media','video','Phim','2023-01-02 21:22:42','2023-01-02 21:22:42'),(1118,1,'vi','core/media/media','document','Tài liệu','2023-01-02 21:22:42','2023-01-02 21:22:42'),(1119,1,'vi','core/media/media','view_in','Chế độ xem','2023-01-02 21:22:42','2023-01-02 21:22:42'),(1120,1,'vi','core/media/media','all_media','Tất cả tập tin','2023-01-02 21:22:42','2023-01-02 21:22:42'),(1121,1,'vi','core/media/media','trash','Thùng rác','2023-01-02 21:22:42','2023-01-02 21:22:42'),(1122,1,'vi','core/media/media','recent','Gần đây','2023-01-02 21:22:42','2023-01-02 21:22:42'),(1123,1,'vi','core/media/media','favorites','Được gắn dấu sao','2023-01-02 21:22:42','2023-01-02 21:22:42'),(1124,1,'vi','core/media/media','upload','Tải lên','2023-01-02 21:22:42','2023-01-02 21:22:42'),(1125,1,'vi','core/media/media','create_folder','Tạo thư mục','2023-01-02 21:22:42','2023-01-02 21:22:42'),(1126,1,'vi','core/media/media','refresh','Làm mới','2023-01-02 21:22:42','2023-01-02 21:22:42'),(1127,1,'vi','core/media/media','empty_trash','Dọn thùng rác','2023-01-02 21:22:42','2023-01-02 21:22:42'),(1128,1,'vi','core/media/media','search_file_and_folder','Tìm kiếm tập tin và thư mục','2023-01-02 21:22:42','2023-01-02 21:22:42'),(1129,1,'vi','core/media/media','sort','Sắp xếp','2023-01-02 21:22:42','2023-01-02 21:22:42'),(1130,1,'vi','core/media/media','file_name_asc','Tên tập tin - ASC','2023-01-02 21:22:42','2023-01-02 21:22:42'),(1131,1,'vi','core/media/media','file_name_desc','Tên tập tin - DESC','2023-01-02 21:22:42','2023-01-02 21:22:42'),(1132,1,'vi','core/media/media','uploaded_date_asc','Ngày tải lên - ASC','2023-01-02 21:22:42','2023-01-02 21:22:42'),(1133,1,'vi','core/media/media','uploaded_date_desc','Ngày tải lên - DESC','2023-01-02 21:22:42','2023-01-02 21:22:42'),(1134,1,'vi','core/media/media','size_asc','Kích thước - ASC','2023-01-02 21:22:42','2023-01-02 21:22:42'),(1135,1,'vi','core/media/media','size_desc','Kích thước - DESC','2023-01-02 21:22:42','2023-01-02 21:22:42'),(1136,1,'vi','core/media/media','actions','Hành động','2023-01-02 21:22:42','2023-01-02 21:22:42'),(1137,1,'vi','core/media/media','nothing_is_selected','Không có tập tin nào được chọn','2023-01-02 21:22:42','2023-01-02 21:22:42'),(1138,1,'vi','core/media/media','insert','Chèn','2023-01-02 21:22:42','2023-01-02 21:22:42'),(1139,1,'vi','core/media/media','folder_name','Tên thư mục','2023-01-02 21:22:42','2023-01-02 21:22:42'),(1140,1,'vi','core/media/media','create','Tạo','2023-01-02 21:22:42','2023-01-02 21:22:42'),(1141,1,'vi','core/media/media','rename','Đổi tên','2023-01-02 21:22:42','2023-01-02 21:22:42'),(1142,1,'vi','core/media/media','close','Đóng','2023-01-02 21:22:42','2023-01-02 21:22:42'),(1143,1,'vi','core/media/media','save_changes','Lưu thay đổi','2023-01-02 21:22:42','2023-01-02 21:22:42'),(1144,1,'vi','core/media/media','move_to_trash','Đưa vào thùng rác','2023-01-02 21:22:42','2023-01-02 21:22:42'),(1145,1,'vi','core/media/media','confirm_trash','Bạn có chắc chắn muốn bỏ những tập tin này vào thùng rác?','2023-01-02 21:22:42','2023-01-02 21:22:42'),(1146,1,'vi','core/media/media','confirm','Xác nhận','2023-01-02 21:22:42','2023-01-02 21:22:42'),(1147,1,'vi','core/media/media','confirm_delete','Xóa tập tin','2023-01-02 21:22:42','2023-01-02 21:22:42'),(1148,1,'vi','core/media/media','confirm_delete_description','Hành động này không thể khôi phục. Bạn có chắc chắn muốn xóa các tập tin này?','2023-01-02 21:22:42','2023-01-02 21:22:42'),(1149,1,'vi','core/media/media','empty_trash_title','Dọn sạch thùng rác','2023-01-02 21:22:42','2023-01-02 21:22:42'),(1150,1,'vi','core/media/media','empty_trash_description','Hành động này không thể khôi phục. Bạn có chắc chắn muốn dọn sạch thùng rác?','2023-01-02 21:22:42','2023-01-02 21:22:42'),(1151,1,'vi','core/media/media','up_level','Quay lại một cấp','2023-01-02 21:22:42','2023-01-02 21:22:42'),(1152,1,'vi','core/media/media','upload_progress','Tiến trình tải lên','2023-01-02 21:22:42','2023-01-02 21:22:42'),(1153,1,'vi','core/media/media','folder_created','Tạo thư mục thành công!','2023-01-02 21:22:42','2023-01-02 21:22:42'),(1154,1,'vi','core/media/media','gallery','Thư viện tập tin','2023-01-02 21:22:42','2023-01-02 21:22:42'),(1155,1,'vi','core/media/media','trash_error','Có lỗi khi xóa tập tin/thư mục','2023-01-02 21:22:42','2023-01-02 21:22:42'),(1156,1,'vi','core/media/media','trash_success','Xóa tập tin/thư mục thành công!','2023-01-02 21:22:42','2023-01-02 21:22:42'),(1157,1,'vi','core/media/media','restore_error','Có lỗi trong quá trình khôi phục','2023-01-02 21:22:42','2023-01-02 21:22:42'),(1158,1,'vi','core/media/media','restore_success','Khôi phục thành công!','2023-01-02 21:22:42','2023-01-02 21:22:42'),(1159,1,'vi','core/media/media','copy_success','Sao chép thành công!','2023-01-02 21:22:42','2023-01-02 21:22:42'),(1160,1,'vi','core/media/media','delete_success','Xóa thành công!','2023-01-02 21:22:42','2023-01-02 21:22:42'),(1161,1,'vi','core/media/media','favorite_success','Thêm dấu sao thành công!','2023-01-02 21:22:42','2023-01-02 21:22:42'),(1162,1,'vi','core/media/media','remove_favorite_success','Bỏ dấu sao thành công!','2023-01-02 21:22:42','2023-01-02 21:22:42'),(1163,1,'vi','core/media/media','rename_error','Có lỗi trong quá trình đổi tên','2023-01-02 21:22:42','2023-01-02 21:22:42'),(1164,1,'vi','core/media/media','rename_success','Đổi tên thành công!','2023-01-02 21:22:42','2023-01-02 21:22:42'),(1165,1,'vi','core/media/media','invalid_action','Hành động không hợp lệ!','2023-01-02 21:22:42','2023-01-02 21:22:42'),(1166,1,'vi','core/media/media','file_not_exists','Tập tin không tồn tại!','2023-01-02 21:22:42','2023-01-02 21:22:42'),(1167,1,'vi','core/media/media','download_file_error','Có lỗi trong quá trình tải xuống tập tin!','2023-01-02 21:22:42','2023-01-02 21:22:42'),(1168,1,'vi','core/media/media','missing_zip_archive_extension','Hãy bật ZipArchive extension để tải tập tin!','2023-01-02 21:22:42','2023-01-02 21:22:42'),(1169,1,'vi','core/media/media','can_not_download_file','Không thể tải tập tin!','2023-01-02 21:22:42','2023-01-02 21:22:42'),(1170,1,'vi','core/media/media','invalid_request','Yêu cầu không hợp lệ!','2023-01-02 21:22:42','2023-01-02 21:22:42'),(1171,1,'vi','core/media/media','add_success','Thêm thành công!','2023-01-02 21:22:42','2023-01-02 21:22:42'),(1172,1,'vi','core/media/media','file_too_big','Tập tin quá lớn. Giới hạn tải lên là :size bytes','2023-01-02 21:22:42','2023-01-02 21:22:42'),(1173,1,'vi','core/media/media','can_not_detect_file_type','Loại tập tin không hợp lệ hoặc không thể xác định loại tập tin!','2023-01-02 21:22:42','2023-01-02 21:22:42'),(1174,1,'vi','core/media/media','upload_failed','The file is NOT uploaded completely. The server allows max upload file size is :size . Please check your file size OR try to upload again in case of having network errors','2023-01-02 21:22:42','2023-01-02 21:22:42'),(1175,1,'vi','core/media/media','menu_name','Quản lý tập tin','2023-01-02 21:22:42','2023-01-02 21:22:42'),(1176,1,'vi','core/media/media','add','Thêm tập tin','2023-01-02 21:22:42','2023-01-02 21:22:42'),(1177,1,'vi','core/media/media','javascript.name','Tên','2023-01-02 21:22:42','2023-01-02 21:22:42'),(1178,1,'vi','core/media/media','javascript.url','Đường dẫn','2023-01-02 21:22:42','2023-01-02 21:22:42'),(1179,1,'vi','core/media/media','javascript.full_url','Đường dẫn tuyệt đối','2023-01-02 21:22:42','2023-01-02 21:22:42'),(1180,1,'vi','core/media/media','javascript.size','Kích thước','2023-01-02 21:22:42','2023-01-02 21:22:42'),(1181,1,'vi','core/media/media','javascript.mime_type','Loại','2023-01-02 21:22:42','2023-01-02 21:22:42'),(1182,1,'vi','core/media/media','javascript.created_at','Được tải lên lúc','2023-01-02 21:22:42','2023-01-02 21:22:42'),(1183,1,'vi','core/media/media','javascript.updated_at','Được chỉnh sửa lúc','2023-01-02 21:22:42','2023-01-02 21:22:42'),(1184,1,'vi','core/media/media','javascript.nothing_selected','Bạn chưa chọn tập tin nào','2023-01-02 21:22:42','2023-01-02 21:22:42'),(1185,1,'vi','core/media/media','javascript.visit_link','Mở liên kết','2023-01-02 21:22:42','2023-01-02 21:22:42'),(1186,1,'vi','core/media/media','javascript.no_item.all_media.icon','fas fa-cloud-upload-alt','2023-01-02 21:22:42','2023-01-02 21:22:42'),(1187,1,'vi','core/media/media','javascript.no_item.all_media.title','Bạn có thể kéo thả tập tin vào đây để tải lên','2023-01-02 21:22:42','2023-01-02 21:22:42'),(1188,1,'vi','core/media/media','javascript.no_item.all_media.message','Hoặc có thể bấm nút Tải lên ở phía trên','2023-01-02 21:22:42','2023-01-02 21:22:42'),(1189,1,'vi','core/media/media','javascript.no_item.trash.icon','fas fa-trash-alt','2023-01-02 21:22:42','2023-01-02 21:22:42'),(1190,1,'vi','core/media/media','javascript.no_item.trash.title','Hiện tại không có tập tin nào trong thùng rác','2023-01-02 21:22:42','2023-01-02 21:22:42'),(1191,1,'vi','core/media/media','javascript.no_item.trash.message','Xóa tập tin sẽ đem tập tin lưu vào thùng rác. Xóa tập tin trong thùng rác sẽ xóa vĩnh viễn.','2023-01-02 21:22:42','2023-01-02 21:22:42'),(1192,1,'vi','core/media/media','javascript.no_item.favorites.icon','fas fa-star','2023-01-02 21:22:42','2023-01-02 21:22:42'),(1193,1,'vi','core/media/media','javascript.no_item.favorites.title','Bạn chưa đặt tập tin nào vào mục yêu thích','2023-01-02 21:22:42','2023-01-02 21:22:42'),(1194,1,'vi','core/media/media','javascript.no_item.favorites.message','Thêm tập tin vào mục yêu thích để tìm kiếm chúng dễ dàng sau này.','2023-01-02 21:22:42','2023-01-02 21:22:42'),(1195,1,'vi','core/media/media','javascript.no_item.recent.icon','far fa-clock','2023-01-02 21:22:42','2023-01-02 21:22:42'),(1196,1,'vi','core/media/media','javascript.no_item.recent.title','Bạn chưa mở tập tin nào.','2023-01-02 21:22:42','2023-01-02 21:22:42'),(1197,1,'vi','core/media/media','javascript.no_item.recent.message','Mục này hiển thị các tập tin bạn đã xem gần đây.','2023-01-02 21:22:42','2023-01-02 21:22:42'),(1198,1,'vi','core/media/media','javascript.no_item.default.icon','fas fa-sync','2023-01-02 21:22:42','2023-01-02 21:22:42'),(1199,1,'vi','core/media/media','javascript.no_item.default.title','Thư mục trống','2023-01-02 21:22:42','2023-01-02 21:22:42'),(1200,1,'vi','core/media/media','javascript.no_item.default.message','Thư mục này chưa có tập tin nào','2023-01-02 21:22:42','2023-01-02 21:22:42'),(1201,1,'vi','core/media/media','javascript.clipboard.success','Đường dẫn của các tập tin đã được sao chép vào clipboard','2023-01-02 21:22:42','2023-01-02 21:22:42'),(1202,1,'vi','core/media/media','javascript.message.error_header','Lỗi','2023-01-02 21:22:42','2023-01-02 21:22:42'),(1203,1,'vi','core/media/media','javascript.message.success_header','Thành công','2023-01-02 21:22:42','2023-01-02 21:22:42'),(1204,1,'vi','core/media/media','javascript.download.error','Bạn chưa chọn tập tin nào hoặc tập tin này không cho phép tải về','2023-01-02 21:22:42','2023-01-02 21:22:42'),(1205,1,'vi','core/media/media','javascript.actions_list.basic.preview','Xem trước','2023-01-02 21:22:42','2023-01-02 21:22:42'),(1206,1,'vi','core/media/media','javascript.actions_list.file.copy_link','Sao chép đường dẫn','2023-01-02 21:22:42','2023-01-02 21:22:42'),(1207,1,'vi','core/media/media','javascript.actions_list.file.rename','Đổi tên','2023-01-02 21:22:42','2023-01-02 21:22:42'),(1208,1,'vi','core/media/media','javascript.actions_list.file.make_copy','Nhân bản','2023-01-02 21:22:42','2023-01-02 21:22:42'),(1209,1,'vi','core/media/media','javascript.actions_list.user.favorite','Yêu thích','2023-01-02 21:22:42','2023-01-02 21:22:42'),(1210,1,'vi','core/media/media','javascript.actions_list.user.remove_favorite','Xóa khỏi mục yêu thích','2023-01-02 21:22:42','2023-01-02 21:22:42'),(1211,1,'vi','core/media/media','javascript.actions_list.other.download','Tải xuống','2023-01-02 21:22:42','2023-01-02 21:22:42'),(1212,1,'vi','core/media/media','javascript.actions_list.other.trash','Chuyển vào thùng rác','2023-01-02 21:22:42','2023-01-02 21:22:42'),(1213,1,'vi','core/media/media','javascript.actions_list.other.delete','Xóa hoàn toàn','2023-01-02 21:22:42','2023-01-02 21:22:42'),(1214,1,'vi','core/media/media','javascript.actions_list.other.restore','Khôi phục','2023-01-02 21:22:42','2023-01-02 21:22:42'),(1215,1,'vi','core/media/media','empty_trash_success','Dọn sạch thùng rác thành công','2023-01-02 21:22:42','2023-01-02 21:22:42'),(1216,1,'vi','core/media/media','name_invalid','Tên thư mục chứa ký tự không hợp lệ','2023-01-02 21:22:42','2023-01-02 21:22:42'),(1217,1,'vi','core/media/media','path_invalid','Vui lòng cung cấp 1 đường dẫn hợp lệ','2023-01-02 21:22:42','2023-01-02 21:22:42'),(1218,1,'vi','core/media/media','url_invalid','Vui lòng cung cấp 1 đường dẫn hợp lệ','2023-01-02 21:22:42','2023-01-02 21:22:42'),(1219,1,'vi','core/media/media','download_explain','Mỗi URL trên 1 dòng','2023-01-02 21:22:42','2023-01-02 21:22:42'),(1220,1,'vi','core/media/media','download_link','Tải xuống','2023-01-02 21:22:42','2023-01-02 21:22:42'),(1221,1,'vi','core/media/media','downloading','Đang tải xuống','2023-01-02 21:22:42','2023-01-02 21:22:42'),(1222,1,'en','core/setting/setting','title','Settings','2023-01-02 21:22:42','2023-01-02 21:22:42'),(1223,1,'en','core/setting/setting','email_setting_title','Email settings','2023-01-02 21:22:42','2023-01-02 21:22:42'),(1224,1,'en','core/setting/setting','general.theme','Theme','2023-01-02 21:22:42','2023-01-02 21:22:42'),(1225,1,'en','core/setting/setting','general.description','Setting site information','2023-01-02 21:22:42','2023-01-02 21:22:42'),(1226,1,'en','core/setting/setting','general.title','General','2023-01-02 21:22:42','2023-01-02 21:22:42'),(1227,1,'en','core/setting/setting','general.general_block','General Information','2023-01-02 21:22:42','2023-01-02 21:22:42'),(1228,1,'en','core/setting/setting','general.rich_editor','Rich Editor','2023-01-02 21:22:42','2023-01-02 21:22:42'),(1229,1,'en','core/setting/setting','general.site_title','Site title','2023-01-02 21:22:42','2023-01-02 21:22:42'),(1230,1,'en','core/setting/setting','general.admin_email','Admin Email','2023-01-02 21:22:42','2023-01-02 21:22:42'),(1231,1,'en','core/setting/setting','general.seo_block','SEO Configuration','2023-01-02 21:22:42','2023-01-02 21:22:42'),(1232,1,'en','core/setting/setting','general.seo_title','SEO Title','2023-01-02 21:22:42','2023-01-02 21:22:42'),(1233,1,'en','core/setting/setting','general.seo_description','SEO Description','2023-01-02 21:22:42','2023-01-02 21:22:42'),(1234,1,'en','core/setting/setting','general.webmaster_tools_block','Google Webmaster Tools','2023-01-02 21:22:42','2023-01-02 21:22:42'),(1235,1,'en','core/setting/setting','general.placeholder.site_title','Site Title (maximum 120 characters)','2023-01-02 21:22:42','2023-01-02 21:22:42'),(1236,1,'en','core/setting/setting','general.placeholder.admin_email','Admin Email','2023-01-02 21:22:42','2023-01-02 21:22:42'),(1237,1,'en','core/setting/setting','general.placeholder.seo_title','SEO Title (maximum 120 characters)','2023-01-02 21:22:42','2023-01-02 21:22:42'),(1238,1,'en','core/setting/setting','general.placeholder.seo_description','SEO Description (maximum 120 characters)','2023-01-02 21:22:42','2023-01-02 21:22:42'),(1239,1,'en','core/setting/setting','general.placeholder.google_analytics','Google Analytics','2023-01-02 21:22:42','2023-01-02 21:22:42'),(1240,1,'en','core/setting/setting','general.cache_admin_menu','Cache admin menu?','2023-01-02 21:22:42','2023-01-02 21:22:42'),(1241,1,'en','core/setting/setting','general.enable_send_error_reporting_via_email','Enable to send error reporting via email?','2023-01-02 21:22:42','2023-01-02 21:22:42'),(1242,1,'en','core/setting/setting','general.time_zone','Timezone','2023-01-02 21:22:42','2023-01-02 21:22:42'),(1243,1,'en','core/setting/setting','general.default_admin_theme','Default admin theme','2023-01-02 21:22:42','2023-01-02 21:22:42'),(1244,1,'en','core/setting/setting','general.enable_change_admin_theme','Enable change admin theme?','2023-01-02 21:22:42','2023-01-02 21:22:42'),(1245,1,'en','core/setting/setting','general.enable','Enable','2023-01-02 21:22:42','2023-01-02 21:22:42'),(1246,1,'en','core/setting/setting','general.disable','Disable','2023-01-02 21:22:42','2023-01-02 21:22:42'),(1247,1,'en','core/setting/setting','general.enable_cache','Enable cache?','2023-01-02 21:22:42','2023-01-02 21:22:42'),(1248,1,'en','core/setting/setting','general.cache_time','Cache time (minutes)','2023-01-02 21:22:42','2023-01-02 21:22:42'),(1249,1,'en','core/setting/setting','general.enable_cache_site_map','Enable cache site map?','2023-01-02 21:22:42','2023-01-02 21:22:42'),(1250,1,'en','core/setting/setting','general.cache_time_site_map','Cache Time Site map (minutes)','2023-01-02 21:22:42','2023-01-02 21:22:42'),(1251,1,'en','core/setting/setting','general.admin_logo','Admin logo','2023-01-02 21:22:42','2023-01-02 21:22:42'),(1252,1,'en','core/setting/setting','general.admin_favicon','Admin favicon','2023-01-02 21:22:42','2023-01-02 21:22:42'),(1253,1,'en','core/setting/setting','general.admin_title','Admin title','2023-01-02 21:22:42','2023-01-02 21:22:42'),(1254,1,'en','core/setting/setting','general.admin_title_placeholder','Title show to tab of browser','2023-01-02 21:22:42','2023-01-02 21:22:42'),(1255,1,'en','core/setting/setting','general.cache_block','Cache','2023-01-02 21:22:42','2023-01-02 21:22:42'),(1256,1,'en','core/setting/setting','general.admin_appearance_title','Admin appearance','2023-01-02 21:22:42','2023-01-02 21:22:42'),(1257,1,'en','core/setting/setting','general.admin_appearance_description','Setting admin appearance such as editor, language...','2023-01-02 21:22:42','2023-01-02 21:22:42'),(1258,1,'en','core/setting/setting','general.seo_block_description','Setting site title, site meta description, site keyword for optimize SEO','2023-01-02 21:22:42','2023-01-02 21:22:42'),(1259,1,'en','core/setting/setting','general.webmaster_tools_description','Google Webmaster Tools (GWT) is free software that helps you manage the technical side of your website','2023-01-02 21:22:42','2023-01-02 21:22:42'),(1260,1,'en','core/setting/setting','general.cache_description','Config cache for system for optimize speed','2023-01-02 21:22:42','2023-01-02 21:22:42'),(1261,1,'en','core/setting/setting','general.yes','Yes','2023-01-02 21:22:42','2023-01-02 21:22:42'),(1262,1,'en','core/setting/setting','general.no','No','2023-01-02 21:22:42','2023-01-02 21:22:42'),(1263,1,'en','core/setting/setting','general.show_on_front','Your homepage displays','2023-01-02 21:22:42','2023-01-02 21:22:42'),(1264,1,'en','core/setting/setting','general.select','— Select —','2023-01-02 21:22:42','2023-01-02 21:22:42'),(1265,1,'en','core/setting/setting','general.show_site_name','Show site name after page title, separate with \"-\"?','2023-01-02 21:22:42','2023-01-02 21:22:42'),(1266,1,'en','core/setting/setting','general.locale','Site language','2023-01-02 21:22:42','2023-01-02 21:22:42'),(1267,1,'en','core/setting/setting','general.locale_direction','Front site language direction','2023-01-02 21:22:42','2023-01-02 21:22:42'),(1268,1,'en','core/setting/setting','general.admin_locale_direction','Admin language direction','2023-01-02 21:22:42','2023-01-02 21:22:42'),(1269,1,'en','core/setting/setting','general.admin_login_screen_backgrounds','Login screen backgrounds (~1366x768)','2023-01-02 21:22:42','2023-01-02 21:22:42'),(1270,1,'en','core/setting/setting','general.minutes','minutes','2023-01-02 21:22:42','2023-01-02 21:22:42'),(1271,1,'en','core/setting/setting','email.subject','Subject','2023-01-02 21:22:42','2023-01-02 21:22:42'),(1272,1,'en','core/setting/setting','email.content','Content','2023-01-02 21:22:42','2023-01-02 21:22:42'),(1273,1,'en','core/setting/setting','email.title','Setting for email template','2023-01-02 21:22:42','2023-01-02 21:22:42'),(1274,1,'en','core/setting/setting','email.description','Email template using HTML & system variables.','2023-01-02 21:22:42','2023-01-02 21:22:42'),(1275,1,'en','core/setting/setting','email.reset_to_default','Reset to default','2023-01-02 21:22:42','2023-01-02 21:22:42'),(1276,1,'en','core/setting/setting','email.back','Back to settings','2023-01-02 21:22:42','2023-01-02 21:22:42'),(1277,1,'en','core/setting/setting','email.reset_success','Reset back to default successfully','2023-01-02 21:22:42','2023-01-02 21:22:42'),(1278,1,'en','core/setting/setting','email.confirm_reset','Confirm reset email template?','2023-01-02 21:22:42','2023-01-02 21:22:42'),(1279,1,'en','core/setting/setting','email.confirm_message','Do you really want to reset this email template to default?','2023-01-02 21:22:42','2023-01-02 21:22:42'),(1280,1,'en','core/setting/setting','email.continue','Continue','2023-01-02 21:22:42','2023-01-02 21:22:42'),(1281,1,'en','core/setting/setting','email.sender_name','Sender name','2023-01-02 21:22:42','2023-01-02 21:22:42'),(1282,1,'en','core/setting/setting','email.sender_name_placeholder','Name','2023-01-02 21:22:42','2023-01-02 21:22:42'),(1283,1,'en','core/setting/setting','email.sender_email','Sender email','2023-01-02 21:22:42','2023-01-02 21:22:42'),(1284,1,'en','core/setting/setting','email.mailer','Mailer','2023-01-02 21:22:42','2023-01-02 21:22:42'),(1285,1,'en','core/setting/setting','email.port','Port','2023-01-02 21:22:42','2023-01-02 21:22:42'),(1286,1,'en','core/setting/setting','email.port_placeholder','Ex: 587','2023-01-02 21:22:42','2023-01-02 21:22:42'),(1287,1,'en','core/setting/setting','email.host','Host','2023-01-02 21:22:42','2023-01-02 21:22:42'),(1288,1,'en','core/setting/setting','email.host_placeholder','Ex: smtp.gmail.com','2023-01-02 21:22:42','2023-01-02 21:22:42'),(1289,1,'en','core/setting/setting','email.username','Username','2023-01-02 21:22:42','2023-01-02 21:22:42'),(1290,1,'en','core/setting/setting','email.username_placeholder','Username to login to mail server','2023-01-02 21:22:42','2023-01-02 21:22:42'),(1291,1,'en','core/setting/setting','email.password','Password','2023-01-02 21:22:42','2023-01-02 21:22:42'),(1292,1,'en','core/setting/setting','email.password_placeholder','Password to login to mail server','2023-01-02 21:22:42','2023-01-02 21:22:42'),(1293,1,'en','core/setting/setting','email.encryption','Encryption','2023-01-02 21:22:42','2023-01-02 21:22:42'),(1294,1,'en','core/setting/setting','email.mail_gun_domain','Domain','2023-01-02 21:22:42','2023-01-02 21:22:42'),(1295,1,'en','core/setting/setting','email.mail_gun_domain_placeholder','Domain','2023-01-02 21:22:42','2023-01-02 21:22:42'),(1296,1,'en','core/setting/setting','email.mail_gun_secret','Secret','2023-01-02 21:22:42','2023-01-02 21:22:42'),(1297,1,'en','core/setting/setting','email.mail_gun_secret_placeholder','Secret','2023-01-02 21:22:42','2023-01-02 21:22:42'),(1298,1,'en','core/setting/setting','email.mail_gun_endpoint','Endpoint','2023-01-02 21:22:42','2023-01-02 21:22:42'),(1299,1,'en','core/setting/setting','email.mail_gun_endpoint_placeholder','Endpoint','2023-01-02 21:22:42','2023-01-02 21:22:42'),(1300,1,'en','core/setting/setting','email.log_channel','Log channel','2023-01-02 21:22:42','2023-01-02 21:22:42'),(1301,1,'en','core/setting/setting','email.sendmail_path','Sendmail Path','2023-01-02 21:22:42','2023-01-02 21:22:42'),(1302,1,'en','core/setting/setting','email.encryption_placeholder','Encryption: ssl or tls','2023-01-02 21:22:42','2023-01-02 21:22:42'),(1303,1,'en','core/setting/setting','email.ses_key','Key','2023-01-02 21:22:42','2023-01-02 21:22:42'),(1304,1,'en','core/setting/setting','email.ses_key_placeholder','Key','2023-01-02 21:22:42','2023-01-02 21:22:42'),(1305,1,'en','core/setting/setting','email.ses_secret','Secret','2023-01-02 21:22:42','2023-01-02 21:22:42'),(1306,1,'en','core/setting/setting','email.ses_secret_placeholder','Secret','2023-01-02 21:22:42','2023-01-02 21:22:42'),(1307,1,'en','core/setting/setting','email.ses_region','Region','2023-01-02 21:22:42','2023-01-02 21:22:42'),(1308,1,'en','core/setting/setting','email.ses_region_placeholder','Region','2023-01-02 21:22:42','2023-01-02 21:22:42'),(1309,1,'en','core/setting/setting','email.postmark_token','Token','2023-01-02 21:22:42','2023-01-02 21:22:42'),(1310,1,'en','core/setting/setting','email.postmark_token_placeholder','Token','2023-01-02 21:22:42','2023-01-02 21:22:42'),(1311,1,'en','core/setting/setting','email.template_title','Email templates','2023-01-02 21:22:42','2023-01-02 21:22:42'),(1312,1,'en','core/setting/setting','email.template_description','Base templates for all emails','2023-01-02 21:22:42','2023-01-02 21:22:42'),(1313,1,'en','core/setting/setting','email.template_header','Email template header','2023-01-02 21:22:42','2023-01-02 21:22:42'),(1314,1,'en','core/setting/setting','email.template_header_description','Template for header of emails','2023-01-02 21:22:42','2023-01-02 21:22:42'),(1315,1,'en','core/setting/setting','email.template_footer','Email template footer','2023-01-02 21:22:42','2023-01-02 21:22:42'),(1316,1,'en','core/setting/setting','email.template_footer_description','Template for footer of emails','2023-01-02 21:22:42','2023-01-02 21:22:42'),(1317,1,'en','core/setting/setting','email.default','Default','2023-01-02 21:22:42','2023-01-02 21:22:42'),(1318,1,'en','core/setting/setting','email.using_queue_to_send_mail','Using queue job to send emails (Must to setup Queue first https://laravel.com/docs/queues#supervisor-configuration)','2023-01-02 21:22:42','2023-01-02 21:22:42'),(1319,1,'en','core/setting/setting','media.title','Media','2023-01-02 21:22:42','2023-01-02 21:22:42'),(1320,1,'en','core/setting/setting','media.driver','Driver','2023-01-02 21:22:42','2023-01-02 21:22:42'),(1321,1,'en','core/setting/setting','media.description','Settings for media','2023-01-02 21:22:42','2023-01-02 21:22:42'),(1322,1,'en','core/setting/setting','media.aws_access_key_id','AWS Access Key ID','2023-01-02 21:22:42','2023-01-02 21:22:42'),(1323,1,'en','core/setting/setting','media.aws_secret_key','AWS Secret Key','2023-01-02 21:22:42','2023-01-02 21:22:42'),(1324,1,'en','core/setting/setting','media.aws_default_region','AWS Default Region','2023-01-02 21:22:42','2023-01-02 21:22:42'),(1325,1,'en','core/setting/setting','media.aws_bucket','AWS Bucket','2023-01-02 21:22:42','2023-01-02 21:22:42'),(1326,1,'en','core/setting/setting','media.aws_url','AWS URL','2023-01-02 21:22:42','2023-01-02 21:22:42'),(1327,1,'en','core/setting/setting','media.aws_endpoint','AWS Endpoint (Optional)','2023-01-02 21:22:42','2023-01-02 21:22:42'),(1328,1,'en','core/setting/setting','media.do_spaces_access_key_id','DO Spaces Access Key ID','2023-01-02 21:22:42','2023-01-02 21:22:42'),(1329,1,'en','core/setting/setting','media.do_spaces_secret_key','DO Spaces Secret Key','2023-01-02 21:22:42','2023-01-02 21:22:42'),(1330,1,'en','core/setting/setting','media.do_spaces_default_region','DO Spaces Default Region','2023-01-02 21:22:42','2023-01-02 21:22:42'),(1331,1,'en','core/setting/setting','media.do_spaces_bucket','DO Spaces Bucket','2023-01-02 21:22:42','2023-01-02 21:22:42'),(1332,1,'en','core/setting/setting','media.do_spaces_endpoint','DO Spaces Endpoint','2023-01-02 21:22:42','2023-01-02 21:22:42'),(1333,1,'en','core/setting/setting','media.do_spaces_cdn_enabled','Is DO Spaces CDN enabled?','2023-01-02 21:22:42','2023-01-02 21:22:42'),(1334,1,'en','core/setting/setting','media.media_do_spaces_cdn_custom_domain','Do Spaces CDN custom domain','2023-01-02 21:22:42','2023-01-02 21:22:42'),(1335,1,'en','core/setting/setting','media.media_do_spaces_cdn_custom_domain_placeholder','https://your-custom-domain.com','2023-01-02 21:22:42','2023-01-02 21:22:42'),(1336,1,'en','core/setting/setting','media.wasabi_access_key_id','Wasabi Access Key ID','2023-01-02 21:22:42','2023-01-02 21:22:42'),(1337,1,'en','core/setting/setting','media.wasabi_secret_key','Wasabi Secret Key','2023-01-02 21:22:42','2023-01-02 21:22:42'),(1338,1,'en','core/setting/setting','media.wasabi_default_region','Wasabi Default Region','2023-01-02 21:22:42','2023-01-02 21:22:42'),(1339,1,'en','core/setting/setting','media.wasabi_bucket','Wasabi Bucket','2023-01-02 21:22:42','2023-01-02 21:22:42'),(1340,1,'en','core/setting/setting','media.wasabi_root','Wasabi Root','2023-01-02 21:22:42','2023-01-02 21:22:42'),(1341,1,'en','core/setting/setting','media.default_placeholder_image','Default placeholder image','2023-01-02 21:22:42','2023-01-02 21:22:42'),(1342,1,'en','core/setting/setting','media.enable_chunk','Enable chunk size upload?','2023-01-02 21:22:42','2023-01-02 21:22:42'),(1343,1,'en','core/setting/setting','media.chunk_size','Chunk size (Bytes)','2023-01-02 21:22:42','2023-01-02 21:22:42'),(1344,1,'en','core/setting/setting','media.chunk_size_placeholder','Default: 1048576 ~ 1MB','2023-01-02 21:22:42','2023-01-02 21:22:42'),(1345,1,'en','core/setting/setting','media.max_file_size','Chunk max file size (MB)','2023-01-02 21:22:42','2023-01-02 21:22:42'),(1346,1,'en','core/setting/setting','media.max_file_size_placeholder','Default: 1048576 ~ 1GB','2023-01-02 21:22:42','2023-01-02 21:22:42'),(1347,1,'en','core/setting/setting','media.enable_watermark','Enable watermark?','2023-01-02 21:22:42','2023-01-02 21:22:42'),(1348,1,'en','core/setting/setting','media.watermark_source','Watermark image','2023-01-02 21:22:42','2023-01-02 21:22:42'),(1349,1,'en','core/setting/setting','media.watermark_size','Size of watermark (%)','2023-01-02 21:22:42','2023-01-02 21:22:42'),(1350,1,'en','core/setting/setting','media.watermark_size_placeholder','Default: 10 (%)','2023-01-02 21:22:42','2023-01-02 21:22:42'),(1351,1,'en','core/setting/setting','media.watermark_opacity','Watermark Opacity (%)','2023-01-02 21:22:42','2023-01-02 21:22:42'),(1352,1,'en','core/setting/setting','media.watermark_opacity_placeholder','Default: 70 (%)','2023-01-02 21:22:42','2023-01-02 21:22:42'),(1353,1,'en','core/setting/setting','media.watermark_position','Watermark position','2023-01-02 21:22:42','2023-01-02 21:22:42'),(1354,1,'en','core/setting/setting','media.watermark_position_x','Watermark position X','2023-01-02 21:22:42','2023-01-02 21:22:42'),(1355,1,'en','core/setting/setting','media.watermark_position_y','Watermark position Y','2023-01-02 21:22:42','2023-01-02 21:22:42'),(1356,1,'en','core/setting/setting','media.watermark_position_top_left','Top left','2023-01-02 21:22:42','2023-01-02 21:22:42'),(1357,1,'en','core/setting/setting','media.watermark_position_top_right','Top right','2023-01-02 21:22:42','2023-01-02 21:22:42'),(1358,1,'en','core/setting/setting','media.watermark_position_bottom_left','Bottom left','2023-01-02 21:22:42','2023-01-02 21:22:42'),(1359,1,'en','core/setting/setting','media.watermark_position_bottom_right','Bottom right','2023-01-02 21:22:42','2023-01-02 21:22:42'),(1360,1,'en','core/setting/setting','media.watermark_position_center','Center','2023-01-02 21:22:42','2023-01-02 21:22:42'),(1361,1,'en','core/setting/setting','media.turn_off_automatic_url_translation_into_latin','Turn off automatic URL translation into Latin?','2023-01-02 21:22:42','2023-01-02 21:22:42'),(1362,1,'en','core/setting/setting','media.bunnycdn_hostname','Hostname','2023-01-02 21:22:42','2023-01-02 21:22:42'),(1363,1,'en','core/setting/setting','media.bunnycdn_zone','Zone Name (The name of your storage zone)','2023-01-02 21:22:42','2023-01-02 21:22:42'),(1364,1,'en','core/setting/setting','media.bunnycdn_key','FTP & API Access Password (The storage zone API Access Password)','2023-01-02 21:22:42','2023-01-02 21:22:42'),(1365,1,'en','core/setting/setting','media.bunnycdn_region','Region (The storage zone region)','2023-01-02 21:22:42','2023-01-02 21:22:42'),(1366,1,'en','core/setting/setting','media.optional','Optional','2023-01-02 21:22:42','2023-01-02 21:22:42'),(1367,1,'en','core/setting/setting','media.sizes','Media thumbnails sizes','2023-01-02 21:22:42','2023-01-02 21:22:42'),(1368,1,'en','core/setting/setting','media.media_sizes_helper','Set width or height to 0 if you just want to crop by width or height. Need to click on \"Generate thumbnails\" to apply changes.','2023-01-02 21:22:42','2023-01-02 21:22:42'),(1369,1,'en','core/setting/setting','media.width','Width','2023-01-02 21:22:42','2023-01-02 21:22:42'),(1370,1,'en','core/setting/setting','media.height','Height','2023-01-02 21:22:42','2023-01-02 21:22:42'),(1371,1,'en','core/setting/setting','media.default_size_value','Default: :size','2023-01-02 21:22:42','2023-01-02 21:22:42'),(1372,1,'en','core/setting/setting','media.all','All','2023-01-02 21:22:42','2023-01-02 21:22:42'),(1373,1,'en','core/setting/setting','media.media_folders_can_add_watermark','Add watermark for images in folders:','2023-01-02 21:22:42','2023-01-02 21:22:42'),(1374,1,'en','core/setting/setting','media.max_upload_filesize','Max upload filesize (MB)','2023-01-02 21:22:42','2023-01-02 21:22:42'),(1375,1,'en','core/setting/setting','media.max_upload_filesize_placeholder','Default: :size, must less than :size.','2023-01-02 21:22:42','2023-01-02 21:22:42'),(1376,1,'en','core/setting/setting','media.max_upload_filesize_helper','Your server allows to upload files maximum :size, you can change this value to limit upload filesize.','2023-01-02 21:22:42','2023-01-02 21:22:42'),(1377,1,'en','core/setting/setting','license.purchase_code','Purchase code','2023-01-02 21:22:42','2023-01-02 21:22:42'),(1378,1,'en','core/setting/setting','license.buyer','Buyer','2023-01-02 21:22:42','2023-01-02 21:22:42'),(1379,1,'en','core/setting/setting','field_type_not_exists','This field type does not exist','2023-01-02 21:22:42','2023-01-02 21:22:42'),(1380,1,'en','core/setting/setting','save_settings','Save settings','2023-01-02 21:22:42','2023-01-02 21:22:42'),(1381,1,'en','core/setting/setting','template','Template','2023-01-02 21:22:42','2023-01-02 21:22:42'),(1382,1,'en','core/setting/setting','description','Description','2023-01-02 21:22:42','2023-01-02 21:22:42'),(1383,1,'en','core/setting/setting','enable','Enable','2023-01-02 21:22:42','2023-01-02 21:22:42'),(1384,1,'en','core/setting/setting','send','Send','2023-01-02 21:22:42','2023-01-02 21:22:42'),(1385,1,'en','core/setting/setting','test_email_description','To send test email, please make sure you are updated configuration to send mail!','2023-01-02 21:22:42','2023-01-02 21:22:42'),(1386,1,'en','core/setting/setting','test_email_input_placeholder','Enter the email which you want to send test email.','2023-01-02 21:22:42','2023-01-02 21:22:42'),(1387,1,'en','core/setting/setting','test_email_modal_title','Send a test email','2023-01-02 21:22:42','2023-01-02 21:22:42'),(1388,1,'en','core/setting/setting','test_send_mail','Send test mail','2023-01-02 21:22:42','2023-01-02 21:22:42'),(1389,1,'en','core/setting/setting','test_email_send_success','Send email successfully!','2023-01-02 21:22:42','2023-01-02 21:22:42'),(1390,1,'en','core/setting/setting','locale_direction_ltr','Left to Right','2023-01-02 21:22:42','2023-01-02 21:22:42'),(1391,1,'en','core/setting/setting','locale_direction_rtl','Right to Left','2023-01-02 21:22:42','2023-01-02 21:22:42'),(1392,1,'en','core/setting/setting','saving','Saving...','2023-01-02 21:22:42','2023-01-02 21:22:42'),(1393,1,'en','core/setting/setting','emails_warning','You can add up to :count emails','2023-01-02 21:22:42','2023-01-02 21:22:42'),(1394,1,'en','core/setting/setting','email_add_more','Add more','2023-01-02 21:22:42','2023-01-02 21:22:42'),(1395,1,'en','core/setting/setting','generate','Generate','2023-01-02 21:22:42','2023-01-02 21:22:42'),(1396,1,'en','core/setting/setting','generate_thumbnails','Generate thumbnails','2023-01-02 21:22:42','2023-01-02 21:22:42'),(1397,1,'en','core/setting/setting','generate_thumbnails_success','Generate thumbnails successfully. :count files are generated!','2023-01-02 21:22:42','2023-01-02 21:22:42'),(1398,1,'en','core/setting/setting','generate_thumbnails_error','We are unable to regenerate thumbnail for these files :count files!','2023-01-02 21:22:42','2023-01-02 21:22:42'),(1399,1,'en','core/setting/setting','generate_thumbnails_description','Are you sure you want to re-generate thumbnails for all images? It will take time so please DO NOT leave this page, wait until it is finished.','2023-01-02 21:22:42','2023-01-02 21:22:42'),(1400,1,'en','core/setting/setting','enable_chunk_description','Chunk size upload is used to upload large file size.','2023-01-02 21:22:42','2023-01-02 21:22:42'),(1401,1,'en','core/setting/setting','watermark_description','WARNING: Watermark is just added to new uploaded images, it won\'t be added to existing images. Disable watermark won\'t remove watermark from existing images.','2023-01-02 21:22:42','2023-01-02 21:22:42'),(1402,1,'vi','core/setting/setting','title','Cài đặt','2023-01-02 21:22:42','2023-01-02 21:22:42'),(1403,1,'vi','core/setting/setting','general.theme','Giao diện','2023-01-02 21:22:42','2023-01-02 21:22:42'),(1404,1,'vi','core/setting/setting','general.description','Cấu hình những thông tin cài đặt website.','2023-01-02 21:22:42','2023-01-02 21:22:42'),(1405,1,'vi','core/setting/setting','general.title','Thông tin chung','2023-01-02 21:22:42','2023-01-02 21:22:42'),(1406,1,'vi','core/setting/setting','general.general_block','Thông tin chung','2023-01-02 21:22:42','2023-01-02 21:22:42'),(1407,1,'vi','core/setting/setting','general.site_title','Tên trang','2023-01-02 21:22:42','2023-01-02 21:22:42'),(1408,1,'vi','core/setting/setting','general.admin_email','Email quản trị viên','2023-01-02 21:22:42','2023-01-02 21:22:42'),(1409,1,'vi','core/setting/setting','general.seo_block','Cấu hình SEO','2023-01-02 21:22:42','2023-01-02 21:22:42'),(1410,1,'vi','core/setting/setting','general.seo_title','Tiêu đề SEO','2023-01-02 21:22:42','2023-01-02 21:22:42'),(1411,1,'vi','core/setting/setting','general.seo_description','Mô tả SEO','2023-01-02 21:22:42','2023-01-02 21:22:42'),(1412,1,'vi','core/setting/setting','general.webmaster_tools_block','Google Webmaster Tools','2023-01-02 21:22:42','2023-01-02 21:22:42'),(1413,1,'vi','core/setting/setting','general.placeholder.site_title','Tên trang (tối đa 120 kí tự)','2023-01-02 21:22:42','2023-01-02 21:22:42'),(1414,1,'vi','core/setting/setting','general.placeholder.admin_email','Admin Email','2023-01-02 21:22:42','2023-01-02 21:22:42'),(1415,1,'vi','core/setting/setting','general.placeholder.google_analytics','Ví dụ: UA-42767940-2','2023-01-02 21:22:42','2023-01-02 21:22:42'),(1416,1,'vi','core/setting/setting','general.placeholder.seo_title','Tiêu đề SEO (tối đa 120 kí tự)','2023-01-02 21:22:42','2023-01-02 21:22:42'),(1417,1,'vi','core/setting/setting','general.placeholder.seo_description','Mô tả SEO (tối đa 120 kí tự)','2023-01-02 21:22:42','2023-01-02 21:22:42'),(1418,1,'vi','core/setting/setting','general.enable_change_admin_theme','Cho phép thay đổi giao diện quản trị?','2023-01-02 21:22:42','2023-01-02 21:22:42'),(1419,1,'vi','core/setting/setting','general.enable','Bật','2023-01-02 21:22:42','2023-01-02 21:22:42'),(1420,1,'vi','core/setting/setting','general.disable','Tắt','2023-01-02 21:22:42','2023-01-02 21:22:42'),(1421,1,'vi','core/setting/setting','general.enable_cache','Bật bộ nhớ đệm?','2023-01-02 21:22:42','2023-01-02 21:22:42'),(1422,1,'vi','core/setting/setting','general.cache_time','Thời gian lưu bộ nhớ đệm (phút)','2023-01-02 21:22:42','2023-01-02 21:22:42'),(1423,1,'vi','core/setting/setting','general.cache_time_site_map','Thời gian lưu sơ đồ trang trong bộ nhớ đệm','2023-01-02 21:22:42','2023-01-02 21:22:42'),(1424,1,'vi','core/setting/setting','general.admin_logo','Logo trang quản trị','2023-01-02 21:22:42','2023-01-02 21:22:42'),(1425,1,'vi','core/setting/setting','general.admin_title','Tiêu đề trang quản trị','2023-01-02 21:22:42','2023-01-02 21:22:42'),(1426,1,'vi','core/setting/setting','general.admin_title_placeholder','Tiêu đề hiển thị trên thẻ trình duyệt','2023-01-02 21:22:42','2023-01-02 21:22:42'),(1427,1,'vi','core/setting/setting','general.rich_editor','Bộ soạn thảo văn bản','2023-01-02 21:22:42','2023-01-02 21:22:42'),(1428,1,'vi','core/setting/setting','general.cache_block','Bộ nhớ đệm','2023-01-02 21:22:42','2023-01-02 21:22:42'),(1429,1,'vi','core/setting/setting','general.yes','Bật','2023-01-02 21:22:42','2023-01-02 21:22:42'),(1430,1,'vi','core/setting/setting','general.no','Tắt','2023-01-02 21:22:43','2023-01-02 21:22:43'),(1431,1,'vi','core/setting/setting','general.locale','Ngôn ngữ','2023-01-02 21:22:43','2023-01-02 21:22:43'),(1432,1,'vi','core/setting/setting','general.admin_appearance_description','Setting admin appearance such as editor, language...','2023-01-02 21:22:43','2023-01-02 21:22:43'),(1433,1,'vi','core/setting/setting','general.admin_appearance_title','Admin appearance','2023-01-02 21:22:43','2023-01-02 21:22:43'),(1434,1,'vi','core/setting/setting','general.admin_login_screen_backgrounds','Login screen backgrounds (~1366x768)','2023-01-02 21:22:43','2023-01-02 21:22:43'),(1435,1,'vi','core/setting/setting','general.admin_favicon','Admin favicon','2023-01-02 21:22:43','2023-01-02 21:22:43'),(1436,1,'vi','core/setting/setting','general.cache_admin_menu','Cache admin menu?','2023-01-02 21:22:43','2023-01-02 21:22:43'),(1437,1,'vi','core/setting/setting','general.cache_description','Config cache for system for optimize speed','2023-01-02 21:22:43','2023-01-02 21:22:43'),(1438,1,'vi','core/setting/setting','general.default_admin_theme','Default admin theme','2023-01-02 21:22:43','2023-01-02 21:22:43'),(1439,1,'vi','core/setting/setting','general.enable_send_error_reporting_via_email','Enable to send error reporting via email?','2023-01-02 21:22:43','2023-01-02 21:22:43'),(1440,1,'vi','core/setting/setting','general.locale_direction','Hướng chữ viết','2023-01-02 21:22:43','2023-01-02 21:22:43'),(1441,1,'vi','core/setting/setting','general.select','-- Lựa chọn --','2023-01-02 21:22:43','2023-01-02 21:22:43'),(1442,1,'vi','core/setting/setting','general.seo_block_description','Setting site title, site meta description, site keyword for optimize SEO','2023-01-02 21:22:43','2023-01-02 21:22:43'),(1443,1,'vi','core/setting/setting','general.show_on_front','Thiết lập trang chủ','2023-01-02 21:22:43','2023-01-02 21:22:43'),(1444,1,'vi','core/setting/setting','general.show_site_name','Hiển thị tên trang web sau tiêu đề trang, tách biệt bằng \"-\"?','2023-01-02 21:22:43','2023-01-02 21:22:43'),(1445,1,'vi','core/setting/setting','general.time_zone','Múi giờ','2023-01-02 21:22:43','2023-01-02 21:22:43'),(1446,1,'vi','core/setting/setting','general.webmaster_tools_description','Công cụ quản trị trang web của Google (GWT) là phần mềm miễn phí giúp bạn quản lý khía cạnh kỹ thuật của trang web của mình','2023-01-02 21:22:43','2023-01-02 21:22:43'),(1447,1,'vi','core/setting/setting','email.subject','Tiêu đề','2023-01-02 21:22:43','2023-01-02 21:22:43'),(1448,1,'vi','core/setting/setting','email.content','Nội dung','2023-01-02 21:22:43','2023-01-02 21:22:43'),(1449,1,'vi','core/setting/setting','email.title','Cấu hình email template','2023-01-02 21:22:43','2023-01-02 21:22:43'),(1450,1,'vi','core/setting/setting','email.description','Cấu trúc file template sử dụng HTML và các biến trong hệ thống.','2023-01-02 21:22:43','2023-01-02 21:22:43'),(1451,1,'vi','core/setting/setting','email.reset_to_default','Khôi phục về mặc định','2023-01-02 21:22:43','2023-01-02 21:22:43'),(1452,1,'vi','core/setting/setting','email.back','Trở lại trang cài đặt','2023-01-02 21:22:43','2023-01-02 21:22:43'),(1453,1,'vi','core/setting/setting','email.reset_success','Khôi phục mặc định thành công','2023-01-02 21:22:43','2023-01-02 21:22:43'),(1454,1,'vi','core/setting/setting','email.confirm_reset','Xác nhận khôi phục mặc định?','2023-01-02 21:22:43','2023-01-02 21:22:43'),(1455,1,'vi','core/setting/setting','email.confirm_message','Bạn có chắc chắn muốn khôi phục về bản mặc định?','2023-01-02 21:22:43','2023-01-02 21:22:43'),(1456,1,'vi','core/setting/setting','email.continue','Tiếp tục','2023-01-02 21:22:43','2023-01-02 21:22:43'),(1457,1,'vi','core/setting/setting','email.sender_name','Tên người gửi','2023-01-02 21:22:43','2023-01-02 21:22:43'),(1458,1,'vi','core/setting/setting','email.sender_name_placeholder','Tên','2023-01-02 21:22:43','2023-01-02 21:22:43'),(1459,1,'vi','core/setting/setting','email.sender_email','Email của người gửi','2023-01-02 21:22:43','2023-01-02 21:22:43'),(1460,1,'vi','core/setting/setting','email.mailer','Loại','2023-01-02 21:22:43','2023-01-02 21:22:43'),(1461,1,'vi','core/setting/setting','email.port','Cổng','2023-01-02 21:22:43','2023-01-02 21:22:43'),(1462,1,'vi','core/setting/setting','email.port_placeholder','Ví dụ: 587','2023-01-02 21:22:43','2023-01-02 21:22:43'),(1463,1,'vi','core/setting/setting','email.host','Máy chủ','2023-01-02 21:22:43','2023-01-02 21:22:43'),(1464,1,'vi','core/setting/setting','email.host_placeholder','Ví dụ: smtp.gmail.com','2023-01-02 21:22:43','2023-01-02 21:22:43'),(1465,1,'vi','core/setting/setting','email.username','Tên đăng nhập','2023-01-02 21:22:43','2023-01-02 21:22:43'),(1466,1,'vi','core/setting/setting','email.username_placeholder','Tên đăng nhập vào máy chủ mail','2023-01-02 21:22:43','2023-01-02 21:22:43'),(1467,1,'vi','core/setting/setting','email.password','Mật khẩu','2023-01-02 21:22:43','2023-01-02 21:22:43'),(1468,1,'vi','core/setting/setting','email.password_placeholder','Mật khẩu đăng nhập vào máy chủ mail','2023-01-02 21:22:43','2023-01-02 21:22:43'),(1469,1,'vi','core/setting/setting','email.encryption','Mã hoá','2023-01-02 21:22:43','2023-01-02 21:22:43'),(1470,1,'vi','core/setting/setting','email.mail_gun_domain','Tên miền','2023-01-02 21:22:43','2023-01-02 21:22:43'),(1471,1,'vi','core/setting/setting','email.mail_gun_domain_placeholder','Tên miền','2023-01-02 21:22:43','2023-01-02 21:22:43'),(1472,1,'vi','core/setting/setting','email.mail_gun_secret','Chuỗi bí mật','2023-01-02 21:22:43','2023-01-02 21:22:43'),(1473,1,'vi','core/setting/setting','email.mail_gun_secret_placeholder','Chuỗi bí mật','2023-01-02 21:22:43','2023-01-02 21:22:43'),(1474,1,'vi','core/setting/setting','email.template_title','Mẫu giao diện email','2023-01-02 21:22:43','2023-01-02 21:22:43'),(1475,1,'vi','core/setting/setting','email.template_description','Giao diện mặc định cho tất cả email','2023-01-02 21:22:43','2023-01-02 21:22:43'),(1476,1,'vi','core/setting/setting','email.template_header','Mẫu cho phần trên của email','2023-01-02 21:22:43','2023-01-02 21:22:43'),(1477,1,'vi','core/setting/setting','email.template_header_description','Phần trên của tất cả email','2023-01-02 21:22:43','2023-01-02 21:22:43'),(1478,1,'vi','core/setting/setting','email.template_footer','Mẫu cho phần dưới của email','2023-01-02 21:22:43','2023-01-02 21:22:43'),(1479,1,'vi','core/setting/setting','email.template_footer_description','Phần dưới của tất cả email','2023-01-02 21:22:43','2023-01-02 21:22:43'),(1480,1,'vi','core/setting/setting','email.default','Mặc định','2023-01-02 21:22:43','2023-01-02 21:22:43'),(1481,1,'vi','core/setting/setting','email.mail_gun_endpoint','Endpoint','2023-01-02 21:22:43','2023-01-02 21:22:43'),(1482,1,'vi','core/setting/setting','email.mail_gun_endpoint_placeholder','Endpoint','2023-01-02 21:22:43','2023-01-02 21:22:43'),(1483,1,'vi','core/setting/setting','email.postmark_token','Token','2023-01-02 21:22:43','2023-01-02 21:22:43'),(1484,1,'vi','core/setting/setting','email.postmark_token_placeholder','Token','2023-01-02 21:22:43','2023-01-02 21:22:43'),(1485,1,'vi','core/setting/setting','email.encryption_placeholder','Kiểu mã hóa: ssl hoặc tls','2023-01-02 21:22:43','2023-01-02 21:22:43'),(1486,1,'vi','core/setting/setting','email.log_channel','Phương thức log','2023-01-02 21:22:43','2023-01-02 21:22:43'),(1487,1,'vi','core/setting/setting','email.sendmail_path','Sendmail Path','2023-01-02 21:22:43','2023-01-02 21:22:43'),(1488,1,'vi','core/setting/setting','email.ses_key','Key','2023-01-02 21:22:43','2023-01-02 21:22:43'),(1489,1,'vi','core/setting/setting','email.ses_key_placeholder','Key','2023-01-02 21:22:43','2023-01-02 21:22:43'),(1490,1,'vi','core/setting/setting','email.ses_region','Region','2023-01-02 21:22:43','2023-01-02 21:22:43'),(1491,1,'vi','core/setting/setting','email.ses_region_placeholder','Region','2023-01-02 21:22:43','2023-01-02 21:22:43'),(1492,1,'vi','core/setting/setting','email.ses_secret','Secret','2023-01-02 21:22:43','2023-01-02 21:22:43'),(1493,1,'vi','core/setting/setting','email.ses_secret_placeholder','Secret','2023-01-02 21:22:43','2023-01-02 21:22:43'),(1494,1,'vi','core/setting/setting','email.using_queue_to_send_mail','Sử dụng job queue để gửi email (Trước tiên phải thiết lập Queue https://laravel.com/docs/queues#supervisor-configuration)','2023-01-02 21:22:43','2023-01-02 21:22:43'),(1495,1,'vi','core/setting/setting','save_settings','Lưu cài đặt','2023-01-02 21:22:43','2023-01-02 21:22:43'),(1496,1,'vi','core/setting/setting','template','Mẫu','2023-01-02 21:22:43','2023-01-02 21:22:43'),(1497,1,'vi','core/setting/setting','description','Mô tả','2023-01-02 21:22:43','2023-01-02 21:22:43'),(1498,1,'vi','core/setting/setting','enable','Bật','2023-01-02 21:22:43','2023-01-02 21:22:43'),(1499,1,'vi','core/setting/setting','test_send_mail','Gửi thử nghiệm','2023-01-02 21:22:43','2023-01-02 21:22:43'),(1500,1,'vi','core/setting/setting','email_setting_title','Cấu hình email','2023-01-02 21:22:43','2023-01-02 21:22:43'),(1501,1,'vi','core/setting/setting','field_type_not_exists','Loại field này không được hỗ trợ','2023-01-02 21:22:43','2023-01-02 21:22:43'),(1502,1,'vi','core/setting/setting','test_email_description','Để gửi email thử nghiệm, hãy đảm bảo rằng bạn đã cập nhật cấu hình để gửi thư!','2023-01-02 21:22:43','2023-01-02 21:22:43'),(1503,1,'vi','core/setting/setting','test_email_input_placeholder','Nhập email mà bạn muốn gửi email thử nghiệm.','2023-01-02 21:22:43','2023-01-02 21:22:43'),(1504,1,'vi','core/setting/setting','test_email_modal_title','Gửi một email thử nghiệm','2023-01-02 21:22:43','2023-01-02 21:22:43'),(1505,1,'vi','core/setting/setting','test_email_send_success','Gửi email thành công!','2023-01-02 21:22:43','2023-01-02 21:22:43'),(1506,1,'vi','core/setting/setting','send','Gửi','2023-01-02 21:22:43','2023-01-02 21:22:43'),(1507,1,'vi','core/setting/setting','license.buyer','Tên đăng nhập','2023-01-02 21:22:43','2023-01-02 21:22:43'),(1508,1,'vi','core/setting/setting','license.purchase_code','Purchase code','2023-01-02 21:22:43','2023-01-02 21:22:43'),(1509,1,'vi','core/setting/setting','locale_direction_ltr','Trái sang phải','2023-01-02 21:22:43','2023-01-02 21:22:43'),(1510,1,'vi','core/setting/setting','locale_direction_rtl','Phải sang trái','2023-01-02 21:22:43','2023-01-02 21:22:43'),(1511,1,'vi','core/setting/setting','media.aws_access_key_id','AWS Access Key ID','2023-01-02 21:22:43','2023-01-02 21:22:43'),(1512,1,'vi','core/setting/setting','media.aws_bucket','AWS Bucket','2023-01-02 21:22:43','2023-01-02 21:22:43'),(1513,1,'vi','core/setting/setting','media.aws_default_region','AWS Default Region','2023-01-02 21:22:43','2023-01-02 21:22:43'),(1514,1,'vi','core/setting/setting','media.aws_url','AWS URL','2023-01-02 21:22:43','2023-01-02 21:22:43'),(1515,1,'vi','core/setting/setting','media.aws_secret_key','AWS Secret Key','2023-01-02 21:22:43','2023-01-02 21:22:43'),(1516,1,'vi','core/setting/setting','media.chunk_size','Chunk size (Bytes)','2023-01-02 21:22:43','2023-01-02 21:22:43'),(1517,1,'vi','core/setting/setting','media.chunk_size_placeholder','Mặc định: 1048576 ~ 1MB','2023-01-02 21:22:43','2023-01-02 21:22:43'),(1518,1,'vi','core/setting/setting','media.do_spaces_access_key_id','DO Spaces Access Key ID','2023-01-02 21:22:43','2023-01-02 21:22:43'),(1519,1,'vi','core/setting/setting','media.description','Cài đặt cho media','2023-01-02 21:22:43','2023-01-02 21:22:43'),(1520,1,'vi','core/setting/setting','media.do_spaces_bucket','DO Spaces Bucket','2023-01-02 21:22:43','2023-01-02 21:22:43'),(1521,1,'vi','core/setting/setting','media.do_spaces_cdn_enabled','Bật DO Spaces CDN?','2023-01-02 21:22:43','2023-01-02 21:22:43'),(1522,1,'vi','core/setting/setting','media.do_spaces_default_region','DO Spaces Default Region','2023-01-02 21:22:43','2023-01-02 21:22:43'),(1523,1,'vi','core/setting/setting','media.do_spaces_endpoint','DO Spaces Endpoint','2023-01-02 21:22:43','2023-01-02 21:22:43'),(1524,1,'vi','core/setting/setting','media.do_spaces_secret_key','DO Spaces Secret Key','2023-01-02 21:22:43','2023-01-02 21:22:43'),(1525,1,'vi','core/setting/setting','media.driver','Driver','2023-01-02 21:22:43','2023-01-02 21:22:43'),(1526,1,'vi','core/setting/setting','media.enable_chunk','Bật chunk size upload?','2023-01-02 21:22:43','2023-01-02 21:22:43'),(1527,1,'vi','core/setting/setting','media.enable_watermark','Bật watermark?','2023-01-02 21:22:43','2023-01-02 21:22:43'),(1528,1,'vi','core/setting/setting','media.max_file_size','Chunk max file size (MB)','2023-01-02 21:22:43','2023-01-02 21:22:43'),(1529,1,'vi','core/setting/setting','media.max_file_size_placeholder','Mặc định: 1048576 ~ 1GB','2023-01-02 21:22:43','2023-01-02 21:22:43'),(1530,1,'vi','core/setting/setting','media.media_do_spaces_cdn_custom_domain','Do Spaces CDN custom domain','2023-01-02 21:22:43','2023-01-02 21:22:43'),(1531,1,'vi','core/setting/setting','media.media_do_spaces_cdn_custom_domain_placeholder','https://ten-mien-cua-ban.com','2023-01-02 21:22:43','2023-01-02 21:22:43'),(1532,1,'vi','core/setting/setting','media.title','Media','2023-01-02 21:22:43','2023-01-02 21:22:43'),(1533,1,'vi','core/setting/setting','media.watermark_opacity','Watermark Opacity (%)','2023-01-02 21:22:43','2023-01-02 21:22:43'),(1534,1,'vi','core/setting/setting','media.watermark_opacity_placeholder','Mặc định: 70 (%)','2023-01-02 21:22:43','2023-01-02 21:22:43'),(1535,1,'vi','core/setting/setting','media.watermark_position','Vị trí watermark','2023-01-02 21:22:43','2023-01-02 21:22:43'),(1536,1,'vi','core/setting/setting','media.watermark_position_bottom_left','Bên trái dưới cùng','2023-01-02 21:22:43','2023-01-02 21:22:43'),(1537,1,'vi','core/setting/setting','media.watermark_position_bottom_right','Bên phải dưới cùng','2023-01-02 21:22:43','2023-01-02 21:22:43'),(1538,1,'vi','core/setting/setting','media.watermark_position_center','Chính giữa','2023-01-02 21:22:43','2023-01-02 21:22:43'),(1539,1,'vi','core/setting/setting','media.watermark_position_top_left','Bên trái trên cùng','2023-01-02 21:22:43','2023-01-02 21:22:43'),(1540,1,'vi','core/setting/setting','media.watermark_position_top_right','Bên phải trên cùng','2023-01-02 21:22:43','2023-01-02 21:22:43'),(1541,1,'vi','core/setting/setting','media.watermark_position_x','Watermark position X','2023-01-02 21:22:43','2023-01-02 21:22:43'),(1542,1,'vi','core/setting/setting','media.watermark_position_y','Watermark position Y','2023-01-02 21:22:43','2023-01-02 21:22:43'),(1543,1,'vi','core/setting/setting','media.watermark_size','Kích thước của watermark (%)','2023-01-02 21:22:43','2023-01-02 21:22:43'),(1544,1,'vi','core/setting/setting','media.watermark_size_placeholder','Mặc định: 10 (%)','2023-01-02 21:22:43','2023-01-02 21:22:43'),(1545,1,'vi','core/setting/setting','media.watermark_source','Hình ảnh watermark','2023-01-02 21:22:43','2023-01-02 21:22:43'),(1546,1,'en','core/table/general','operations','Operations','2023-01-02 21:22:43','2023-01-02 21:22:43'),(1547,1,'en','core/table/general','loading_data','Loading data from server','2023-01-02 21:22:43','2023-01-02 21:22:43'),(1548,1,'en','core/table/general','display','Display','2023-01-02 21:22:43','2023-01-02 21:22:43'),(1549,1,'en','core/table/general','all','All','2023-01-02 21:22:43','2023-01-02 21:22:43'),(1550,1,'en','core/table/general','edit_entry','Edit','2023-01-02 21:22:43','2023-01-02 21:22:43'),(1551,1,'en','core/table/general','delete_entry','Delete','2023-01-02 21:22:43','2023-01-02 21:22:43'),(1552,1,'en','core/table/general','show_from','Showing from','2023-01-02 21:22:43','2023-01-02 21:22:43'),(1553,1,'en','core/table/general','to','to','2023-01-02 21:22:43','2023-01-02 21:22:43'),(1554,1,'en','core/table/general','in','in','2023-01-02 21:22:43','2023-01-02 21:22:43'),(1555,1,'en','core/table/general','records','records','2023-01-02 21:22:43','2023-01-02 21:22:43'),(1556,1,'en','core/table/general','no_data','No data to display','2023-01-02 21:22:43','2023-01-02 21:22:43'),(1557,1,'en','core/table/general','no_record','No record','2023-01-02 21:22:43','2023-01-02 21:22:43'),(1558,1,'en','core/table/general','loading','Loading data from server','2023-01-02 21:22:43','2023-01-02 21:22:43'),(1559,1,'en','core/table/general','confirm_delete','Confirm delete','2023-01-02 21:22:43','2023-01-02 21:22:43'),(1560,1,'en','core/table/general','confirm_delete_msg','Do you really want to delete this record?','2023-01-02 21:22:43','2023-01-02 21:22:43'),(1561,1,'en','core/table/general','cancel','Cancel','2023-01-02 21:22:43','2023-01-02 21:22:43'),(1562,1,'en','core/table/general','delete','Delete','2023-01-02 21:22:43','2023-01-02 21:22:43'),(1563,1,'en','core/table/general','close','Close','2023-01-02 21:22:43','2023-01-02 21:22:43'),(1564,1,'en','core/table/general','contains','Contains','2023-01-02 21:22:43','2023-01-02 21:22:43'),(1565,1,'en','core/table/general','is_equal_to','Is equal to','2023-01-02 21:22:43','2023-01-02 21:22:43'),(1566,1,'en','core/table/general','greater_than','Greater than','2023-01-02 21:22:43','2023-01-02 21:22:43'),(1567,1,'en','core/table/general','less_than','Less than','2023-01-02 21:22:43','2023-01-02 21:22:43'),(1568,1,'en','core/table/general','value','Value','2023-01-02 21:22:43','2023-01-02 21:22:43'),(1569,1,'en','core/table/general','select_field','Select field','2023-01-02 21:22:43','2023-01-02 21:22:43'),(1570,1,'en','core/table/general','reset','Reset','2023-01-02 21:22:43','2023-01-02 21:22:43'),(1571,1,'en','core/table/general','add_additional_filter','Add additional filter','2023-01-02 21:22:43','2023-01-02 21:22:43'),(1572,1,'en','core/table/general','apply','Apply','2023-01-02 21:22:43','2023-01-02 21:22:43'),(1573,1,'en','core/table/general','filters','Filters','2023-01-02 21:22:43','2023-01-02 21:22:43'),(1574,1,'en','core/table/general','bulk_change','Bulk changes','2023-01-02 21:22:43','2023-01-02 21:22:43'),(1575,1,'en','core/table/general','select_option','Select option','2023-01-02 21:22:43','2023-01-02 21:22:43'),(1576,1,'en','core/table/general','bulk_actions','Bulk Actions','2023-01-02 21:22:43','2023-01-02 21:22:43'),(1577,1,'en','core/table/general','save_bulk_change_success','Update data for selected record(s) successfully!','2023-01-02 21:22:43','2023-01-02 21:22:43'),(1578,1,'en','core/table/general','please_select_record','Please select at least one record to perform this action!','2023-01-02 21:22:43','2023-01-02 21:22:43'),(1579,1,'en','core/table/general','filtered','(filtered from _MAX_ total records)','2023-01-02 21:22:43','2023-01-02 21:22:43'),(1580,1,'en','core/table/general','search','Search...','2023-01-02 21:22:43','2023-01-02 21:22:43'),(1581,1,'en','core/table/table','operations','Operations','2023-01-02 21:22:43','2023-01-02 21:22:43'),(1582,1,'en','core/table/table','loading_data','Loading data from server','2023-01-02 21:22:43','2023-01-02 21:22:43'),(1583,1,'en','core/table/table','display','Display','2023-01-02 21:22:43','2023-01-02 21:22:43'),(1584,1,'en','core/table/table','all','All','2023-01-02 21:22:43','2023-01-02 21:22:43'),(1585,1,'en','core/table/table','edit_entry','Edit','2023-01-02 21:22:43','2023-01-02 21:22:43'),(1586,1,'en','core/table/table','delete_entry','Delete','2023-01-02 21:22:43','2023-01-02 21:22:43'),(1587,1,'en','core/table/table','show_from','Showing from','2023-01-02 21:22:43','2023-01-02 21:22:43'),(1588,1,'en','core/table/table','to','to','2023-01-02 21:22:43','2023-01-02 21:22:43'),(1589,1,'en','core/table/table','in','in','2023-01-02 21:22:43','2023-01-02 21:22:43'),(1590,1,'en','core/table/table','records','records','2023-01-02 21:22:43','2023-01-02 21:22:43'),(1591,1,'en','core/table/table','no_data','No data to display','2023-01-02 21:22:43','2023-01-02 21:22:43'),(1592,1,'en','core/table/table','no_record','No record','2023-01-02 21:22:43','2023-01-02 21:22:43'),(1593,1,'en','core/table/table','loading','Loading data from server','2023-01-02 21:22:43','2023-01-02 21:22:43'),(1594,1,'en','core/table/table','confirm_delete','Confirm delete','2023-01-02 21:22:43','2023-01-02 21:22:43'),(1595,1,'en','core/table/table','confirm_delete_msg','Do you really want to delete this record?','2023-01-02 21:22:43','2023-01-02 21:22:43'),(1596,1,'en','core/table/table','cancel','Cancel','2023-01-02 21:22:43','2023-01-02 21:22:43'),(1597,1,'en','core/table/table','delete','Delete','2023-01-02 21:22:43','2023-01-02 21:22:43'),(1598,1,'en','core/table/table','close','Close','2023-01-02 21:22:43','2023-01-02 21:22:43'),(1599,1,'en','core/table/table','contains','Contains','2023-01-02 21:22:43','2023-01-02 21:22:43'),(1600,1,'en','core/table/table','is_equal_to','Is equal to','2023-01-02 21:22:43','2023-01-02 21:22:43'),(1601,1,'en','core/table/table','greater_than','Greater than','2023-01-02 21:22:43','2023-01-02 21:22:43'),(1602,1,'en','core/table/table','less_than','Less than','2023-01-02 21:22:43','2023-01-02 21:22:43'),(1603,1,'en','core/table/table','value','Value','2023-01-02 21:22:43','2023-01-02 21:22:43'),(1604,1,'en','core/table/table','select_field','Select field','2023-01-02 21:22:43','2023-01-02 21:22:43'),(1605,1,'en','core/table/table','reset','Reset','2023-01-02 21:22:43','2023-01-02 21:22:43'),(1606,1,'en','core/table/table','add_additional_filter','Add additional filter','2023-01-02 21:22:43','2023-01-02 21:22:43'),(1607,1,'en','core/table/table','apply','Apply','2023-01-02 21:22:43','2023-01-02 21:22:43'),(1608,1,'en','core/table/table','filters','Filters','2023-01-02 21:22:43','2023-01-02 21:22:43'),(1609,1,'en','core/table/table','bulk_change','Bulk changes','2023-01-02 21:22:43','2023-01-02 21:22:43'),(1610,1,'en','core/table/table','select_option','Select option','2023-01-02 21:22:43','2023-01-02 21:22:43'),(1611,1,'en','core/table/table','bulk_actions','Bulk Actions','2023-01-02 21:22:43','2023-01-02 21:22:43'),(1612,1,'en','core/table/table','save_bulk_change_success','Update data for selected record(s) successfully!','2023-01-02 21:22:43','2023-01-02 21:22:43'),(1613,1,'en','core/table/table','please_select_record','Please select at least one record to perform this action!','2023-01-02 21:22:43','2023-01-02 21:22:43'),(1614,1,'en','core/table/table','filtered','(filtered from _MAX_ total records)','2023-01-02 21:22:43','2023-01-02 21:22:43'),(1615,1,'en','core/table/table','search','Search...','2023-01-02 21:22:43','2023-01-02 21:22:43'),(1616,1,'vi','core/table/general','operations','Hành động','2023-01-02 21:22:43','2023-01-02 21:22:43'),(1617,1,'vi','core/table/general','loading_data','Đang tải dữ liệu từ hệ thống','2023-01-02 21:22:43','2023-01-02 21:22:43'),(1618,1,'vi','core/table/general','display','Hiển thị','2023-01-02 21:22:43','2023-01-02 21:22:43'),(1619,1,'vi','core/table/general','all','Tất cả','2023-01-02 21:22:43','2023-01-02 21:22:43'),(1620,1,'vi','core/table/general','edit_entry','Sửa','2023-01-02 21:22:43','2023-01-02 21:22:43'),(1621,1,'vi','core/table/general','delete_entry','Xoá','2023-01-02 21:22:43','2023-01-02 21:22:43'),(1622,1,'vi','core/table/general','show_from','Hiển thị từ','2023-01-02 21:22:43','2023-01-02 21:22:43'),(1623,1,'vi','core/table/general','to','đến','2023-01-02 21:22:43','2023-01-02 21:22:43'),(1624,1,'vi','core/table/general','in','trong tổng số','2023-01-02 21:22:43','2023-01-02 21:22:43'),(1625,1,'vi','core/table/general','records','bản ghi','2023-01-02 21:22:43','2023-01-02 21:22:43'),(1626,1,'vi','core/table/general','no_data','Không có dữ liệu để hiển thị','2023-01-02 21:22:43','2023-01-02 21:22:43'),(1627,1,'vi','core/table/general','no_record','không có bản ghi nào','2023-01-02 21:22:43','2023-01-02 21:22:43'),(1628,1,'vi','core/table/general','loading','Đang tải dữ liệu từ hệ thống','2023-01-02 21:22:43','2023-01-02 21:22:43'),(1629,1,'vi','core/table/general','confirm_delete','Xác nhận xoá','2023-01-02 21:22:43','2023-01-02 21:22:43'),(1630,1,'vi','core/table/general','confirm_delete_msg','Bạn có chắc chắn muốn xoá bản ghi này?','2023-01-02 21:22:43','2023-01-02 21:22:43'),(1631,1,'vi','core/table/general','cancel','Huỷ bỏ','2023-01-02 21:22:43','2023-01-02 21:22:43'),(1632,1,'vi','core/table/general','delete','Xoá','2023-01-02 21:22:43','2023-01-02 21:22:43'),(1633,1,'vi','core/table/general','close','Đóng','2023-01-02 21:22:43','2023-01-02 21:22:43'),(1634,1,'vi','core/table/general','is_equal_to','Bằng với','2023-01-02 21:22:43','2023-01-02 21:22:43'),(1635,1,'vi','core/table/general','greater_than','Lớn hơn','2023-01-02 21:22:43','2023-01-02 21:22:43'),(1636,1,'vi','core/table/general','less_than','Nhỏ hơn','2023-01-02 21:22:43','2023-01-02 21:22:43'),(1637,1,'vi','core/table/general','value','Giá trị','2023-01-02 21:22:43','2023-01-02 21:22:43'),(1638,1,'vi','core/table/general','select_field','Chọn trường','2023-01-02 21:22:43','2023-01-02 21:22:43'),(1639,1,'vi','core/table/general','reset','Làm mới','2023-01-02 21:22:43','2023-01-02 21:22:43'),(1640,1,'vi','core/table/general','add_additional_filter','Thêm bộ lọc','2023-01-02 21:22:43','2023-01-02 21:22:43'),(1641,1,'vi','core/table/general','apply','Áp dụng','2023-01-02 21:22:43','2023-01-02 21:22:43'),(1642,1,'vi','core/table/general','select_option','Lựa chọn','2023-01-02 21:22:43','2023-01-02 21:22:43'),(1643,1,'vi','core/table/general','filters','Lọc dữ liệu','2023-01-02 21:22:43','2023-01-02 21:22:43'),(1644,1,'vi','core/table/general','bulk_change','Thay đổi hàng loạt','2023-01-02 21:22:43','2023-01-02 21:22:43'),(1645,1,'vi','core/table/general','bulk_actions','Hành động','2023-01-02 21:22:43','2023-01-02 21:22:43'),(1646,1,'vi','core/table/general','contains','Bao gồm','2023-01-02 21:22:43','2023-01-02 21:22:43'),(1647,1,'vi','core/table/general','filtered','(đã được lọc từ _MAX_ bản ghi)','2023-01-02 21:22:43','2023-01-02 21:22:43'),(1648,1,'vi','core/table/table','operations','Hành động','2023-01-02 21:22:44','2023-01-02 21:22:44'),(1649,1,'vi','core/table/table','loading_data','Đang tải dữ liệu từ hệ thống','2023-01-02 21:22:44','2023-01-02 21:22:44'),(1650,1,'vi','core/table/table','display','Hiển thị','2023-01-02 21:22:44','2023-01-02 21:22:44'),(1651,1,'vi','core/table/table','all','Tất cả','2023-01-02 21:22:44','2023-01-02 21:22:44'),(1652,1,'vi','core/table/table','edit_entry','Sửa','2023-01-02 21:22:44','2023-01-02 21:22:44'),(1653,1,'vi','core/table/table','delete_entry','Xoá','2023-01-02 21:22:44','2023-01-02 21:22:44'),(1654,1,'vi','core/table/table','show_from','Hiển thị từ','2023-01-02 21:22:44','2023-01-02 21:22:44'),(1655,1,'vi','core/table/table','to','đến','2023-01-02 21:22:44','2023-01-02 21:22:44'),(1656,1,'vi','core/table/table','in','trong tổng số','2023-01-02 21:22:44','2023-01-02 21:22:44'),(1657,1,'vi','core/table/table','records','bản ghi','2023-01-02 21:22:44','2023-01-02 21:22:44'),(1658,1,'vi','core/table/table','no_data','Không có dữ liệu để hiển thị','2023-01-02 21:22:44','2023-01-02 21:22:44'),(1659,1,'vi','core/table/table','no_record','không có bản ghi nào','2023-01-02 21:22:44','2023-01-02 21:22:44'),(1660,1,'vi','core/table/table','loading','Đang tải dữ liệu từ hệ thống','2023-01-02 21:22:44','2023-01-02 21:22:44'),(1661,1,'vi','core/table/table','confirm_delete','Xác nhận xoá','2023-01-02 21:22:44','2023-01-02 21:22:44'),(1662,1,'vi','core/table/table','confirm_delete_msg','Bạn có chắc chắn muốn xoá bản ghi này?','2023-01-02 21:22:44','2023-01-02 21:22:44'),(1663,1,'vi','core/table/table','cancel','Huỷ bỏ','2023-01-02 21:22:44','2023-01-02 21:22:44'),(1664,1,'vi','core/table/table','delete','Xoá','2023-01-02 21:22:44','2023-01-02 21:22:44'),(1665,1,'vi','core/table/table','close','Đóng','2023-01-02 21:22:44','2023-01-02 21:22:44'),(1666,1,'vi','core/table/table','is_equal_to','Bằng với','2023-01-02 21:22:44','2023-01-02 21:22:44'),(1667,1,'vi','core/table/table','greater_than','Lớn hơn','2023-01-02 21:22:44','2023-01-02 21:22:44'),(1668,1,'vi','core/table/table','less_than','Nhỏ hơn','2023-01-02 21:22:44','2023-01-02 21:22:44'),(1669,1,'vi','core/table/table','value','Giá trị','2023-01-02 21:22:44','2023-01-02 21:22:44'),(1670,1,'vi','core/table/table','select_field','Chọn trường','2023-01-02 21:22:44','2023-01-02 21:22:44'),(1671,1,'vi','core/table/table','reset','Làm mới','2023-01-02 21:22:44','2023-01-02 21:22:44'),(1672,1,'vi','core/table/table','add_additional_filter','Thêm bộ lọc','2023-01-02 21:22:44','2023-01-02 21:22:44'),(1673,1,'vi','core/table/table','apply','Áp dụng','2023-01-02 21:22:44','2023-01-02 21:22:44'),(1674,1,'vi','core/table/table','select_option','Lựa chọn','2023-01-02 21:22:44','2023-01-02 21:22:44'),(1675,1,'vi','core/table/table','filters','Lọc dữ liệu','2023-01-02 21:22:44','2023-01-02 21:22:44'),(1676,1,'vi','core/table/table','bulk_change','Thay đổi hàng loạt','2023-01-02 21:22:44','2023-01-02 21:22:44'),(1677,1,'vi','core/table/table','bulk_actions','Hành động','2023-01-02 21:22:44','2023-01-02 21:22:44'),(1678,1,'vi','core/table/table','contains','Bao gồm','2023-01-02 21:22:44','2023-01-02 21:22:44'),(1679,1,'vi','core/table/table','filtered','(đã được lọc từ _MAX_ bản ghi)','2023-01-02 21:22:44','2023-01-02 21:22:44'),(1680,1,'vi','core/table/table','please_select_record','Vui lòng chọn ít nhất 1 bản ghi để thực hiện hành động này!','2023-01-02 21:22:44','2023-01-02 21:22:44'),(1681,1,'vi','core/table/table','save_bulk_change_success','Cập nhật dữ liệu cho các bản ghi thành công!','2023-01-02 21:22:44','2023-01-02 21:22:44'),(1682,1,'vi','core/table/table','search','Tìm kiếm...','2023-01-02 21:22:44','2023-01-02 21:22:44'),(1683,1,'en','packages/api/api','settings','API Settings','2023-01-02 21:22:44','2023-01-02 21:22:44'),(1684,1,'en','packages/api/api','save_settings','Save settings','2023-01-02 21:22:44','2023-01-02 21:22:44'),(1685,1,'en','packages/api/api','setting_title','API settings','2023-01-02 21:22:44','2023-01-02 21:22:44'),(1686,1,'en','packages/api/api','setting_description','Settings for API','2023-01-02 21:22:44','2023-01-02 21:22:44'),(1687,1,'en','packages/api/api','api_enabled','API enabled?','2023-01-02 21:22:44','2023-01-02 21:22:44'),(1688,1,'en','packages/get-started/get-started','welcome_title','Welcome to your admin dashboard!','2023-01-02 21:22:44','2023-01-02 21:22:44'),(1689,1,'en','packages/get-started/get-started','welcome_description','In a few short steps, you can have your new dashboard up and running!','2023-01-02 21:22:44','2023-01-02 21:22:44'),(1690,1,'en','packages/get-started/get-started','get_started','Get Started!','2023-01-02 21:22:44','2023-01-02 21:22:44'),(1691,1,'en','packages/get-started/get-started','customize_branding_title','Customize branding','2023-01-02 21:22:44','2023-01-02 21:22:44'),(1692,1,'en','packages/get-started/get-started','customize_branding_description','Customize your site with colors, logo and subdomain to match your business unique branding and identity.','2023-01-02 21:22:44','2023-01-02 21:22:44'),(1693,1,'en','packages/get-started/get-started','colors','Colors','2023-01-02 21:22:44','2023-01-02 21:22:44'),(1694,1,'en','packages/get-started/get-started','fonts','Fonts','2023-01-02 21:22:44','2023-01-02 21:22:44'),(1695,1,'en','packages/get-started/get-started','primary_color','Primary color','2023-01-02 21:22:44','2023-01-02 21:22:44'),(1696,1,'en','packages/get-started/get-started','primary_font','Primary font','2023-01-02 21:22:44','2023-01-02 21:22:44'),(1697,1,'en','packages/get-started/get-started','setup_wizard_button',':link to finish Quick setup Wizard!','2023-01-02 21:22:44','2023-01-02 21:22:44'),(1698,1,'en','packages/get-started/get-started','click_here','Click here','2023-01-02 21:22:44','2023-01-02 21:22:44'),(1699,1,'en','packages/get-started/get-started','site_title','Site title','2023-01-02 21:22:44','2023-01-02 21:22:44'),(1700,1,'en','packages/get-started/get-started','identify','Identify','2023-01-02 21:22:44','2023-01-02 21:22:44'),(1701,1,'en','packages/get-started/get-started','logo','Logo','2023-01-02 21:22:44','2023-01-02 21:22:44'),(1702,1,'en','packages/get-started/get-started','admin_logo','Admin logo','2023-01-02 21:22:44','2023-01-02 21:22:44'),(1703,1,'en','packages/get-started/get-started','favicon','Favicon','2023-01-02 21:22:44','2023-01-02 21:22:44'),(1704,1,'en','packages/get-started/get-started','admin_favicon','Admin favicon','2023-01-02 21:22:44','2023-01-02 21:22:44'),(1705,1,'en','packages/get-started/get-started','next_step','Next step','2023-01-02 21:22:44','2023-01-02 21:22:44'),(1706,1,'en','packages/get-started/get-started','site_ready_title','Your site is ready!','2023-01-02 21:22:44','2023-01-02 21:22:44'),(1707,1,'en','packages/get-started/get-started','site_ready_description','Welcome to your new site! Your website has been created and populated with sample data. You are in the admin area of your site where you can set up everything else needed to complete your site.','2023-01-02 21:22:44','2023-01-02 21:22:44'),(1708,1,'en','packages/get-started/get-started','finish','Finish','2023-01-02 21:22:44','2023-01-02 21:22:44'),(1709,1,'en','packages/get-started/get-started','exit_wizard_title','Are you sure you want to exit the Quick Setup Wizard?','2023-01-02 21:22:44','2023-01-02 21:22:44'),(1710,1,'en','packages/get-started/get-started','exit_wizard_confirm','Yes, I\'ll finish it later','2023-01-02 21:22:44','2023-01-02 21:22:44'),(1711,1,'en','packages/get-started/get-started','exit_wizard_cancel','No, take me back to the wizard','2023-01-02 21:22:44','2023-01-02 21:22:44'),(1712,1,'en','packages/get-started/get-started','change_default_account_info_title','Change default account info','2023-01-02 21:22:44','2023-01-02 21:22:44'),(1713,1,'en','packages/get-started/get-started','change_default_account_info_description','The default account is using a weak password. You need to change it to a complex password for better security.','2023-01-02 21:22:44','2023-01-02 21:22:44'),(1714,1,'en','packages/get-started/get-started','username','Username','2023-01-02 21:22:44','2023-01-02 21:22:44'),(1715,1,'en','packages/get-started/get-started','email','Email','2023-01-02 21:22:44','2023-01-02 21:22:44'),(1716,1,'en','packages/get-started/get-started','password','Password','2023-01-02 21:22:44','2023-01-02 21:22:44'),(1717,1,'en','packages/get-started/get-started','password_confirmation','Password confirmation','2023-01-02 21:22:44','2023-01-02 21:22:44'),(1718,1,'en','packages/installer/installer','title','Installer','2023-01-02 21:22:44','2023-01-02 21:22:44'),(1719,1,'en','packages/installer/installer','next','Next Step','2023-01-02 21:22:44','2023-01-02 21:22:44'),(1720,1,'en','packages/installer/installer','back','Previous','2023-01-02 21:22:44','2023-01-02 21:22:44'),(1721,1,'en','packages/installer/installer','finish','Install','2023-01-02 21:22:44','2023-01-02 21:22:44'),(1722,1,'en','packages/installer/installer','forms.errorTitle','The following errors occurred:','2023-01-02 21:22:44','2023-01-02 21:22:44'),(1723,1,'en','packages/installer/installer','welcome.templateTitle','Welcome','2023-01-02 21:22:44','2023-01-02 21:22:44'),(1724,1,'en','packages/installer/installer','welcome.title','Welcome','2023-01-02 21:22:44','2023-01-02 21:22:44'),(1725,1,'en','packages/installer/installer','welcome.message','Before getting started, we need some information on the database. You will need to know the following items before proceeding.','2023-01-02 21:22:44','2023-01-02 21:22:44'),(1726,1,'en','packages/installer/installer','welcome.next','Let\'s go','2023-01-02 21:22:44','2023-01-02 21:22:44'),(1727,1,'en','packages/installer/installer','requirements.templateTitle','Step 1 | Server Requirements','2023-01-02 21:22:44','2023-01-02 21:22:44'),(1728,1,'en','packages/installer/installer','requirements.title','Server Requirements','2023-01-02 21:22:44','2023-01-02 21:22:44'),(1729,1,'en','packages/installer/installer','requirements.next','Check Permissions','2023-01-02 21:22:44','2023-01-02 21:22:44'),(1730,1,'en','packages/installer/installer','permissions.templateTitle','Step 2 | Permissions','2023-01-02 21:22:44','2023-01-02 21:22:44'),(1731,1,'en','packages/installer/installer','permissions.title','Permissions','2023-01-02 21:22:44','2023-01-02 21:22:44'),(1732,1,'en','packages/installer/installer','permissions.next','Configure Environment','2023-01-02 21:22:44','2023-01-02 21:22:44'),(1733,1,'en','packages/installer/installer','environment.wizard.templateTitle','Environment Settings','2023-01-02 21:22:44','2023-01-02 21:22:44'),(1734,1,'en','packages/installer/installer','environment.wizard.title','Environment Settings','2023-01-02 21:22:44','2023-01-02 21:22:44'),(1735,1,'en','packages/installer/installer','environment.wizard.form.name_required','An environment name is required.','2023-01-02 21:22:44','2023-01-02 21:22:44'),(1736,1,'en','packages/installer/installer','environment.wizard.form.app_name_label','Site title','2023-01-02 21:22:44','2023-01-02 21:22:44'),(1737,1,'en','packages/installer/installer','environment.wizard.form.app_name_placeholder','Site title','2023-01-02 21:22:44','2023-01-02 21:22:44'),(1738,1,'en','packages/installer/installer','environment.wizard.form.app_url_label','URL','2023-01-02 21:22:44','2023-01-02 21:22:44'),(1739,1,'en','packages/installer/installer','environment.wizard.form.app_url_placeholder','URL','2023-01-02 21:22:44','2023-01-02 21:22:44'),(1740,1,'en','packages/installer/installer','environment.wizard.form.db_connection_label','Database Connection','2023-01-02 21:22:44','2023-01-02 21:22:44'),(1741,1,'en','packages/installer/installer','environment.wizard.form.db_connection_label_mysql','MySQL','2023-01-02 21:22:44','2023-01-02 21:22:44'),(1742,1,'en','packages/installer/installer','environment.wizard.form.db_connection_label_sqlite','SQLite','2023-01-02 21:22:44','2023-01-02 21:22:44'),(1743,1,'en','packages/installer/installer','environment.wizard.form.db_connection_label_pgsql','PostgreSQL','2023-01-02 21:22:44','2023-01-02 21:22:44'),(1744,1,'en','packages/installer/installer','environment.wizard.form.db_host_label','Database host','2023-01-02 21:22:44','2023-01-02 21:22:44'),(1745,1,'en','packages/installer/installer','environment.wizard.form.db_host_placeholder','Database host','2023-01-02 21:22:44','2023-01-02 21:22:44'),(1746,1,'en','packages/installer/installer','environment.wizard.form.db_port_label','Database port','2023-01-02 21:22:44','2023-01-02 21:22:44'),(1747,1,'en','packages/installer/installer','environment.wizard.form.db_port_placeholder','Database port','2023-01-02 21:22:44','2023-01-02 21:22:44'),(1748,1,'en','packages/installer/installer','environment.wizard.form.db_name_label','Database name','2023-01-02 21:22:44','2023-01-02 21:22:44'),(1749,1,'en','packages/installer/installer','environment.wizard.form.db_name_placeholder','Database name','2023-01-02 21:22:44','2023-01-02 21:22:44'),(1750,1,'en','packages/installer/installer','environment.wizard.form.db_username_label','Database username','2023-01-02 21:22:44','2023-01-02 21:22:44'),(1751,1,'en','packages/installer/installer','environment.wizard.form.db_username_placeholder','Database username','2023-01-02 21:22:44','2023-01-02 21:22:44'),(1752,1,'en','packages/installer/installer','environment.wizard.form.db_password_label','Database password','2023-01-02 21:22:44','2023-01-02 21:22:44'),(1753,1,'en','packages/installer/installer','environment.wizard.form.db_password_placeholder','Database password','2023-01-02 21:22:44','2023-01-02 21:22:44'),(1754,1,'en','packages/installer/installer','environment.wizard.form.buttons.install','Install','2023-01-02 21:22:44','2023-01-02 21:22:44'),(1755,1,'en','packages/installer/installer','environment.success','Your .env file settings have been saved.','2023-01-02 21:22:44','2023-01-02 21:22:44'),(1756,1,'en','packages/installer/installer','environment.errors','Unable to save the .env file, Please create it manually.','2023-01-02 21:22:44','2023-01-02 21:22:44'),(1757,1,'en','packages/installer/installer','install','Install','2023-01-02 21:22:44','2023-01-02 21:22:44'),(1758,1,'en','packages/installer/installer','final.title','Installation Finished','2023-01-02 21:22:44','2023-01-02 21:22:44'),(1759,1,'en','packages/installer/installer','final.templateTitle','Installation Finished','2023-01-02 21:22:44','2023-01-02 21:22:44'),(1760,1,'en','packages/installer/installer','final.finished','Application has been successfully installed.','2023-01-02 21:22:44','2023-01-02 21:22:44'),(1761,1,'en','packages/installer/installer','final.exit','Click here to exit','2023-01-02 21:22:44','2023-01-02 21:22:44'),(1762,1,'en','packages/installer/installer','create_account','Create account','2023-01-02 21:22:44','2023-01-02 21:22:44'),(1763,1,'en','packages/installer/installer','first_name','First name','2023-01-02 21:22:44','2023-01-02 21:22:44'),(1764,1,'en','packages/installer/installer','last_name','Last name','2023-01-02 21:22:44','2023-01-02 21:22:44'),(1765,1,'en','packages/installer/installer','username','Username','2023-01-02 21:22:44','2023-01-02 21:22:44'),(1766,1,'en','packages/installer/installer','email','Email','2023-01-02 21:22:44','2023-01-02 21:22:44'),(1767,1,'en','packages/installer/installer','password','Password','2023-01-02 21:22:44','2023-01-02 21:22:44'),(1768,1,'en','packages/installer/installer','password_confirmation','Password confirmation','2023-01-02 21:22:44','2023-01-02 21:22:44'),(1769,1,'en','packages/installer/installer','create','Create','2023-01-02 21:22:44','2023-01-02 21:22:44'),(1770,1,'en','packages/installer/installer','install_success','Installed successfully!','2023-01-02 21:22:44','2023-01-02 21:22:44'),(1771,1,'en','packages/menu/menu','name','Menus','2023-01-02 21:22:44','2023-01-02 21:22:44'),(1772,1,'en','packages/menu/menu','key_name','Menu name (key: :key)','2023-01-02 21:22:44','2023-01-02 21:22:44'),(1773,1,'en','packages/menu/menu','basic_info','Basic information','2023-01-02 21:22:44','2023-01-02 21:22:44'),(1774,1,'en','packages/menu/menu','add_to_menu','Add to menu','2023-01-02 21:22:44','2023-01-02 21:22:44'),(1775,1,'en','packages/menu/menu','custom_link','Custom link','2023-01-02 21:22:44','2023-01-02 21:22:44'),(1776,1,'en','packages/menu/menu','add_link','Add link','2023-01-02 21:22:44','2023-01-02 21:22:44'),(1777,1,'en','packages/menu/menu','structure','Menu structure','2023-01-02 21:22:44','2023-01-02 21:22:44'),(1778,1,'en','packages/menu/menu','remove','Remove','2023-01-02 21:22:44','2023-01-02 21:22:44'),(1779,1,'en','packages/menu/menu','cancel','Cancel','2023-01-02 21:22:44','2023-01-02 21:22:44'),(1780,1,'en','packages/menu/menu','title','Title','2023-01-02 21:22:44','2023-01-02 21:22:44'),(1781,1,'en','packages/menu/menu','icon','Icon','2023-01-02 21:22:44','2023-01-02 21:22:44'),(1782,1,'en','packages/menu/menu','url','URL','2023-01-02 21:22:44','2023-01-02 21:22:44'),(1783,1,'en','packages/menu/menu','target','Target','2023-01-02 21:22:44','2023-01-02 21:22:44'),(1784,1,'en','packages/menu/menu','css_class','CSS class','2023-01-02 21:22:44','2023-01-02 21:22:44'),(1785,1,'en','packages/menu/menu','self_open_link','Open link directly','2023-01-02 21:22:44','2023-01-02 21:22:44'),(1786,1,'en','packages/menu/menu','blank_open_link','Open link in new tab','2023-01-02 21:22:44','2023-01-02 21:22:44'),(1787,1,'en','packages/menu/menu','create','Create menu','2023-01-02 21:22:44','2023-01-02 21:22:44'),(1788,1,'en','packages/menu/menu','edit','Edit menu','2023-01-02 21:22:44','2023-01-02 21:22:44'),(1789,1,'en','packages/menu/menu','menu_settings','Menu settings','2023-01-02 21:22:44','2023-01-02 21:22:44'),(1790,1,'en','packages/menu/menu','display_location','Display location','2023-01-02 21:22:44','2023-01-02 21:22:44'),(1791,1,'en','packages/menu/menu','title_placeholder','Title','2023-01-02 21:22:44','2023-01-02 21:22:44'),(1792,1,'en','packages/menu/menu','icon_placeholder','Icon','2023-01-02 21:22:44','2023-01-02 21:22:44'),(1793,1,'en','packages/menu/menu','url_placeholder','URL','2023-01-02 21:22:44','2023-01-02 21:22:44'),(1794,1,'en','packages/menu/menu','css_class_placeholder','CSS class','2023-01-02 21:22:44','2023-01-02 21:22:44'),(1795,1,'en','packages/menu/menu','menu_id','Menu ID','2023-01-02 21:22:44','2023-01-02 21:22:44'),(1796,1,'vi','packages/menu/menu','name','Trình đơn','2023-01-02 21:22:44','2023-01-02 21:22:44'),(1797,1,'vi','packages/menu/menu','cancel','Hủy bỏ','2023-01-02 21:22:44','2023-01-02 21:22:44'),(1798,1,'vi','packages/menu/menu','add_link','Thêm liên kết','2023-01-02 21:22:44','2023-01-02 21:22:44'),(1799,1,'vi','packages/menu/menu','add_to_menu','Thêm vào trình đơn','2023-01-02 21:22:44','2023-01-02 21:22:44'),(1800,1,'vi','packages/menu/menu','basic_info','Thông tin cơ bản','2023-01-02 21:22:44','2023-01-02 21:22:44'),(1801,1,'vi','packages/menu/menu','blank_open_link','Mở liên kết trong tab mới','2023-01-02 21:22:44','2023-01-02 21:22:44'),(1802,1,'vi','packages/menu/menu','css_class','CSS class','2023-01-02 21:22:44','2023-01-02 21:22:44'),(1803,1,'vi','packages/menu/menu','custom_link','Liên kết tùy chọn','2023-01-02 21:22:44','2023-01-02 21:22:44'),(1804,1,'vi','packages/menu/menu','icon','Biểu tượng','2023-01-02 21:22:44','2023-01-02 21:22:44'),(1805,1,'vi','packages/menu/menu','key_name','Tên menu (key::key)','2023-01-02 21:22:44','2023-01-02 21:22:44'),(1806,1,'vi','packages/menu/menu','remove','Xóa','2023-01-02 21:22:44','2023-01-02 21:22:44'),(1807,1,'vi','packages/menu/menu','self_open_link','Mở liên kết trong tab hiện tại','2023-01-02 21:22:44','2023-01-02 21:22:44'),(1808,1,'vi','packages/menu/menu','structure','Cấu trúc trình đơn','2023-01-02 21:22:44','2023-01-02 21:22:44'),(1809,1,'vi','packages/menu/menu','target','Target','2023-01-02 21:22:44','2023-01-02 21:22:44'),(1810,1,'vi','packages/menu/menu','title','Tiêu đề','2023-01-02 21:22:44','2023-01-02 21:22:44'),(1811,1,'vi','packages/menu/menu','url','URL','2023-01-02 21:22:44','2023-01-02 21:22:44'),(1812,1,'vi','packages/menu/menu','create','Tạo trình đơn','2023-01-02 21:22:44','2023-01-02 21:22:44'),(1813,1,'vi','packages/menu/menu','edit','Sửa trình đơn','2023-01-02 21:22:44','2023-01-02 21:22:44'),(1814,1,'vi','packages/menu/menu','display_location','Vị trí hiển thị','2023-01-02 21:22:44','2023-01-02 21:22:44'),(1815,1,'vi','packages/menu/menu','menu_settings','Cấu hình menu','2023-01-02 21:22:44','2023-01-02 21:22:44'),(1816,1,'en','packages/optimize/optimize','settings.title','Optimize page speed','2023-01-02 21:22:44','2023-01-02 21:22:44'),(1817,1,'en','packages/optimize/optimize','settings.description','Minify HTML output, inline CSS, remove comments...','2023-01-02 21:22:44','2023-01-02 21:22:44'),(1818,1,'en','packages/optimize/optimize','settings.enable','Enable optimize page speed?','2023-01-02 21:22:44','2023-01-02 21:22:44'),(1819,1,'en','packages/optimize/optimize','collapse_white_space','Collapse white space','2023-01-02 21:22:44','2023-01-02 21:22:44'),(1820,1,'en','packages/optimize/optimize','collapse_white_space_description','This filter reduces bytes transmitted in an HTML file by removing unnecessary whitespace.','2023-01-02 21:22:44','2023-01-02 21:22:44'),(1821,1,'en','packages/optimize/optimize','elide_attributes','Elide attributes','2023-01-02 21:22:44','2023-01-02 21:22:44'),(1822,1,'en','packages/optimize/optimize','elide_attributes_description','This filter reduces the transfer size of HTML files by removing attributes from tags when the specified value is equal to the default value for that attribute. This can save a modest number of bytes, and may make the document more compressible by canonicalizing the affected tags.','2023-01-02 21:22:44','2023-01-02 21:22:44'),(1823,1,'en','packages/optimize/optimize','inline_css','Inline CSS','2023-01-02 21:22:44','2023-01-02 21:22:44'),(1824,1,'en','packages/optimize/optimize','inline_css_description','This filter transforms the inline \"style\" attribute of tags into classes by moving the CSS to the header.','2023-01-02 21:22:44','2023-01-02 21:22:44'),(1825,1,'en','packages/optimize/optimize','insert_dns_prefetch','Insert DNS prefetch','2023-01-02 21:22:44','2023-01-02 21:22:44'),(1826,1,'en','packages/optimize/optimize','insert_dns_prefetch_description','This filter injects tags in the HEAD to enable the browser to do DNS prefetching.','2023-01-02 21:22:44','2023-01-02 21:22:44'),(1827,1,'en','packages/optimize/optimize','remove_comments','Remove comments','2023-01-02 21:22:44','2023-01-02 21:22:44'),(1828,1,'en','packages/optimize/optimize','remove_comments_description','This filter eliminates HTML, JS and CSS comments. The filter reduces the transfer size of HTML files by removing the comments. Depending on the HTML file, this filter can significantly reduce the number of bytes transmitted on the network.','2023-01-02 21:22:44','2023-01-02 21:22:44'),(1829,1,'en','packages/optimize/optimize','trim_urls','Trim URLs','2023-01-02 21:22:44','2023-01-02 21:22:44'),(1830,1,'en','packages/optimize/optimize','trim_urls_description','This filter trims URLs by resolving them by making them relative to the base URL for the page.','2023-01-02 21:22:44','2023-01-02 21:22:44'),(1831,1,'en','packages/optimize/optimize','remove_quotes','Remove quotes','2023-01-02 21:22:44','2023-01-02 21:22:44'),(1832,1,'en','packages/optimize/optimize','remove_quotes_description','This filter eliminates unnecessary quotation marks from HTML attributes. While required by the various HTML specifications, browsers permit their omission when the value of an attribute is composed of a certain subset of characters (alphanumerics and some punctuation characters).','2023-01-02 21:22:44','2023-01-02 21:22:44'),(1833,1,'en','packages/optimize/optimize','defer_javascript','Defer javascript','2023-01-02 21:22:44','2023-01-02 21:22:44'),(1834,1,'en','packages/optimize/optimize','defer_javascript_description','Defers the execution of javascript in the HTML. If necessary cancel deferring in some script, use data-pagespeed-no-defer as script attribute to cancel deferring.','2023-01-02 21:22:44','2023-01-02 21:22:44'),(1835,1,'en','packages/page/pages','create','Create new page','2023-01-02 21:22:44','2023-01-02 21:22:44'),(1836,1,'en','packages/page/pages','edit','Edit page','2023-01-02 21:22:44','2023-01-02 21:22:44'),(1837,1,'en','packages/page/pages','form.name','Name','2023-01-02 21:22:44','2023-01-02 21:22:44'),(1838,1,'en','packages/page/pages','form.name_placeholder','Page\'s name (Maximum 120 characters)','2023-01-02 21:22:44','2023-01-02 21:22:44'),(1839,1,'en','packages/page/pages','form.content','Content','2023-01-02 21:22:44','2023-01-02 21:22:44'),(1840,1,'en','packages/page/pages','form.note','Note content','2023-01-02 21:22:44','2023-01-02 21:22:44'),(1841,1,'en','packages/page/pages','notices.no_select','Please select at least one record to take this action!','2023-01-02 21:22:44','2023-01-02 21:22:44'),(1842,1,'en','packages/page/pages','notices.update_success_message','Update successfully','2023-01-02 21:22:44','2023-01-02 21:22:44'),(1843,1,'en','packages/page/pages','cannot_delete','Page could not be deleted','2023-01-02 21:22:44','2023-01-02 21:22:44'),(1844,1,'en','packages/page/pages','deleted','Page deleted','2023-01-02 21:22:44','2023-01-02 21:22:44'),(1845,1,'en','packages/page/pages','pages','Pages','2023-01-02 21:22:44','2023-01-02 21:22:44'),(1846,1,'en','packages/page/pages','menu','Pages','2023-01-02 21:22:44','2023-01-02 21:22:44'),(1847,1,'en','packages/page/pages','menu_name','Pages','2023-01-02 21:22:44','2023-01-02 21:22:44'),(1848,1,'en','packages/page/pages','edit_this_page','Edit this page','2023-01-02 21:22:44','2023-01-02 21:22:44'),(1849,1,'en','packages/page/pages','total_pages','Total pages','2023-01-02 21:22:44','2023-01-02 21:22:44'),(1850,1,'en','packages/page/pages','settings.show_on_front','Your homepage displays','2023-01-02 21:22:44','2023-01-02 21:22:44'),(1851,1,'en','packages/page/pages','settings.select','— Select —','2023-01-02 21:22:44','2023-01-02 21:22:44'),(1852,1,'en','packages/page/pages','front_page','Front Page','2023-01-02 21:22:44','2023-01-02 21:22:44'),(1853,1,'vi','packages/page/pages','create','Thêm trang','2023-01-02 21:22:44','2023-01-02 21:22:44'),(1854,1,'vi','packages/page/pages','edit','Sửa trang','2023-01-02 21:22:44','2023-01-02 21:22:44'),(1855,1,'vi','packages/page/pages','form.name','Tiêu đề trang','2023-01-02 21:22:44','2023-01-02 21:22:44'),(1856,1,'vi','packages/page/pages','form.note','Nội dung ghi chú','2023-01-02 21:22:44','2023-01-02 21:22:44'),(1857,1,'vi','packages/page/pages','form.name_placeholder','Tên trang (tối đa 120 kí tự)','2023-01-02 21:22:44','2023-01-02 21:22:44'),(1858,1,'vi','packages/page/pages','form.content','Nội dung','2023-01-02 21:22:44','2023-01-02 21:22:44'),(1859,1,'vi','packages/page/pages','notices.no_select','Chọn ít nhất 1 trang để thực hiện hành động này!','2023-01-02 21:22:44','2023-01-02 21:22:44'),(1860,1,'vi','packages/page/pages','notices.update_success_message','Cập nhật thành công','2023-01-02 21:22:44','2023-01-02 21:22:44'),(1861,1,'vi','packages/page/pages','deleted','Xóa trang thành công','2023-01-02 21:22:44','2023-01-02 21:22:44'),(1862,1,'vi','packages/page/pages','cannot_delete','Không thể xóa trang','2023-01-02 21:22:44','2023-01-02 21:22:44'),(1863,1,'vi','packages/page/pages','menu','Trang','2023-01-02 21:22:44','2023-01-02 21:22:44'),(1864,1,'vi','packages/page/pages','menu_name','Trang','2023-01-02 21:22:44','2023-01-02 21:22:44'),(1865,1,'vi','packages/page/pages','edit_this_page','Sửa trang này','2023-01-02 21:22:44','2023-01-02 21:22:44'),(1866,1,'vi','packages/page/pages','pages','Trang','2023-01-02 21:22:44','2023-01-02 21:22:44'),(1867,1,'vi','packages/page/pages','front_page','Trang chủ','2023-01-02 21:22:44','2023-01-02 21:22:44'),(1868,1,'vi','packages/page/pages','settings.select','-- Lựa chọn --','2023-01-02 21:22:44','2023-01-02 21:22:44'),(1869,1,'vi','packages/page/pages','settings.show_on_front','Lựa chọn trang chủ','2023-01-02 21:22:44','2023-01-02 21:22:44'),(1870,1,'vi','packages/page/pages','total_pages','Tổng số trang','2023-01-02 21:22:45','2023-01-02 21:22:45'),(1871,1,'en','packages/plugin-management/plugin','enabled','Enabled','2023-01-02 21:22:45','2023-01-02 21:22:45'),(1872,1,'en','packages/plugin-management/plugin','deactivated','Deactivated','2023-01-02 21:22:45','2023-01-02 21:22:45'),(1873,1,'en','packages/plugin-management/plugin','activated','Activated','2023-01-02 21:22:45','2023-01-02 21:22:45'),(1874,1,'en','packages/plugin-management/plugin','activate','Activate','2023-01-02 21:22:45','2023-01-02 21:22:45'),(1875,1,'en','packages/plugin-management/plugin','deactivate','Deactivate','2023-01-02 21:22:45','2023-01-02 21:22:45'),(1876,1,'en','packages/plugin-management/plugin','author','By','2023-01-02 21:22:45','2023-01-02 21:22:45'),(1877,1,'en','packages/plugin-management/plugin','update_plugin_status_success','Update plugin successfully','2023-01-02 21:22:45','2023-01-02 21:22:45'),(1878,1,'en','packages/plugin-management/plugin','plugins','Plugins','2023-01-02 21:22:45','2023-01-02 21:22:45'),(1879,1,'en','packages/plugin-management/plugin','missing_required_plugins','Please activate plugin(s): :plugins before activate this plugin!','2023-01-02 21:22:45','2023-01-02 21:22:45'),(1880,1,'en','packages/plugin-management/plugin','remove','Remove','2023-01-02 21:22:45','2023-01-02 21:22:45'),(1881,1,'en','packages/plugin-management/plugin','remove_plugin_success','Remove plugin successfully!','2023-01-02 21:22:45','2023-01-02 21:22:45'),(1882,1,'en','packages/plugin-management/plugin','remove_plugin','Remove plugin','2023-01-02 21:22:45','2023-01-02 21:22:45'),(1883,1,'en','packages/plugin-management/plugin','remove_plugin_confirm_message','Do you really want to remove this plugin?','2023-01-02 21:22:45','2023-01-02 21:22:45'),(1884,1,'en','packages/plugin-management/plugin','remove_plugin_confirm_yes','Yes, remove it!','2023-01-02 21:22:45','2023-01-02 21:22:45'),(1885,1,'en','packages/plugin-management/plugin','total_plugins','Total plugins','2023-01-02 21:22:45','2023-01-02 21:22:45'),(1886,1,'en','packages/plugin-management/plugin','invalid_plugin','This plugin is not a valid plugin, please check it again!','2023-01-02 21:22:45','2023-01-02 21:22:45'),(1887,1,'en','packages/plugin-management/plugin','version','Version','2023-01-02 21:22:45','2023-01-02 21:22:45'),(1888,1,'en','packages/plugin-management/plugin','invalid_json','Invalid plugin.json!','2023-01-02 21:22:45','2023-01-02 21:22:45'),(1889,1,'en','packages/plugin-management/plugin','activate_success','Activate plugin successfully!','2023-01-02 21:22:45','2023-01-02 21:22:45'),(1890,1,'en','packages/plugin-management/plugin','activated_already','This plugin is activated already!','2023-01-02 21:22:45','2023-01-02 21:22:45'),(1891,1,'en','packages/plugin-management/plugin','plugin_not_exist','This plugin is not exists.','2023-01-02 21:22:45','2023-01-02 21:22:45'),(1892,1,'en','packages/plugin-management/plugin','missing_json_file','Missing file plugin.json!','2023-01-02 21:22:45','2023-01-02 21:22:45'),(1893,1,'en','packages/plugin-management/plugin','plugin_invalid','Plugin is valid!','2023-01-02 21:22:45','2023-01-02 21:22:45'),(1894,1,'en','packages/plugin-management/plugin','published_assets_success','Publish assets for plugin :name successfully!','2023-01-02 21:22:45','2023-01-02 21:22:45'),(1895,1,'en','packages/plugin-management/plugin','plugin_removed','Plugin has been removed!','2023-01-02 21:22:45','2023-01-02 21:22:45'),(1896,1,'en','packages/plugin-management/plugin','deactivated_success','Deactivate plugin successfully!','2023-01-02 21:22:45','2023-01-02 21:22:45'),(1897,1,'en','packages/plugin-management/plugin','deactivated_already','This plugin is deactivated already!','2023-01-02 21:22:45','2023-01-02 21:22:45'),(1898,1,'en','packages/plugin-management/plugin','folder_is_not_writeable','Cannot write files! Folder :name is not writable. Please chmod to make it writable!','2023-01-02 21:22:45','2023-01-02 21:22:45'),(1899,1,'en','packages/plugin-management/plugin','plugin_is_not_ready','Plugin :name is not ready to use','2023-01-02 21:22:45','2023-01-02 21:22:45'),(1900,1,'vi','packages/plugin-management/plugin','activate','Kích hoạt','2023-01-02 21:22:45','2023-01-02 21:22:45'),(1901,1,'vi','packages/plugin-management/plugin','author','Tác giả','2023-01-02 21:22:45','2023-01-02 21:22:45'),(1902,1,'vi','packages/plugin-management/plugin','version','Phiên bản','2023-01-02 21:22:45','2023-01-02 21:22:45'),(1903,1,'vi','packages/plugin-management/plugin','activated','Đã kích hoạt','2023-01-02 21:22:45','2023-01-02 21:22:45'),(1904,1,'vi','packages/plugin-management/plugin','deactivate','Hủy kích hoạt','2023-01-02 21:22:45','2023-01-02 21:22:45'),(1905,1,'vi','packages/plugin-management/plugin','deactivated','Đã vô hiệu','2023-01-02 21:22:45','2023-01-02 21:22:45'),(1906,1,'vi','packages/plugin-management/plugin','enabled','Kích hoạt','2023-01-02 21:22:45','2023-01-02 21:22:45'),(1907,1,'vi','packages/plugin-management/plugin','invalid_plugin','Gói mở rộng không hợp lệ','2023-01-02 21:22:45','2023-01-02 21:22:45'),(1908,1,'vi','packages/plugin-management/plugin','update_plugin_status_success','Cập nhật trạng thái gói mở rộng thành công','2023-01-02 21:22:45','2023-01-02 21:22:45'),(1909,1,'vi','packages/plugin-management/plugin','missing_required_plugins','Vui lòng kích hoạt các gói mở rộng :plugins trước khi kích hoạt gói này','2023-01-02 21:22:45','2023-01-02 21:22:45'),(1910,1,'vi','packages/plugin-management/plugin','plugins','Gói mở rộng','2023-01-02 21:22:45','2023-01-02 21:22:45'),(1911,1,'vi','packages/plugin-management/plugin','remove','Xoá','2023-01-02 21:22:45','2023-01-02 21:22:45'),(1912,1,'vi','packages/plugin-management/plugin','remove_plugin_success','Xoá thành công!','2023-01-02 21:22:45','2023-01-02 21:22:45'),(1913,1,'vi','packages/plugin-management/plugin','remove_plugin','Xoá gói mở rộng','2023-01-02 21:22:45','2023-01-02 21:22:45'),(1914,1,'vi','packages/plugin-management/plugin','remove_plugin_confirm_message','Bạn có chắc chắn muốn xoá plugin này?','2023-01-02 21:22:45','2023-01-02 21:22:45'),(1915,1,'vi','packages/plugin-management/plugin','remove_plugin_confirm_yes','Có, xoá!','2023-01-02 21:22:45','2023-01-02 21:22:45'),(1916,1,'vi','packages/plugin-management/plugin','total_plugins','Tất cả plugins','2023-01-02 21:22:45','2023-01-02 21:22:45'),(1917,1,'vi','packages/plugin-management/plugin','activate_success','Kích hoạt thành công!','2023-01-02 21:22:45','2023-01-02 21:22:45'),(1918,1,'vi','packages/plugin-management/plugin','activated_already','Gói mở rộng này đã được kích hoạt rồi!','2023-01-02 21:22:45','2023-01-02 21:22:45'),(1919,1,'vi','packages/plugin-management/plugin','deactivated_already','Gói mở rộng này đã được hủy kích hoạt rồi!','2023-01-02 21:22:45','2023-01-02 21:22:45'),(1920,1,'vi','packages/plugin-management/plugin','deactivated_success','Hủy kích hoạt thành công!','2023-01-02 21:22:45','2023-01-02 21:22:45'),(1921,1,'vi','packages/plugin-management/plugin','invalid_json','Sai cấu hình plugin.json!','2023-01-02 21:22:45','2023-01-02 21:22:45'),(1922,1,'vi','packages/plugin-management/plugin','missing_json_file','Thiếu tập tin cấu hình plugin.json!','2023-01-02 21:22:45','2023-01-02 21:22:45'),(1923,1,'vi','packages/plugin-management/plugin','plugin_invalid','Gói mở rộng không hợp lệ!','2023-01-02 21:22:45','2023-01-02 21:22:45'),(1924,1,'vi','packages/plugin-management/plugin','plugin_not_exist','Gói mở rộng không tồn tại','2023-01-02 21:22:45','2023-01-02 21:22:45'),(1925,1,'vi','packages/plugin-management/plugin','plugin_removed','Gói mở rộng đã bị xóa!','2023-01-02 21:22:45','2023-01-02 21:22:45'),(1926,1,'vi','packages/plugin-management/plugin','published_assets_success','Xuất bản assets cho gói mở rộng thành công!','2023-01-02 21:22:45','2023-01-02 21:22:45'),(1927,1,'en','packages/seo-helper/seo-helper','meta_box_header','Search Engine Optimize','2023-01-02 21:22:45','2023-01-02 21:22:45'),(1928,1,'en','packages/seo-helper/seo-helper','edit_seo_meta','Edit SEO meta','2023-01-02 21:22:45','2023-01-02 21:22:45'),(1929,1,'en','packages/seo-helper/seo-helper','default_description','Setup meta title & description to make your site easy to discovered on search engines such as Google','2023-01-02 21:22:45','2023-01-02 21:22:45'),(1930,1,'en','packages/seo-helper/seo-helper','seo_title','SEO Title','2023-01-02 21:22:45','2023-01-02 21:22:45'),(1931,1,'en','packages/seo-helper/seo-helper','seo_description','SEO description','2023-01-02 21:22:45','2023-01-02 21:22:45'),(1932,1,'vi','packages/seo-helper/seo-helper','meta_box_header','Tối ưu hoá bộ máy tìm kiếm (SEO)','2023-01-02 21:22:45','2023-01-02 21:22:45'),(1933,1,'vi','packages/seo-helper/seo-helper','edit_seo_meta','Chỉnh sửa SEO','2023-01-02 21:22:45','2023-01-02 21:22:45'),(1934,1,'vi','packages/seo-helper/seo-helper','default_description','Thiết lập các thẻ mô tả giúp người dùng dễ dàng tìm thấy trên công cụ tìm kiếm như Google.','2023-01-02 21:22:45','2023-01-02 21:22:45'),(1935,1,'vi','packages/seo-helper/seo-helper','seo_title','Tiêu đề trang','2023-01-02 21:22:45','2023-01-02 21:22:45'),(1936,1,'vi','packages/seo-helper/seo-helper','seo_description','Mô tả trang','2023-01-02 21:22:45','2023-01-02 21:22:45'),(1937,1,'en','packages/slug/slug','permalink_settings','Permalink','2023-01-02 21:22:45','2023-01-02 21:22:45'),(1938,1,'en','packages/slug/slug','settings.title','Permalink settings','2023-01-02 21:22:45','2023-01-02 21:22:45'),(1939,1,'en','packages/slug/slug','settings.description','Manage permalink for all modules.','2023-01-02 21:22:45','2023-01-02 21:22:45'),(1940,1,'en','packages/slug/slug','settings.preview','Preview','2023-01-02 21:22:45','2023-01-02 21:22:45'),(1941,1,'en','packages/slug/slug','settings.turn_off_automatic_url_translation_into_latin','Turn off automatic URL translation into Latin?','2023-01-02 21:22:45','2023-01-02 21:22:45'),(1942,1,'en','packages/slug/slug','preview','Preview','2023-01-02 21:22:45','2023-01-02 21:22:45'),(1943,1,'en','packages/slug/slug','prefix_for','Prefix for :name','2023-01-02 21:22:45','2023-01-02 21:22:45'),(1944,1,'vi','packages/slug/slug','permalink_settings','Liên kết cố định','2023-01-02 21:22:45','2023-01-02 21:22:45'),(1945,1,'vi','packages/slug/slug','preview','Xem trước','2023-01-02 21:22:45','2023-01-02 21:22:45'),(1946,1,'vi','packages/slug/slug','settings.description','Quản lý liên kết cố định cho các module.','2023-01-02 21:22:45','2023-01-02 21:22:45'),(1947,1,'vi','packages/slug/slug','settings.preview','Xem trước','2023-01-02 21:22:45','2023-01-02 21:22:45'),(1948,1,'vi','packages/slug/slug','settings.title','Cài đặt liên kết cố định','2023-01-02 21:22:45','2023-01-02 21:22:45'),(1949,1,'en','packages/theme/theme','name','Themes','2023-01-02 21:22:45','2023-01-02 21:22:45'),(1950,1,'en','packages/theme/theme','theme','Theme','2023-01-02 21:22:45','2023-01-02 21:22:45'),(1951,1,'en','packages/theme/theme','author','Author','2023-01-02 21:22:45','2023-01-02 21:22:45'),(1952,1,'en','packages/theme/theme','version','Version','2023-01-02 21:22:45','2023-01-02 21:22:45'),(1953,1,'en','packages/theme/theme','description','Description','2023-01-02 21:22:45','2023-01-02 21:22:45'),(1954,1,'en','packages/theme/theme','active_success','Activate theme :name successfully!','2023-01-02 21:22:45','2023-01-02 21:22:45'),(1955,1,'en','packages/theme/theme','active','Active','2023-01-02 21:22:45','2023-01-02 21:22:45'),(1956,1,'en','packages/theme/theme','activated','Activated','2023-01-02 21:22:45','2023-01-02 21:22:45'),(1957,1,'en','packages/theme/theme','appearance','Appearance','2023-01-02 21:22:45','2023-01-02 21:22:45'),(1958,1,'en','packages/theme/theme','theme_options','Theme options','2023-01-02 21:22:45','2023-01-02 21:22:45'),(1959,1,'en','packages/theme/theme','save_changes','Save Changes','2023-01-02 21:22:45','2023-01-02 21:22:45'),(1960,1,'en','packages/theme/theme','developer_mode','Developer Mode Enabled','2023-01-02 21:22:45','2023-01-02 21:22:45'),(1961,1,'en','packages/theme/theme','custom_css','Custom CSS','2023-01-02 21:22:45','2023-01-02 21:22:45'),(1962,1,'en','packages/theme/theme','custom_js','Custom JS','2023-01-02 21:22:45','2023-01-02 21:22:45'),(1963,1,'en','packages/theme/theme','custom_header_js','Header JS','2023-01-02 21:22:45','2023-01-02 21:22:45'),(1964,1,'en','packages/theme/theme','custom_header_js_placeholder','JS in header of page, wrap it inside &#x3C;script&#x3E;&#x3C;/script&#x3E;','2023-01-02 21:22:45','2023-01-02 21:22:45'),(1965,1,'en','packages/theme/theme','custom_body_js','Body JS','2023-01-02 21:22:45','2023-01-02 21:22:45'),(1966,1,'en','packages/theme/theme','custom_body_js_placeholder','JS in body of page, wrap it inside &#x3C;script&#x3E;&#x3C;/script&#x3E;','2023-01-02 21:22:45','2023-01-02 21:22:45'),(1967,1,'en','packages/theme/theme','custom_footer_js','Footer JS','2023-01-02 21:22:45','2023-01-02 21:22:45'),(1968,1,'en','packages/theme/theme','custom_footer_js_placeholder','JS in footer of page, wrap it inside &#x3C;script&#x3E;&#x3C;/script&#x3E;','2023-01-02 21:22:45','2023-01-02 21:22:45'),(1969,1,'en','packages/theme/theme','custom_html','Custom HTML','2023-01-02 21:22:45','2023-01-02 21:22:45'),(1970,1,'en','packages/theme/theme','custom_header_html','Header HTML','2023-01-02 21:22:45','2023-01-02 21:22:45'),(1971,1,'en','packages/theme/theme','custom_header_html_placeholder','HTML in header of page, no special tags: script, style, iframe...','2023-01-02 21:22:45','2023-01-02 21:22:45'),(1972,1,'en','packages/theme/theme','custom_body_html','Body HTML','2023-01-02 21:22:45','2023-01-02 21:22:45'),(1973,1,'en','packages/theme/theme','custom_body_html_placeholder','HTML in body of page, no special tags: script, style, iframe...','2023-01-02 21:22:45','2023-01-02 21:22:45'),(1974,1,'en','packages/theme/theme','custom_footer_html','Footer HTML','2023-01-02 21:22:45','2023-01-02 21:22:45'),(1975,1,'en','packages/theme/theme','custom_footer_html_placeholder','HTML in footer of page, no special tags: script, style, iframe...','2023-01-02 21:22:45','2023-01-02 21:22:45'),(1976,1,'en','packages/theme/theme','remove_theme_success','Remove theme successfully!','2023-01-02 21:22:45','2023-01-02 21:22:45'),(1977,1,'en','packages/theme/theme','theme_is_not_existed','This theme is not existed!','2023-01-02 21:22:45','2023-01-02 21:22:45'),(1978,1,'en','packages/theme/theme','remove','Remove','2023-01-02 21:22:45','2023-01-02 21:22:45'),(1979,1,'en','packages/theme/theme','remove_theme','Remove theme','2023-01-02 21:22:45','2023-01-02 21:22:45'),(1980,1,'en','packages/theme/theme','remove_theme_confirm_message','Do you really want to remove this theme?','2023-01-02 21:22:45','2023-01-02 21:22:45'),(1981,1,'en','packages/theme/theme','remove_theme_confirm_yes','Yes, remove it!','2023-01-02 21:22:45','2023-01-02 21:22:45'),(1982,1,'en','packages/theme/theme','total_themes','Total themes','2023-01-02 21:22:45','2023-01-02 21:22:45'),(1983,1,'en','packages/theme/theme','show_admin_bar','Show admin bar (When admin logged in, still show admin bar in website)?','2023-01-02 21:22:45','2023-01-02 21:22:45'),(1984,1,'en','packages/theme/theme','settings.title','Theme','2023-01-02 21:22:45','2023-01-02 21:22:45'),(1985,1,'en','packages/theme/theme','settings.description','Setting for theme','2023-01-02 21:22:45','2023-01-02 21:22:45'),(1986,1,'en','packages/theme/theme','settings.redirect_404_to_homepage','Redirect all not found requests to homepage?','2023-01-02 21:22:45','2023-01-02 21:22:45'),(1987,1,'en','packages/theme/theme','add_new','Add new','2023-01-02 21:22:45','2023-01-02 21:22:45'),(1988,1,'en','packages/theme/theme','theme_activated_already','Theme \":name\" is activated already!','2023-01-02 21:22:45','2023-01-02 21:22:45'),(1989,1,'en','packages/theme/theme','missing_json_file','Missing file theme.json!','2023-01-02 21:22:45','2023-01-02 21:22:45'),(1990,1,'en','packages/theme/theme','theme_invalid','Theme is valid!','2023-01-02 21:22:45','2023-01-02 21:22:45'),(1991,1,'en','packages/theme/theme','published_assets_success','Publish assets for :themes successfully!','2023-01-02 21:22:45','2023-01-02 21:22:45'),(1992,1,'en','packages/theme/theme','cannot_remove_theme','Cannot remove activated theme, please activate another theme before removing \":name\"!','2023-01-02 21:22:45','2023-01-02 21:22:45'),(1993,1,'en','packages/theme/theme','theme_deleted','Theme \":name\" has been destroyed.','2023-01-02 21:22:45','2023-01-02 21:22:45'),(1994,1,'en','packages/theme/theme','removed_assets','Remove assets of a theme :name successfully!','2023-01-02 21:22:45','2023-01-02 21:22:45'),(1995,1,'en','packages/theme/theme','update_custom_css_success','Update custom CSS successfully!','2023-01-02 21:22:45','2023-01-02 21:22:45'),(1996,1,'en','packages/theme/theme','update_custom_js_success','Update custom JS successfully!','2023-01-02 21:22:45','2023-01-02 21:22:45'),(1997,1,'en','packages/theme/theme','update_custom_html_success','Update custom HTML successfully!','2023-01-02 21:22:45','2023-01-02 21:22:45'),(1998,1,'en','packages/theme/theme','go_to_dashboard','Go to dashboard','2023-01-02 21:22:45','2023-01-02 21:22:45'),(1999,1,'en','packages/theme/theme','custom_css_placeholder','Using Ctrl + Space to autocomplete.','2023-01-02 21:22:45','2023-01-02 21:22:45'),(2000,1,'en','packages/theme/theme','theme_option_general','General','2023-01-02 21:22:45','2023-01-02 21:22:45'),(2001,1,'en','packages/theme/theme','theme_option_general_description','General settings','2023-01-02 21:22:45','2023-01-02 21:22:45'),(2002,1,'en','packages/theme/theme','theme_option_seo_open_graph_image','SEO default Open Graph image','2023-01-02 21:22:45','2023-01-02 21:22:45'),(2003,1,'en','packages/theme/theme','theme_option_logo','Logo','2023-01-02 21:22:45','2023-01-02 21:22:45'),(2004,1,'en','packages/theme/theme','theme_option_favicon','Favicon','2023-01-02 21:22:45','2023-01-02 21:22:45'),(2005,1,'en','packages/theme/theme','folder_is_not_writeable','Cannot write files! Folder :name is not writable. Please chmod to make it writable!','2023-01-02 21:22:45','2023-01-02 21:22:45'),(2006,1,'vi','packages/theme/theme','name','Giao diện','2023-01-02 21:22:45','2023-01-02 21:22:45'),(2007,1,'vi','packages/theme/theme','activated','Đã kích hoạt','2023-01-02 21:22:45','2023-01-02 21:22:45'),(2008,1,'vi','packages/theme/theme','active','Kích hoạt','2023-01-02 21:22:45','2023-01-02 21:22:45'),(2009,1,'vi','packages/theme/theme','active_success','Kích hoạt giao diện thành công!','2023-01-02 21:22:45','2023-01-02 21:22:45'),(2010,1,'vi','packages/theme/theme','author','Tác giả','2023-01-02 21:22:45','2023-01-02 21:22:45'),(2011,1,'vi','packages/theme/theme','description','Mô tả','2023-01-02 21:22:45','2023-01-02 21:22:45'),(2012,1,'vi','packages/theme/theme','appearance','Hiển thị','2023-01-02 21:22:45','2023-01-02 21:22:45'),(2013,1,'vi','packages/theme/theme','theme','Giao diện','2023-01-02 21:22:45','2023-01-02 21:22:45'),(2014,1,'vi','packages/theme/theme','theme_options','Tuỳ chọn giao diện','2023-01-02 21:22:45','2023-01-02 21:22:45'),(2015,1,'vi','packages/theme/theme','version','Phiên bản','2023-01-02 21:22:45','2023-01-02 21:22:45'),(2016,1,'vi','packages/theme/theme','save_changes','Lưu thay đổi','2023-01-02 21:22:45','2023-01-02 21:22:45'),(2017,1,'vi','packages/theme/theme','developer_mode','Đang kích hoạt chế độ thử nghiệm','2023-01-02 21:22:45','2023-01-02 21:22:45'),(2018,1,'vi','packages/theme/theme','custom_css','Tuỳ chỉnh CSS','2023-01-02 21:22:45','2023-01-02 21:22:45'),(2019,1,'vi','packages/theme/theme','remove','Xóa','2023-01-02 21:22:45','2023-01-02 21:22:45'),(2020,1,'vi','packages/theme/theme','remove_theme','Xóa giao diện','2023-01-02 21:22:45','2023-01-02 21:22:45'),(2021,1,'vi','packages/theme/theme','remove_theme_confirm_message','Bạn có chắc chắn muốn xóa giao diện này?','2023-01-02 21:22:45','2023-01-02 21:22:45'),(2022,1,'vi','packages/theme/theme','remove_theme_confirm_yes','Vâng, xác nhận xóa!','2023-01-02 21:22:45','2023-01-02 21:22:45'),(2023,1,'vi','packages/theme/theme','remove_theme_success','Xóa giao diện thành công!','2023-01-02 21:22:45','2023-01-02 21:22:45'),(2024,1,'vi','packages/theme/theme','settings.description','Cài đặt giao diện','2023-01-02 21:22:45','2023-01-02 21:22:45'),(2025,1,'vi','packages/theme/theme','settings.title','Giao diện','2023-01-02 21:22:45','2023-01-02 21:22:45'),(2026,1,'vi','packages/theme/theme','show_admin_bar','Hiển thị admin bar (khi admin đã đăng nhập, vẫn hiển thị admin bar trên website)?','2023-01-02 21:22:45','2023-01-02 21:22:45'),(2027,1,'vi','packages/theme/theme','total_themes','Tổng số giao diện','2023-01-02 21:22:45','2023-01-02 21:22:45'),(2028,1,'vi','packages/theme/theme','add_new','Thêm mới','2023-01-02 21:22:45','2023-01-02 21:22:45'),(2029,1,'en','packages/widget/global','name','Widgets','2023-01-02 21:22:45','2023-01-02 21:22:45'),(2030,1,'en','packages/widget/global','create','New widget','2023-01-02 21:22:45','2023-01-02 21:22:45'),(2031,1,'en','packages/widget/global','edit','Edit widget','2023-01-02 21:22:45','2023-01-02 21:22:45'),(2032,1,'en','packages/widget/global','delete','Delete','2023-01-02 21:22:45','2023-01-02 21:22:45'),(2033,1,'en','packages/widget/global','available','Available Widgets','2023-01-02 21:22:45','2023-01-02 21:22:45'),(2034,1,'en','packages/widget/global','instruction','To activate a widget drag it to a sidebar or click on it. To deactivate a widget and delete its settings, drag it back.','2023-01-02 21:22:45','2023-01-02 21:22:45'),(2035,1,'en','packages/widget/global','number_tag_display','Number tags will be display','2023-01-02 21:22:45','2023-01-02 21:22:45'),(2036,1,'en','packages/widget/global','number_post_display','Number posts will be display','2023-01-02 21:22:45','2023-01-02 21:22:45'),(2037,1,'en','packages/widget/global','select_menu','Select Menu','2023-01-02 21:22:45','2023-01-02 21:22:45'),(2038,1,'en','packages/widget/global','widget_text','Text','2023-01-02 21:22:45','2023-01-02 21:22:45'),(2039,1,'en','packages/widget/global','widget_text_description','Arbitrary text or HTML.','2023-01-02 21:22:45','2023-01-02 21:22:45'),(2040,1,'en','packages/widget/global','widget_recent_post','Recent Posts','2023-01-02 21:22:45','2023-01-02 21:22:45'),(2041,1,'en','packages/widget/global','widget_recent_post_description','Recent posts widget.','2023-01-02 21:22:45','2023-01-02 21:22:45'),(2042,1,'en','packages/widget/global','widget_custom_menu','Custom Menu','2023-01-02 21:22:45','2023-01-02 21:22:45'),(2043,1,'en','packages/widget/global','widget_custom_menu_description','Add a custom menu to your widget area.','2023-01-02 21:22:45','2023-01-02 21:22:45'),(2044,1,'en','packages/widget/global','widget_tag','Tags','2023-01-02 21:22:45','2023-01-02 21:22:45'),(2045,1,'en','packages/widget/global','widget_tag_description','Popular tags','2023-01-02 21:22:45','2023-01-02 21:22:45'),(2046,1,'en','packages/widget/global','save_success','Save widget successfully!','2023-01-02 21:22:45','2023-01-02 21:22:45'),(2047,1,'en','packages/widget/global','delete_success','Delete widget successfully!','2023-01-02 21:22:45','2023-01-02 21:22:45'),(2048,1,'en','packages/widget/widget','name','Widgets','2023-01-02 21:22:45','2023-01-02 21:22:45'),(2049,1,'en','packages/widget/widget','create','New widget','2023-01-02 21:22:46','2023-01-02 21:22:46'),(2050,1,'en','packages/widget/widget','edit','Edit widget','2023-01-02 21:22:46','2023-01-02 21:22:46'),(2051,1,'en','packages/widget/widget','delete','Delete','2023-01-02 21:22:46','2023-01-02 21:22:46'),(2052,1,'en','packages/widget/widget','available','Available Widgets','2023-01-02 21:22:46','2023-01-02 21:22:46'),(2053,1,'en','packages/widget/widget','instruction','To activate a widget drag it to a sidebar or click on it. To deactivate a widget and delete its settings, drag it back.','2023-01-02 21:22:46','2023-01-02 21:22:46'),(2054,1,'en','packages/widget/widget','number_tag_display','Number tags will be display','2023-01-02 21:22:46','2023-01-02 21:22:46'),(2055,1,'en','packages/widget/widget','number_post_display','Number posts will be display','2023-01-02 21:22:46','2023-01-02 21:22:46'),(2056,1,'en','packages/widget/widget','select_menu','Select Menu','2023-01-02 21:22:46','2023-01-02 21:22:46'),(2057,1,'en','packages/widget/widget','widget_text','Text','2023-01-02 21:22:46','2023-01-02 21:22:46'),(2058,1,'en','packages/widget/widget','widget_text_description','Arbitrary text or HTML.','2023-01-02 21:22:46','2023-01-02 21:22:46'),(2059,1,'en','packages/widget/widget','widget_recent_post','Recent Posts','2023-01-02 21:22:46','2023-01-02 21:22:46'),(2060,1,'en','packages/widget/widget','widget_recent_post_description','Recent posts widget.','2023-01-02 21:22:46','2023-01-02 21:22:46'),(2061,1,'en','packages/widget/widget','widget_custom_menu','Custom Menu','2023-01-02 21:22:46','2023-01-02 21:22:46'),(2062,1,'en','packages/widget/widget','widget_custom_menu_description','Add a custom menu to your widget area.','2023-01-02 21:22:46','2023-01-02 21:22:46'),(2063,1,'en','packages/widget/widget','widget_tag','Tags','2023-01-02 21:22:46','2023-01-02 21:22:46'),(2064,1,'en','packages/widget/widget','widget_tag_description','Popular tags','2023-01-02 21:22:46','2023-01-02 21:22:46'),(2065,1,'en','packages/widget/widget','save_success','Save widget successfully!','2023-01-02 21:22:46','2023-01-02 21:22:46'),(2066,1,'en','packages/widget/widget','delete_success','Delete widget successfully!','2023-01-02 21:22:46','2023-01-02 21:22:46'),(2067,1,'en','packages/widget/widget','primary_sidebar_name','Primary sidebar','2023-01-02 21:22:46','2023-01-02 21:22:46'),(2068,1,'en','packages/widget/widget','primary_sidebar_description','Primary sidebar section','2023-01-02 21:22:46','2023-01-02 21:22:46'),(2069,1,'vi','packages/widget/global','name','Widgets','2023-01-02 21:22:46','2023-01-02 21:22:46'),(2070,1,'vi','packages/widget/global','create','New widget','2023-01-02 21:22:46','2023-01-02 21:22:46'),(2071,1,'vi','packages/widget/global','edit','Edit widget','2023-01-02 21:22:46','2023-01-02 21:22:46'),(2072,1,'vi','packages/widget/global','available','Tiện ích có sẵn','2023-01-02 21:22:46','2023-01-02 21:22:46'),(2073,1,'vi','packages/widget/global','delete','Xóa','2023-01-02 21:22:46','2023-01-02 21:22:46'),(2074,1,'vi','packages/widget/global','instruction','Để kích hoạt tiện ích, hãy kéo nó vào sidebar hoặc nhấn vào nó. Để hủy kích hoạt tiện ích và xóa các thiết lập của tiện ích, kéo nó quay trở lại.','2023-01-02 21:22:46','2023-01-02 21:22:46'),(2075,1,'vi','packages/widget/global','number_post_display','Số bài viết sẽ hiển thị','2023-01-02 21:22:46','2023-01-02 21:22:46'),(2076,1,'vi','packages/widget/global','number_tag_display','Số thẻ sẽ hiển thị','2023-01-02 21:22:46','2023-01-02 21:22:46'),(2077,1,'vi','packages/widget/global','select_menu','Lựa chọn trình đơn','2023-01-02 21:22:46','2023-01-02 21:22:46'),(2078,1,'vi','packages/widget/global','widget_custom_menu','Menu tùy chỉnh','2023-01-02 21:22:46','2023-01-02 21:22:46'),(2079,1,'vi','packages/widget/global','widget_custom_menu_description','Thêm menu tùy chỉnh vào khu vực tiện ích của bạn','2023-01-02 21:22:46','2023-01-02 21:22:46'),(2080,1,'vi','packages/widget/global','widget_recent_post','Bài viết gần đây','2023-01-02 21:22:46','2023-01-02 21:22:46'),(2081,1,'vi','packages/widget/global','widget_recent_post_description','Tiện ích bài viết gần đây','2023-01-02 21:22:46','2023-01-02 21:22:46'),(2082,1,'vi','packages/widget/global','widget_tag','Thẻ','2023-01-02 21:22:46','2023-01-02 21:22:46'),(2083,1,'vi','packages/widget/global','widget_tag_description','Thẻ phổ biến, sử dụng nhiều','2023-01-02 21:22:46','2023-01-02 21:22:46'),(2084,1,'vi','packages/widget/global','widget_text','Văn bản','2023-01-02 21:22:46','2023-01-02 21:22:46'),(2085,1,'vi','packages/widget/global','widget_text_description','Văn bản tùy ý hoặc HTML.','2023-01-02 21:22:46','2023-01-02 21:22:46'),(2086,1,'vi','packages/widget/global','delete_success','Xoá tiện ích thành công','2023-01-02 21:22:46','2023-01-02 21:22:46'),(2087,1,'vi','packages/widget/global','save_success','Lưu tiện ích thành công!','2023-01-02 21:22:46','2023-01-02 21:22:46'),(2088,1,'vi','packages/widget/widget','name','Widgets','2023-01-02 21:22:46','2023-01-02 21:22:46'),(2089,1,'vi','packages/widget/widget','create','New widget','2023-01-02 21:22:46','2023-01-02 21:22:46'),(2090,1,'vi','packages/widget/widget','edit','Edit widget','2023-01-02 21:22:46','2023-01-02 21:22:46'),(2091,1,'vi','packages/widget/widget','available','Tiện ích có sẵn','2023-01-02 21:22:46','2023-01-02 21:22:46'),(2092,1,'vi','packages/widget/widget','delete','Xóa','2023-01-02 21:22:46','2023-01-02 21:22:46'),(2093,1,'vi','packages/widget/widget','instruction','Để kích hoạt tiện ích, hãy kéo nó vào sidebar hoặc nhấn vào nó. Để hủy kích hoạt tiện ích và xóa các thiết lập của tiện ích, kéo nó quay trở lại.','2023-01-02 21:22:46','2023-01-02 21:22:46'),(2094,1,'vi','packages/widget/widget','number_post_display','Số bài viết sẽ hiển thị','2023-01-02 21:22:46','2023-01-02 21:22:46'),(2095,1,'vi','packages/widget/widget','number_tag_display','Số thẻ sẽ hiển thị','2023-01-02 21:22:46','2023-01-02 21:22:46'),(2096,1,'vi','packages/widget/widget','select_menu','Lựa chọn trình đơn','2023-01-02 21:22:46','2023-01-02 21:22:46'),(2097,1,'vi','packages/widget/widget','widget_custom_menu','Menu tùy chỉnh','2023-01-02 21:22:46','2023-01-02 21:22:46'),(2098,1,'vi','packages/widget/widget','widget_custom_menu_description','Thêm menu tùy chỉnh vào khu vực tiện ích của bạn','2023-01-02 21:22:46','2023-01-02 21:22:46'),(2099,1,'vi','packages/widget/widget','widget_recent_post','Bài viết gần đây','2023-01-02 21:22:46','2023-01-02 21:22:46'),(2100,1,'vi','packages/widget/widget','widget_recent_post_description','Tiện ích bài viết gần đây','2023-01-02 21:22:46','2023-01-02 21:22:46'),(2101,1,'vi','packages/widget/widget','widget_tag','Thẻ','2023-01-02 21:22:46','2023-01-02 21:22:46'),(2102,1,'vi','packages/widget/widget','widget_tag_description','Thẻ phổ biến, sử dụng nhiều','2023-01-02 21:22:46','2023-01-02 21:22:46'),(2103,1,'vi','packages/widget/widget','widget_text','Văn bản','2023-01-02 21:22:46','2023-01-02 21:22:46'),(2104,1,'vi','packages/widget/widget','widget_text_description','Văn bản tùy ý hoặc HTML.','2023-01-02 21:22:46','2023-01-02 21:22:46'),(2105,1,'vi','packages/widget/widget','delete_success','Xoá tiện ích thành công','2023-01-02 21:22:46','2023-01-02 21:22:46'),(2106,1,'vi','packages/widget/widget','save_success','Lưu tiện ích thành công!','2023-01-02 21:22:46','2023-01-02 21:22:46'),(2107,1,'en','plugins/ads/ads','name','Ads','2023-01-02 21:22:46','2023-01-02 21:22:46'),(2108,1,'en','plugins/ads/ads','create','New ads','2023-01-02 21:22:46','2023-01-02 21:22:46'),(2109,1,'en','plugins/ads/ads','edit','Edit ads','2023-01-02 21:22:46','2023-01-02 21:22:46'),(2110,1,'en','plugins/ads/ads','location','Location','2023-01-02 21:22:46','2023-01-02 21:22:46'),(2111,1,'en','plugins/ads/ads','url','URL','2023-01-02 21:22:46','2023-01-02 21:22:46'),(2112,1,'en','plugins/ads/ads','expired_at','Expired at','2023-01-02 21:22:46','2023-01-02 21:22:46'),(2113,1,'en','plugins/ads/ads','key','Key','2023-01-02 21:22:46','2023-01-02 21:22:46'),(2114,1,'en','plugins/ads/ads','shortcode','Shortcode','2023-01-02 21:22:46','2023-01-02 21:22:46'),(2115,1,'en','plugins/ads/ads','clicked','Clicked','2023-01-02 21:22:46','2023-01-02 21:22:46'),(2116,1,'en','plugins/ads/ads','not_set','Not set','2023-01-02 21:22:46','2023-01-02 21:22:46'),(2117,1,'en','plugins/ads/ads','adblock_warning','If you are using Adblock browser extension, you need to disable this extension on your site first. It may block your ads if it is enabled on your site! <br /> Tips: Image name SHOULD NOT contain some ads keywords (ad, promotion...)','2023-01-02 21:22:46','2023-01-02 21:22:46'),(2118,1,'en','plugins/ads/ads','select_ad','Select Ad','2023-01-02 21:22:46','2023-01-02 21:22:46'),(2119,1,'en','plugins/analytics/analytics','sessions','Sessions','2023-01-02 21:22:46','2023-01-02 21:22:46'),(2120,1,'en','plugins/analytics/analytics','visitors','Visitors','2023-01-02 21:22:46','2023-01-02 21:22:46'),(2121,1,'en','plugins/analytics/analytics','pageviews','Pageviews','2023-01-02 21:22:46','2023-01-02 21:22:46'),(2122,1,'en','plugins/analytics/analytics','bounce_rate','Bounce Rate','2023-01-02 21:22:46','2023-01-02 21:22:46'),(2123,1,'en','plugins/analytics/analytics','page_session','Pages/Session','2023-01-02 21:22:46','2023-01-02 21:22:46'),(2124,1,'en','plugins/analytics/analytics','avg_duration','Avg. Duration','2023-01-02 21:22:46','2023-01-02 21:22:46'),(2125,1,'en','plugins/analytics/analytics','percent_new_session','Percent new session','2023-01-02 21:22:46','2023-01-02 21:22:46'),(2126,1,'en','plugins/analytics/analytics','new_users','New visitors','2023-01-02 21:22:46','2023-01-02 21:22:46'),(2127,1,'en','plugins/analytics/analytics','visits','visits','2023-01-02 21:22:46','2023-01-02 21:22:46'),(2128,1,'en','plugins/analytics/analytics','views','views','2023-01-02 21:22:46','2023-01-02 21:22:46'),(2129,1,'en','plugins/analytics/analytics','view_id_not_specified','You must provide a valid view id. The document here: <a href=\"https://docs.botble.com/cms/master/plugin-analytics\" target=\"_blank\">https://docs.botble.com/cms/master/plugin-analytics</a>','2023-01-02 21:22:46','2023-01-02 21:22:46'),(2130,1,'en','plugins/analytics/analytics','credential_is_not_valid','Analytics credentials is not valid. The document here: <a href=\"https://docs.botble.com/cms/master/plugin-analytics\" target=\"_blank\">https://docs.botble.com/cms/master/plugin-analytics</a>','2023-01-02 21:22:46','2023-01-02 21:22:46'),(2131,1,'en','plugins/analytics/analytics','start_date_can_not_before_end_date','Start date :start_date cannot be after end date :end_date','2023-01-02 21:22:46','2023-01-02 21:22:46'),(2132,1,'en','plugins/analytics/analytics','wrong_configuration','To view analytics you\'ll need to get a google analytics client id and add it to your settings. <br /> You also need JSON credential data. <br /> The document here: <a href=\"https://docs.botble.com/cms/master/plugin-analytics\" target=\"_blank\">https://docs.botble.com/cms/master/plugin-analytics</a>','2023-01-02 21:22:46','2023-01-02 21:22:46'),(2133,1,'en','plugins/analytics/analytics','settings.title','Google Analytics','2023-01-02 21:22:46','2023-01-02 21:22:46'),(2134,1,'en','plugins/analytics/analytics','settings.description','Config Credentials for Google Analytics','2023-01-02 21:22:46','2023-01-02 21:22:46'),(2135,1,'en','plugins/analytics/analytics','settings.tracking_code','Tracking ID','2023-01-02 21:22:46','2023-01-02 21:22:46'),(2136,1,'en','plugins/analytics/analytics','settings.tracking_code_placeholder','Example: GA-12586526-8','2023-01-02 21:22:46','2023-01-02 21:22:46'),(2137,1,'en','plugins/analytics/analytics','settings.view_id','View ID','2023-01-02 21:22:46','2023-01-02 21:22:46'),(2138,1,'en','plugins/analytics/analytics','settings.view_id_description','Google Analytics View ID','2023-01-02 21:22:46','2023-01-02 21:22:46'),(2139,1,'en','plugins/analytics/analytics','settings.json_credential','Service Account Credentials','2023-01-02 21:22:46','2023-01-02 21:22:46'),(2140,1,'en','plugins/analytics/analytics','settings.json_credential_description','Service Account Credentials','2023-01-02 21:22:46','2023-01-02 21:22:46'),(2141,1,'en','plugins/analytics/analytics','widget_analytics_page','Top Most Visit Pages','2023-01-02 21:22:46','2023-01-02 21:22:46'),(2142,1,'en','plugins/analytics/analytics','widget_analytics_browser','Top Browsers','2023-01-02 21:22:46','2023-01-02 21:22:46'),(2143,1,'en','plugins/analytics/analytics','widget_analytics_referrer','Top Referrers','2023-01-02 21:22:46','2023-01-02 21:22:46'),(2144,1,'en','plugins/analytics/analytics','widget_analytics_general','Site Analytics','2023-01-02 21:22:46','2023-01-02 21:22:46'),(2145,1,'vi','plugins/analytics/analytics','avg_duration','Trung bình','2023-01-02 21:22:46','2023-01-02 21:22:46'),(2146,1,'vi','plugins/analytics/analytics','bounce_rate','Tỉ lệ thoát','2023-01-02 21:22:46','2023-01-02 21:22:46'),(2147,1,'vi','plugins/analytics/analytics','page_session','Trang/Phiên','2023-01-02 21:22:46','2023-01-02 21:22:46'),(2148,1,'vi','plugins/analytics/analytics','pageviews','Lượt xem','2023-01-02 21:22:46','2023-01-02 21:22:46'),(2149,1,'vi','plugins/analytics/analytics','sessions','Phiên','2023-01-02 21:22:46','2023-01-02 21:22:46'),(2150,1,'vi','plugins/analytics/analytics','views','lượt xem','2023-01-02 21:22:46','2023-01-02 21:22:46'),(2151,1,'vi','plugins/analytics/analytics','visitors','Người truy cập','2023-01-02 21:22:46','2023-01-02 21:22:46'),(2152,1,'vi','plugins/analytics/analytics','visits','lượt ghé thăm','2023-01-02 21:22:46','2023-01-02 21:22:46'),(2153,1,'vi','plugins/analytics/analytics','credential_is_not_valid','Thông tin cài đặt không hợp lệ. Tài liệu hướng dẫn tại đây: <a href=\"https://docs.botble.com/cms/master/plugin-analytics\" target=\"_blank\">https://docs.botble.com/cms/master/plugin-analytics</a>','2023-01-02 21:22:46','2023-01-02 21:22:46'),(2154,1,'vi','plugins/analytics/analytics','new_users','Lượt khách mới','2023-01-02 21:22:46','2023-01-02 21:22:46'),(2155,1,'vi','plugins/analytics/analytics','percent_new_session','Tỉ lệ khách mới','2023-01-02 21:22:46','2023-01-02 21:22:46'),(2156,1,'vi','plugins/analytics/analytics','start_date_can_not_before_end_date','Ngày bắt đầu :start_date không thể sau ngày kết thúc :end_date','2023-01-02 21:22:46','2023-01-02 21:22:46'),(2157,1,'vi','plugins/analytics/analytics','view_id_not_specified','Bạn phải cung cấp View ID hợp lê. Tài liệu hướng dẫn tại đây: <a href=\"https://docs.botble.com/cms/master/plugin-analytics\" target=\"_blank\">https://docs.botble.com/cms/master/plugin-analytics</a>','2023-01-02 21:22:46','2023-01-02 21:22:46'),(2158,1,'vi','plugins/analytics/analytics','wrong_configuration','Để xem dữ liệu thống kê Google Analytics, bạn cần lấy thông tin Client ID và thêm nó vào trong phần cài đặt. Bạn cũng cần thông tin xác thực dạng JSON. Tài liệu hướng dẫn tại đây: <a href=\"https://docs.botble.com/cms/master/plugin-analytics\" target=\"_blank\">https://docs.botble.com/cms/master/plugin-analytics</a>','2023-01-02 21:22:46','2023-01-02 21:22:46'),(2159,1,'vi','plugins/analytics/analytics','settings.title','Google Analytics','2023-01-02 21:22:46','2023-01-02 21:22:46'),(2160,1,'vi','plugins/analytics/analytics','settings.description','Config Credentials for Google Analytics','2023-01-02 21:22:46','2023-01-02 21:22:46'),(2161,1,'vi','plugins/analytics/analytics','settings.tracking_code','Tracking Code','2023-01-02 21:22:46','2023-01-02 21:22:46'),(2162,1,'vi','plugins/analytics/analytics','settings.tracking_code_placeholder','Example: GA-12586526-8','2023-01-02 21:22:46','2023-01-02 21:22:46'),(2163,1,'vi','plugins/analytics/analytics','settings.view_id','View ID','2023-01-02 21:22:46','2023-01-02 21:22:46'),(2164,1,'vi','plugins/analytics/analytics','settings.view_id_description','Google Analytics View ID','2023-01-02 21:22:46','2023-01-02 21:22:46'),(2165,1,'vi','plugins/analytics/analytics','settings.json_credential','Service Account Credentials','2023-01-02 21:22:46','2023-01-02 21:22:46'),(2166,1,'vi','plugins/analytics/analytics','settings.json_credential_description','Service Account Credentials','2023-01-02 21:22:46','2023-01-02 21:22:46'),(2167,1,'vi','plugins/analytics/analytics','widget_analytics_browser','Trình duyệt truy cập nhiều','2023-01-02 21:22:46','2023-01-02 21:22:46'),(2168,1,'vi','plugins/analytics/analytics','widget_analytics_general','Thống kê truy cập','2023-01-02 21:22:46','2023-01-02 21:22:46'),(2169,1,'vi','plugins/analytics/analytics','widget_analytics_page','Trang được xem nhiều nhất','2023-01-02 21:22:46','2023-01-02 21:22:46'),(2170,1,'vi','plugins/analytics/analytics','widget_analytics_referrer','Trang giới thiệu nhiều','2023-01-02 21:22:46','2023-01-02 21:22:46'),(2171,1,'en','plugins/audit-log/history','name','Activities Logs','2023-01-02 21:22:46','2023-01-02 21:22:46'),(2172,1,'en','plugins/audit-log/history','created','created','2023-01-02 21:22:46','2023-01-02 21:22:46'),(2173,1,'en','plugins/audit-log/history','updated','updated','2023-01-02 21:22:46','2023-01-02 21:22:46'),(2174,1,'en','plugins/audit-log/history','deleted','deleted','2023-01-02 21:22:46','2023-01-02 21:22:46'),(2175,1,'en','plugins/audit-log/history','logged in','logged in','2023-01-02 21:22:46','2023-01-02 21:22:46'),(2176,1,'en','plugins/audit-log/history','logged out','logged out','2023-01-02 21:22:46','2023-01-02 21:22:46'),(2177,1,'en','plugins/audit-log/history','changed password','changed password','2023-01-02 21:22:46','2023-01-02 21:22:46'),(2178,1,'en','plugins/audit-log/history','updated profile','updated profile','2023-01-02 21:22:46','2023-01-02 21:22:46'),(2179,1,'en','plugins/audit-log/history','attached','attached','2023-01-02 21:22:46','2023-01-02 21:22:46'),(2180,1,'en','plugins/audit-log/history','shared','shared','2023-01-02 21:22:46','2023-01-02 21:22:46'),(2181,1,'en','plugins/audit-log/history','to the system','to the system','2023-01-02 21:22:46','2023-01-02 21:22:46'),(2182,1,'en','plugins/audit-log/history','of the system','of the system','2023-01-02 21:22:46','2023-01-02 21:22:46'),(2183,1,'en','plugins/audit-log/history','menu','menu','2023-01-02 21:22:46','2023-01-02 21:22:46'),(2184,1,'en','plugins/audit-log/history','post','post','2023-01-02 21:22:46','2023-01-02 21:22:46'),(2185,1,'en','plugins/audit-log/history','page','page','2023-01-02 21:22:46','2023-01-02 21:22:46'),(2186,1,'en','plugins/audit-log/history','category','category','2023-01-02 21:22:46','2023-01-02 21:22:46'),(2187,1,'en','plugins/audit-log/history','tag','tag','2023-01-02 21:22:46','2023-01-02 21:22:46'),(2188,1,'en','plugins/audit-log/history','user','user','2023-01-02 21:22:46','2023-01-02 21:22:46'),(2189,1,'en','plugins/audit-log/history','contact','contact','2023-01-02 21:22:46','2023-01-02 21:22:46'),(2190,1,'en','plugins/audit-log/history','backup','backup','2023-01-02 21:22:46','2023-01-02 21:22:46'),(2191,1,'en','plugins/audit-log/history','custom-field','custom field','2023-01-02 21:22:46','2023-01-02 21:22:46'),(2192,1,'en','plugins/audit-log/history','widget_audit_logs','Activities Logs','2023-01-02 21:22:46','2023-01-02 21:22:46'),(2193,1,'en','plugins/audit-log/history','action','Action','2023-01-02 21:22:46','2023-01-02 21:22:46'),(2194,1,'en','plugins/audit-log/history','user_agent','User Agent','2023-01-02 21:22:46','2023-01-02 21:22:46'),(2195,1,'en','plugins/audit-log/history','system','System','2023-01-02 21:22:46','2023-01-02 21:22:46'),(2196,1,'en','plugins/audit-log/history','delete_all','Delete all records','2023-01-02 21:22:46','2023-01-02 21:22:46'),(2197,1,'vi','plugins/audit-log/history','name','Lịch sử hoạt động','2023-01-02 21:22:46','2023-01-02 21:22:46'),(2198,1,'vi','plugins/audit-log/history','created',' đã tạo','2023-01-02 21:22:46','2023-01-02 21:22:46'),(2199,1,'vi','plugins/audit-log/history','updated',' đã cập nhật','2023-01-02 21:22:46','2023-01-02 21:22:46'),(2200,1,'vi','plugins/audit-log/history','deleted',' đã xóa','2023-01-02 21:22:46','2023-01-02 21:22:46'),(2201,1,'vi','plugins/audit-log/history','attached','đính kèm','2023-01-02 21:22:46','2023-01-02 21:22:46'),(2202,1,'vi','plugins/audit-log/history','backup','sao lưu','2023-01-02 21:22:46','2023-01-02 21:22:46'),(2203,1,'vi','plugins/audit-log/history','category','danh mục','2023-01-02 21:22:46','2023-01-02 21:22:46'),(2204,1,'vi','plugins/audit-log/history','changed password','thay đổi mật khẩu','2023-01-02 21:22:46','2023-01-02 21:22:46'),(2205,1,'vi','plugins/audit-log/history','contact','liên hệ','2023-01-02 21:22:46','2023-01-02 21:22:46'),(2206,1,'vi','plugins/audit-log/history','custom-field','khung mở rộng','2023-01-02 21:22:46','2023-01-02 21:22:46'),(2207,1,'vi','plugins/audit-log/history','logged in','đăng nhập','2023-01-02 21:22:46','2023-01-02 21:22:46'),(2208,1,'vi','plugins/audit-log/history','logged out','đăng xuất','2023-01-02 21:22:46','2023-01-02 21:22:46'),(2209,1,'vi','plugins/audit-log/history','menu','trình đơn','2023-01-02 21:22:46','2023-01-02 21:22:46'),(2210,1,'vi','plugins/audit-log/history','of the system','khỏi hệ thống','2023-01-02 21:22:46','2023-01-02 21:22:46'),(2211,1,'vi','plugins/audit-log/history','page','trang','2023-01-02 21:22:46','2023-01-02 21:22:46'),(2212,1,'vi','plugins/audit-log/history','post','bài viết','2023-01-02 21:22:46','2023-01-02 21:22:46'),(2213,1,'vi','plugins/audit-log/history','shared','đã chia sẻ','2023-01-02 21:22:46','2023-01-02 21:22:46'),(2214,1,'vi','plugins/audit-log/history','tag','thẻ','2023-01-02 21:22:46','2023-01-02 21:22:46'),(2215,1,'vi','plugins/audit-log/history','to the system','vào hệ thống','2023-01-02 21:22:46','2023-01-02 21:22:46'),(2216,1,'vi','plugins/audit-log/history','updated profile','cập nhật tài khoản','2023-01-02 21:22:46','2023-01-02 21:22:46'),(2217,1,'vi','plugins/audit-log/history','user','thành viên','2023-01-02 21:22:46','2023-01-02 21:22:46'),(2218,1,'vi','plugins/audit-log/history','widget_audit_logs','Lịch sử hoạt động','2023-01-02 21:22:46','2023-01-02 21:22:46'),(2219,1,'vi','plugins/audit-log/history','system','Hệ thống','2023-01-02 21:22:46','2023-01-02 21:22:46'),(2220,1,'vi','plugins/audit-log/history','action','Hành động','2023-01-02 21:22:46','2023-01-02 21:22:46'),(2221,1,'vi','plugins/audit-log/history','delete_all','Xóa tất cả bản ghi','2023-01-02 21:22:46','2023-01-02 21:22:46'),(2222,1,'vi','plugins/audit-log/history','user_agent','User Agent','2023-01-02 21:22:46','2023-01-02 21:22:46'),(2223,1,'en','plugins/backup/backup','name','Backup','2023-01-02 21:22:46','2023-01-02 21:22:46'),(2224,1,'en','plugins/backup/backup','backup_description','Backup database and uploads folder.','2023-01-02 21:22:46','2023-01-02 21:22:46'),(2225,1,'en','plugins/backup/backup','create_backup_success','Created backup successfully!','2023-01-02 21:22:46','2023-01-02 21:22:46'),(2226,1,'en','plugins/backup/backup','delete_backup_success','Delete backup successfully!','2023-01-02 21:22:46','2023-01-02 21:22:46'),(2227,1,'en','plugins/backup/backup','restore_backup_success','Restore backup successfully!','2023-01-02 21:22:46','2023-01-02 21:22:46'),(2228,1,'en','plugins/backup/backup','generate_btn','Generate backup','2023-01-02 21:22:46','2023-01-02 21:22:46'),(2229,1,'en','plugins/backup/backup','create','Create a backup','2023-01-02 21:22:46','2023-01-02 21:22:46'),(2230,1,'en','plugins/backup/backup','restore','Restore a backup','2023-01-02 21:22:46','2023-01-02 21:22:46'),(2231,1,'en','plugins/backup/backup','create_btn','Create','2023-01-02 21:22:46','2023-01-02 21:22:46'),(2232,1,'en','plugins/backup/backup','restore_btn','Restore','2023-01-02 21:22:46','2023-01-02 21:22:46'),(2233,1,'en','plugins/backup/backup','restore_confirm_msg','Do you really want to restore this revision?','2023-01-02 21:22:46','2023-01-02 21:22:46'),(2234,1,'en','plugins/backup/backup','download_uploads_folder','Download backup of uploads folder','2023-01-02 21:22:46','2023-01-02 21:22:46'),(2235,1,'en','plugins/backup/backup','download_database','Download backup of database','2023-01-02 21:22:46','2023-01-02 21:22:46'),(2236,1,'en','plugins/backup/backup','restore_tooltip','Restore this backup','2023-01-02 21:22:47','2023-01-02 21:22:47'),(2237,1,'en','plugins/backup/backup','demo_alert','Hi guest, if you see demo site is destroyed, please help me <a href=\":link\">go here</a> and restore demo site to the latest revision! Thank you so much!','2023-01-02 21:22:47','2023-01-02 21:22:47'),(2238,1,'en','plugins/backup/backup','menu_name','Backups','2023-01-02 21:22:47','2023-01-02 21:22:47'),(2239,1,'en','plugins/backup/backup','size','Size','2023-01-02 21:22:47','2023-01-02 21:22:47'),(2240,1,'en','plugins/backup/backup','no_backups','There is no backup now!','2023-01-02 21:22:47','2023-01-02 21:22:47'),(2241,1,'en','plugins/backup/backup','proc_open_disabled_error','Function <strong>proc_open()</strong> has been disabled so the system cannot backup the database. Please contact your hosting provider to enable it.','2023-01-02 21:22:47','2023-01-02 21:22:47'),(2242,1,'en','plugins/backup/backup','database_backup_not_existed','Backup database is not existed!','2023-01-02 21:22:47','2023-01-02 21:22:47'),(2243,1,'en','plugins/backup/backup','uploads_folder_backup_not_existed','Backup uploads folder is not existed!','2023-01-02 21:22:47','2023-01-02 21:22:47'),(2244,1,'en','plugins/backup/backup','important_message1','This is a simple backup feature, it is a solution for you if your site has < 1GB data and can be used for quickly backup your site.','2023-01-02 21:22:47','2023-01-02 21:22:47'),(2245,1,'en','plugins/backup/backup','important_message2','If you have more than 1GB images/files in local storage, you should use backup feature of your hosting or VPS.','2023-01-02 21:22:47','2023-01-02 21:22:47'),(2246,1,'en','plugins/backup/backup','important_message3','To backup your database, function <strong>proc_open()</strong> or <strong>system()</strong> must be enabled. Contact your hosting provider to enable it if it is disabled.','2023-01-02 21:22:47','2023-01-02 21:22:47'),(2247,1,'en','plugins/backup/backup','important_message4','It is not a full backup, it is just back up uploaded files and your database.','2023-01-02 21:22:47','2023-01-02 21:22:47'),(2248,1,'en','plugins/backup/backup','cannot_restore_database','Cannot restore database. The database backup is missing!','2023-01-02 21:22:47','2023-01-02 21:22:47'),(2249,1,'vi','plugins/backup/backup','backup_description','Sao lưu cơ sở dữ liệu và thư mục /uploads','2023-01-02 21:22:47','2023-01-02 21:22:47'),(2250,1,'vi','plugins/backup/backup','create','Tạo bản sao lưu','2023-01-02 21:22:47','2023-01-02 21:22:47'),(2251,1,'vi','plugins/backup/backup','create_backup_success','Tạo bản sao lưu thành công!','2023-01-02 21:22:47','2023-01-02 21:22:47'),(2252,1,'vi','plugins/backup/backup','create_btn','Tạo','2023-01-02 21:22:47','2023-01-02 21:22:47'),(2253,1,'vi','plugins/backup/backup','delete_backup_success','Xóa bản sao lưu thành công!','2023-01-02 21:22:47','2023-01-02 21:22:47'),(2254,1,'vi','plugins/backup/backup','generate_btn','Tạo sao lưu','2023-01-02 21:22:47','2023-01-02 21:22:47'),(2255,1,'vi','plugins/backup/backup','name','Sao lưu','2023-01-02 21:22:47','2023-01-02 21:22:47'),(2256,1,'vi','plugins/backup/backup','restore','Khôi phục bản sao lưu','2023-01-02 21:22:47','2023-01-02 21:22:47'),(2257,1,'vi','plugins/backup/backup','restore_backup_success','Khôi phục bản sao lưu thành công','2023-01-02 21:22:47','2023-01-02 21:22:47'),(2258,1,'vi','plugins/backup/backup','restore_btn','Khôi phục','2023-01-02 21:22:47','2023-01-02 21:22:47'),(2259,1,'vi','plugins/backup/backup','restore_confirm_msg','Bạn có chắc chắn muốn khôi phục hệ thống về thời điểm tạo bản sao lưu này?','2023-01-02 21:22:47','2023-01-02 21:22:47'),(2260,1,'vi','plugins/backup/backup','restore_tooltip','Khôi phục bản sao lưu này','2023-01-02 21:22:47','2023-01-02 21:22:47'),(2261,1,'vi','plugins/backup/backup','download_database','Tải về bản sao lưu CSDL','2023-01-02 21:22:47','2023-01-02 21:22:47'),(2262,1,'vi','plugins/backup/backup','download_uploads_folder','Tải về bản sao lưu thư mục uploads','2023-01-02 21:22:47','2023-01-02 21:22:47'),(2263,1,'vi','plugins/backup/backup','menu_name','Sao lưu','2023-01-02 21:22:47','2023-01-02 21:22:47'),(2264,1,'vi','plugins/backup/backup','demo_alert','Chào khách, nếu bạn thấy trang demo bị phá hoại, hãy tới <a href=\":link\">trang sao lưu</a> và khôi phục bản sao lưu cuối cùng. Cảm ơn bạn nhiều!','2023-01-02 21:22:47','2023-01-02 21:22:47'),(2265,1,'en','plugins/blog/base','menu_name','Blog','2023-01-02 21:22:47','2023-01-02 21:22:47'),(2266,1,'en','plugins/blog/base','blog_page','Blog Page','2023-01-02 21:22:47','2023-01-02 21:22:47'),(2267,1,'en','plugins/blog/base','select','-- Select --','2023-01-02 21:22:47','2023-01-02 21:22:47'),(2268,1,'en','plugins/blog/base','blog_page_id','Blog page','2023-01-02 21:22:47','2023-01-02 21:22:47'),(2269,1,'en','plugins/blog/base','number_posts_per_page','Number posts per page','2023-01-02 21:22:47','2023-01-02 21:22:47'),(2270,1,'en','plugins/blog/base','write_some_tags','Write some tags','2023-01-02 21:22:47','2023-01-02 21:22:47'),(2271,1,'en','plugins/blog/base','short_code_name','Blog posts','2023-01-02 21:22:47','2023-01-02 21:22:47'),(2272,1,'en','plugins/blog/base','short_code_description','Add blog posts','2023-01-02 21:22:47','2023-01-02 21:22:47'),(2273,1,'en','plugins/blog/base','number_posts_per_page_in_category','Number of posts per page in a category','2023-01-02 21:22:47','2023-01-02 21:22:47'),(2274,1,'en','plugins/blog/base','number_posts_per_page_in_tag','Number of posts per page in a tag','2023-01-02 21:22:47','2023-01-02 21:22:47'),(2275,1,'en','plugins/blog/base','settings.title','Blog','2023-01-02 21:22:47','2023-01-02 21:22:47'),(2276,1,'en','plugins/blog/base','settings.description','Settings for Blog','2023-01-02 21:22:47','2023-01-02 21:22:47'),(2277,1,'en','plugins/blog/base','settings.enable_blog_post_schema','Enable Blog Post Schema?','2023-01-02 21:22:47','2023-01-02 21:22:47'),(2278,1,'en','plugins/blog/base','settings.enable_blog_post_schema_description','Learn more: https://schema.org/Article','2023-01-02 21:22:47','2023-01-02 21:22:47'),(2279,1,'en','plugins/blog/base','settings.schema_type','Schema type','2023-01-02 21:22:47','2023-01-02 21:22:47'),(2280,1,'en','plugins/blog/categories','create','Create new category','2023-01-02 21:22:47','2023-01-02 21:22:47'),(2281,1,'en','plugins/blog/categories','edit','Edit category','2023-01-02 21:22:47','2023-01-02 21:22:47'),(2282,1,'en','plugins/blog/categories','menu','Categories','2023-01-02 21:22:47','2023-01-02 21:22:47'),(2283,1,'en','plugins/blog/categories','edit_this_category','Edit this category','2023-01-02 21:22:47','2023-01-02 21:22:47'),(2284,1,'en','plugins/blog/categories','menu_name','Categories','2023-01-02 21:22:47','2023-01-02 21:22:47'),(2285,1,'en','plugins/blog/categories','none','None','2023-01-02 21:22:47','2023-01-02 21:22:47'),(2286,1,'en','plugins/blog/categories','total_posts','Total posts: :total','2023-01-02 21:22:47','2023-01-02 21:22:47'),(2287,1,'en','plugins/blog/member','dob','Born :date','2023-01-02 21:22:47','2023-01-02 21:22:47'),(2288,1,'en','plugins/blog/member','draft_posts','Draft Posts','2023-01-02 21:22:47','2023-01-02 21:22:47'),(2289,1,'en','plugins/blog/member','pending_posts','Pending Posts','2023-01-02 21:22:47','2023-01-02 21:22:47'),(2290,1,'en','plugins/blog/member','published_posts','Published Posts','2023-01-02 21:22:47','2023-01-02 21:22:47'),(2291,1,'en','plugins/blog/member','posts','Posts','2023-01-02 21:22:47','2023-01-02 21:22:47'),(2292,1,'en','plugins/blog/member','write_post','Write a post','2023-01-02 21:22:47','2023-01-02 21:22:47'),(2293,1,'en','plugins/blog/posts','create','Create new post','2023-01-02 21:22:47','2023-01-02 21:22:47'),(2294,1,'en','plugins/blog/posts','edit','Edit post','2023-01-02 21:22:47','2023-01-02 21:22:47'),(2295,1,'en','plugins/blog/posts','form.name','Name','2023-01-02 21:22:47','2023-01-02 21:22:47'),(2296,1,'en','plugins/blog/posts','form.name_placeholder','Post\'s name (Maximum :c characters)','2023-01-02 21:22:47','2023-01-02 21:22:47'),(2297,1,'en','plugins/blog/posts','form.description','Description','2023-01-02 21:22:47','2023-01-02 21:22:47'),(2298,1,'en','plugins/blog/posts','form.description_placeholder','Short description for post (Maximum :c characters)','2023-01-02 21:22:47','2023-01-02 21:22:47'),(2299,1,'en','plugins/blog/posts','form.categories','Categories','2023-01-02 21:22:47','2023-01-02 21:22:47'),(2300,1,'en','plugins/blog/posts','form.tags','Tags','2023-01-02 21:22:47','2023-01-02 21:22:47'),(2301,1,'en','plugins/blog/posts','form.tags_placeholder','Tags','2023-01-02 21:22:47','2023-01-02 21:22:47'),(2302,1,'en','plugins/blog/posts','form.content','Content','2023-01-02 21:22:47','2023-01-02 21:22:47'),(2303,1,'en','plugins/blog/posts','form.is_featured','Is featured?','2023-01-02 21:22:47','2023-01-02 21:22:47'),(2304,1,'en','plugins/blog/posts','form.note','Note content','2023-01-02 21:22:47','2023-01-02 21:22:47'),(2305,1,'en','plugins/blog/posts','form.format_type','Format','2023-01-02 21:22:47','2023-01-02 21:22:47'),(2306,1,'en','plugins/blog/posts','cannot_delete','Post could not be deleted','2023-01-02 21:22:47','2023-01-02 21:22:47'),(2307,1,'en','plugins/blog/posts','post_deleted','Post deleted','2023-01-02 21:22:47','2023-01-02 21:22:47'),(2308,1,'en','plugins/blog/posts','posts','Posts','2023-01-02 21:22:47','2023-01-02 21:22:47'),(2309,1,'en','plugins/blog/posts','post','Post','2023-01-02 21:22:47','2023-01-02 21:22:47'),(2310,1,'en','plugins/blog/posts','edit_this_post','Edit this post','2023-01-02 21:22:47','2023-01-02 21:22:47'),(2311,1,'en','plugins/blog/posts','no_new_post_now','There is no new post now!','2023-01-02 21:22:47','2023-01-02 21:22:47'),(2312,1,'en','plugins/blog/posts','menu_name','Posts','2023-01-02 21:22:47','2023-01-02 21:22:47'),(2313,1,'en','plugins/blog/posts','widget_posts_recent','Recent Posts','2023-01-02 21:22:47','2023-01-02 21:22:47'),(2314,1,'en','plugins/blog/posts','categories','Categories','2023-01-02 21:22:47','2023-01-02 21:22:47'),(2315,1,'en','plugins/blog/posts','category','Category','2023-01-02 21:22:47','2023-01-02 21:22:47'),(2316,1,'en','plugins/blog/posts','author','Author','2023-01-02 21:22:47','2023-01-02 21:22:47'),(2317,1,'en','plugins/blog/settings','select','-- Select --','2023-01-02 21:22:47','2023-01-02 21:22:47'),(2318,1,'en','plugins/blog/settings','blog_page_id','Blog page','2023-01-02 21:22:47','2023-01-02 21:22:47'),(2319,1,'en','plugins/blog/tags','form.name','Name','2023-01-02 21:22:47','2023-01-02 21:22:47'),(2320,1,'en','plugins/blog/tags','form.name_placeholder','Tag\'s name (Maximum 120 characters)','2023-01-02 21:22:47','2023-01-02 21:22:47'),(2321,1,'en','plugins/blog/tags','form.description','Description','2023-01-02 21:22:47','2023-01-02 21:22:47'),(2322,1,'en','plugins/blog/tags','form.description_placeholder','Short description for tag (Maximum 400 characters)','2023-01-02 21:22:47','2023-01-02 21:22:47'),(2323,1,'en','plugins/blog/tags','form.categories','Categories','2023-01-02 21:22:47','2023-01-02 21:22:47'),(2324,1,'en','plugins/blog/tags','notices.no_select','Please select at least one tag to take this action!','2023-01-02 21:22:47','2023-01-02 21:22:47'),(2325,1,'en','plugins/blog/tags','create','Create new tag','2023-01-02 21:22:47','2023-01-02 21:22:47'),(2326,1,'en','plugins/blog/tags','edit','Edit tag','2023-01-02 21:22:47','2023-01-02 21:22:47'),(2327,1,'en','plugins/blog/tags','cannot_delete','Tag could not be deleted','2023-01-02 21:22:47','2023-01-02 21:22:47'),(2328,1,'en','plugins/blog/tags','deleted','Tag deleted','2023-01-02 21:22:47','2023-01-02 21:22:47'),(2329,1,'en','plugins/blog/tags','menu','Tags','2023-01-02 21:22:47','2023-01-02 21:22:47'),(2330,1,'en','plugins/blog/tags','edit_this_tag','Edit this tag','2023-01-02 21:22:47','2023-01-02 21:22:47'),(2331,1,'en','plugins/blog/tags','menu_name','Tags','2023-01-02 21:22:47','2023-01-02 21:22:47'),(2332,1,'vi','plugins/blog/base','menu_name','Blog','2023-01-02 21:22:47','2023-01-02 21:22:47'),(2333,1,'vi','plugins/blog/base','blog_page','Trang Blog','2023-01-02 21:22:47','2023-01-02 21:22:47'),(2334,1,'vi','plugins/blog/base','select','-- Lựa chọn --','2023-01-02 21:22:47','2023-01-02 21:22:47'),(2335,1,'vi','plugins/blog/base','blog_page_id','Trang Blog','2023-01-02 21:22:47','2023-01-02 21:22:47'),(2336,1,'vi','plugins/blog/categories','create','Thêm danh mục mới','2023-01-02 21:22:47','2023-01-02 21:22:47'),(2337,1,'vi','plugins/blog/categories','edit','Sửa danh mục','2023-01-02 21:22:47','2023-01-02 21:22:47'),(2338,1,'vi','plugins/blog/categories','menu','Danh mục','2023-01-02 21:22:47','2023-01-02 21:22:47'),(2339,1,'vi','plugins/blog/categories','edit_this_category','Sửa danh mục này','2023-01-02 21:22:47','2023-01-02 21:22:47'),(2340,1,'vi','plugins/blog/categories','menu_name','Danh mục','2023-01-02 21:22:47','2023-01-02 21:22:47'),(2341,1,'vi','plugins/blog/categories','none','Không','2023-01-02 21:22:47','2023-01-02 21:22:47'),(2342,1,'vi','plugins/blog/member','dob','Born :date','2023-01-02 21:22:47','2023-01-02 21:22:47'),(2343,1,'vi','plugins/blog/member','draft_posts','Draft Posts','2023-01-02 21:22:47','2023-01-02 21:22:47'),(2344,1,'vi','plugins/blog/member','pending_posts','Pending Posts','2023-01-02 21:22:47','2023-01-02 21:22:47'),(2345,1,'vi','plugins/blog/member','published_posts','Published Posts','2023-01-02 21:22:47','2023-01-02 21:22:47'),(2346,1,'vi','plugins/blog/member','posts','Posts','2023-01-02 21:22:47','2023-01-02 21:22:47'),(2347,1,'vi','plugins/blog/member','write_post','Write a post','2023-01-02 21:22:47','2023-01-02 21:22:47'),(2348,1,'vi','plugins/blog/posts','create','Thêm bài viết','2023-01-02 21:22:47','2023-01-02 21:22:47'),(2349,1,'vi','plugins/blog/posts','edit','Sửa bài viết','2023-01-02 21:22:47','2023-01-02 21:22:47'),(2350,1,'vi','plugins/blog/posts','form.name','Tên','2023-01-02 21:22:47','2023-01-02 21:22:47'),(2351,1,'vi','plugins/blog/posts','form.name_placeholder','Tên bài viết (Tối đa 120 kí tự)','2023-01-02 21:22:47','2023-01-02 21:22:47'),(2352,1,'vi','plugins/blog/posts','form.description','Mô tả','2023-01-02 21:22:47','2023-01-02 21:22:47'),(2353,1,'vi','plugins/blog/posts','form.description_placeholder','Mô tả ngắn cho bài viết (Tối đa 400 kí tự)','2023-01-02 21:22:47','2023-01-02 21:22:47'),(2354,1,'vi','plugins/blog/posts','form.categories','Chuyên mục','2023-01-02 21:22:47','2023-01-02 21:22:47'),(2355,1,'vi','plugins/blog/posts','form.tags','Từ khóa','2023-01-02 21:22:47','2023-01-02 21:22:47'),(2356,1,'vi','plugins/blog/posts','form.tags_placeholder','Thêm từ khóa','2023-01-02 21:22:47','2023-01-02 21:22:47'),(2357,1,'vi','plugins/blog/posts','form.content','Nội dung','2023-01-02 21:22:47','2023-01-02 21:22:47'),(2358,1,'vi','plugins/blog/posts','form.is_featured','Bài viết nổi bật?','2023-01-02 21:22:47','2023-01-02 21:22:47'),(2359,1,'vi','plugins/blog/posts','form.note','Nội dung ghi chú','2023-01-02 21:22:47','2023-01-02 21:22:47'),(2360,1,'vi','plugins/blog/posts','form.format_type','Định dạng','2023-01-02 21:22:47','2023-01-02 21:22:47'),(2361,1,'vi','plugins/blog/posts','post_deleted','Xóa bài viết thành công','2023-01-02 21:22:47','2023-01-02 21:22:47'),(2362,1,'vi','plugins/blog/posts','cannot_delete','Không thể xóa bài viết','2023-01-02 21:22:47','2023-01-02 21:22:47'),(2363,1,'vi','plugins/blog/posts','menu_name','Bài viết','2023-01-02 21:22:47','2023-01-02 21:22:47'),(2364,1,'vi','plugins/blog/posts','edit_this_post','Sửa bài viết này','2023-01-02 21:22:47','2023-01-02 21:22:47'),(2365,1,'vi','plugins/blog/posts','no_new_post_now','Hiện tại không có bài viết mới!','2023-01-02 21:22:47','2023-01-02 21:22:47'),(2366,1,'vi','plugins/blog/posts','posts','Bài viết','2023-01-02 21:22:47','2023-01-02 21:22:47'),(2367,1,'vi','plugins/blog/posts','post','Bài viết','2023-01-02 21:22:47','2023-01-02 21:22:47'),(2368,1,'vi','plugins/blog/posts','widget_posts_recent','Bài viết gần đây','2023-01-02 21:22:47','2023-01-02 21:22:47'),(2369,1,'vi','plugins/blog/posts','author','Tác giả','2023-01-02 21:22:47','2023-01-02 21:22:47'),(2370,1,'vi','plugins/blog/posts','categories','Danh mục','2023-01-02 21:22:47','2023-01-02 21:22:47'),(2371,1,'vi','plugins/blog/posts','category','Danh mục','2023-01-02 21:22:47','2023-01-02 21:22:47'),(2372,1,'vi','plugins/blog/tags','create','Thêm thẻ mới','2023-01-02 21:22:47','2023-01-02 21:22:47'),(2373,1,'vi','plugins/blog/tags','edit','Sửa thẻ','2023-01-02 21:22:47','2023-01-02 21:22:47'),(2374,1,'vi','plugins/blog/tags','form.name','Tên','2023-01-02 21:22:47','2023-01-02 21:22:47'),(2375,1,'vi','plugins/blog/tags','form.name_placeholder','Tên thẻ (Tối đa 120 kí tự)','2023-01-02 21:22:47','2023-01-02 21:22:47'),(2376,1,'vi','plugins/blog/tags','form.description','Mô tả','2023-01-02 21:22:47','2023-01-02 21:22:47'),(2377,1,'vi','plugins/blog/tags','form.description_placeholder','Mô tả ngắn cho tag (Tối đa 400 kí tự)','2023-01-02 21:22:47','2023-01-02 21:22:47'),(2378,1,'vi','plugins/blog/tags','form.categories','Chuyên mục','2023-01-02 21:22:47','2023-01-02 21:22:47'),(2379,1,'vi','plugins/blog/tags','notices.no_select','Chọn ít nhất 1 bài viết để thực hiện hành động này!','2023-01-02 21:22:47','2023-01-02 21:22:47'),(2380,1,'vi','plugins/blog/tags','cannot_delete','Không thể xóa thẻ','2023-01-02 21:22:47','2023-01-02 21:22:47'),(2381,1,'vi','plugins/blog/tags','deleted','Xóa thẻ thành công','2023-01-02 21:22:47','2023-01-02 21:22:47'),(2382,1,'vi','plugins/blog/tags','menu_name','Thẻ','2023-01-02 21:22:47','2023-01-02 21:22:47'),(2383,1,'vi','plugins/blog/tags','edit_this_tag','Sửa thẻ này','2023-01-02 21:22:47','2023-01-02 21:22:47'),(2384,1,'vi','plugins/blog/tags','menu','Thẻ','2023-01-02 21:22:47','2023-01-02 21:22:47'),(2385,1,'en','plugins/captcha/captcha','settings.title','Captcha','2023-01-02 21:22:47','2023-01-02 21:22:47'),(2386,1,'en','plugins/captcha/captcha','settings.description','Settings for Google Captcha','2023-01-02 21:22:47','2023-01-02 21:22:47'),(2387,1,'en','plugins/captcha/captcha','settings.captcha_site_key','Captcha Site Key','2023-01-02 21:22:47','2023-01-02 21:22:47'),(2388,1,'en','plugins/captcha/captcha','settings.captcha_secret','Captcha Secret','2023-01-02 21:22:47','2023-01-02 21:22:47'),(2389,1,'en','plugins/captcha/captcha','settings.enable_captcha','Enable Captcha?','2023-01-02 21:22:47','2023-01-02 21:22:47'),(2390,1,'en','plugins/captcha/captcha','settings.helper','Go here to get credentials https://www.google.com/recaptcha/admin#list.','2023-01-02 21:22:47','2023-01-02 21:22:47'),(2391,1,'en','plugins/captcha/captcha','settings.hide_badge','Hide recaptcha badge (for v3)','2023-01-02 21:22:47','2023-01-02 21:22:47'),(2392,1,'en','plugins/captcha/captcha','settings.type','Type','2023-01-02 21:22:47','2023-01-02 21:22:47'),(2393,1,'en','plugins/captcha/captcha','settings.v2_description','V2 (Verify requests with a challenge)','2023-01-02 21:22:47','2023-01-02 21:22:47'),(2394,1,'en','plugins/captcha/captcha','settings.v3_description','V3 (Verify requests with a score)','2023-01-02 21:22:47','2023-01-02 21:22:47'),(2395,1,'en','plugins/captcha/captcha','failed_validate','Failed to validate the captcha.','2023-01-02 21:22:47','2023-01-02 21:22:47'),(2396,1,'en','plugins/captcha/captcha','numbers.0','Zero','2023-01-02 21:22:47','2023-01-02 21:22:47'),(2397,1,'en','plugins/captcha/captcha','numbers.1','One','2023-01-02 21:22:47','2023-01-02 21:22:47'),(2398,1,'en','plugins/captcha/captcha','numbers.2','Two','2023-01-02 21:22:47','2023-01-02 21:22:47'),(2399,1,'en','plugins/captcha/captcha','numbers.3','Three','2023-01-02 21:22:47','2023-01-02 21:22:47'),(2400,1,'en','plugins/captcha/captcha','numbers.4','Four','2023-01-02 21:22:47','2023-01-02 21:22:47'),(2401,1,'en','plugins/captcha/captcha','numbers.5','Five','2023-01-02 21:22:47','2023-01-02 21:22:47'),(2402,1,'en','plugins/captcha/captcha','numbers.6','Six','2023-01-02 21:22:47','2023-01-02 21:22:47'),(2403,1,'en','plugins/captcha/captcha','numbers.7','Seven','2023-01-02 21:22:47','2023-01-02 21:22:47'),(2404,1,'en','plugins/captcha/captcha','numbers.8','Eight','2023-01-02 21:22:47','2023-01-02 21:22:47'),(2405,1,'en','plugins/captcha/captcha','numbers.9','Nine','2023-01-02 21:22:47','2023-01-02 21:22:47'),(2406,1,'en','plugins/captcha/captcha','numbers.10','Ten','2023-01-02 21:22:47','2023-01-02 21:22:47'),(2407,1,'en','plugins/captcha/captcha','numbers.11','Eleven','2023-01-02 21:22:47','2023-01-02 21:22:47'),(2408,1,'en','plugins/captcha/captcha','numbers.12','Twelve','2023-01-02 21:22:47','2023-01-02 21:22:47'),(2409,1,'en','plugins/captcha/captcha','operands.+','plus','2023-01-02 21:22:47','2023-01-02 21:22:47'),(2410,1,'en','plugins/captcha/captcha','operands.-','minus','2023-01-02 21:22:47','2023-01-02 21:22:47'),(2411,1,'en','plugins/captcha/captcha','operands.*','times','2023-01-02 21:22:47','2023-01-02 21:22:47'),(2412,1,'en','plugins/captcha/captcha','operands./','divided by','2023-01-02 21:22:47','2023-01-02 21:22:47'),(2413,1,'vi','plugins/captcha/captcha','settings.title','Captcha','2023-01-02 21:22:47','2023-01-02 21:22:47'),(2414,1,'vi','plugins/captcha/captcha','settings.description','Cài đặt cho Google Captcha','2023-01-02 21:22:47','2023-01-02 21:22:47'),(2415,1,'vi','plugins/captcha/captcha','settings.captcha_site_key','Captcha Site Key','2023-01-02 21:22:47','2023-01-02 21:22:47'),(2416,1,'vi','plugins/captcha/captcha','settings.captcha_secret','Captcha Secret','2023-01-02 21:22:47','2023-01-02 21:22:47'),(2417,1,'vi','plugins/captcha/captcha','settings.enable_captcha','Bật Captcha?','2023-01-02 21:22:47','2023-01-02 21:22:47'),(2418,1,'vi','plugins/captcha/captcha','settings.helper','Truy cập https://www.google.com/recaptcha/admin#list để lấy thông tin về Site key và Secret.','2023-01-02 21:22:47','2023-01-02 21:22:47'),(2419,1,'en','plugins/contact/contact','menu','Contact','2023-01-02 21:22:47','2023-01-02 21:22:47'),(2420,1,'en','plugins/contact/contact','edit','View contact','2023-01-02 21:22:47','2023-01-02 21:22:47'),(2421,1,'en','plugins/contact/contact','tables.phone','Phone','2023-01-02 21:22:47','2023-01-02 21:22:47'),(2422,1,'en','plugins/contact/contact','tables.email','Email','2023-01-02 21:22:47','2023-01-02 21:22:47'),(2423,1,'en','plugins/contact/contact','tables.full_name','Full Name','2023-01-02 21:22:47','2023-01-02 21:22:47'),(2424,1,'en','plugins/contact/contact','tables.time','Time','2023-01-02 21:22:47','2023-01-02 21:22:47'),(2425,1,'en','plugins/contact/contact','tables.address','Address','2023-01-02 21:22:47','2023-01-02 21:22:47'),(2426,1,'en','plugins/contact/contact','tables.subject','Subject','2023-01-02 21:22:47','2023-01-02 21:22:47'),(2427,1,'en','plugins/contact/contact','tables.content','Content','2023-01-02 21:22:47','2023-01-02 21:22:47'),(2428,1,'en','plugins/contact/contact','contact_information','Contact information','2023-01-02 21:22:47','2023-01-02 21:22:47'),(2429,1,'en','plugins/contact/contact','replies','Replies','2023-01-02 21:22:47','2023-01-02 21:22:47'),(2430,1,'en','plugins/contact/contact','email.header','Email','2023-01-02 21:22:47','2023-01-02 21:22:47'),(2431,1,'en','plugins/contact/contact','email.title','New contact from your site','2023-01-02 21:22:47','2023-01-02 21:22:47'),(2432,1,'en','plugins/contact/contact','form.name.required','Name is required','2023-01-02 21:22:47','2023-01-02 21:22:47'),(2433,1,'en','plugins/contact/contact','form.email.required','Email is required','2023-01-02 21:22:47','2023-01-02 21:22:47'),(2434,1,'en','plugins/contact/contact','form.email.email','The email address is not valid','2023-01-02 21:22:48','2023-01-02 21:22:48'),(2435,1,'en','plugins/contact/contact','form.content.required','Content is required','2023-01-02 21:22:48','2023-01-02 21:22:48'),(2436,1,'en','plugins/contact/contact','contact_sent_from','This contact information sent from','2023-01-02 21:22:48','2023-01-02 21:22:48'),(2437,1,'en','plugins/contact/contact','sender','Sender','2023-01-02 21:22:48','2023-01-02 21:22:48'),(2438,1,'en','plugins/contact/contact','sender_email','Email','2023-01-02 21:22:48','2023-01-02 21:22:48'),(2439,1,'en','plugins/contact/contact','sender_address','Address','2023-01-02 21:22:48','2023-01-02 21:22:48'),(2440,1,'en','plugins/contact/contact','sender_phone','Phone','2023-01-02 21:22:48','2023-01-02 21:22:48'),(2441,1,'en','plugins/contact/contact','message_content','Message content','2023-01-02 21:22:48','2023-01-02 21:22:48'),(2442,1,'en','plugins/contact/contact','sent_from','Email sent from','2023-01-02 21:22:48','2023-01-02 21:22:48'),(2443,1,'en','plugins/contact/contact','form_name','Name','2023-01-02 21:22:48','2023-01-02 21:22:48'),(2444,1,'en','plugins/contact/contact','form_email','Email','2023-01-02 21:22:48','2023-01-02 21:22:48'),(2445,1,'en','plugins/contact/contact','form_address','Address','2023-01-02 21:22:48','2023-01-02 21:22:48'),(2446,1,'en','plugins/contact/contact','form_subject','Subject','2023-01-02 21:22:48','2023-01-02 21:22:48'),(2447,1,'en','plugins/contact/contact','form_phone','Phone','2023-01-02 21:22:48','2023-01-02 21:22:48'),(2448,1,'en','plugins/contact/contact','form_message','Message','2023-01-02 21:22:48','2023-01-02 21:22:48'),(2449,1,'en','plugins/contact/contact','required_field','The field with (<span style=\"color: red\">*</span>) is required.','2023-01-02 21:22:48','2023-01-02 21:22:48'),(2450,1,'en','plugins/contact/contact','send_btn','Send message','2023-01-02 21:22:48','2023-01-02 21:22:48'),(2451,1,'en','plugins/contact/contact','new_msg_notice','You have <span class=\"bold\">:count</span> New Messages','2023-01-02 21:22:48','2023-01-02 21:22:48'),(2452,1,'en','plugins/contact/contact','view_all','View all','2023-01-02 21:22:48','2023-01-02 21:22:48'),(2453,1,'en','plugins/contact/contact','statuses.read','Read','2023-01-02 21:22:48','2023-01-02 21:22:48'),(2454,1,'en','plugins/contact/contact','statuses.unread','Unread','2023-01-02 21:22:48','2023-01-02 21:22:48'),(2455,1,'en','plugins/contact/contact','phone','Phone','2023-01-02 21:22:48','2023-01-02 21:22:48'),(2456,1,'en','plugins/contact/contact','address','Address','2023-01-02 21:22:48','2023-01-02 21:22:48'),(2457,1,'en','plugins/contact/contact','message','Message','2023-01-02 21:22:48','2023-01-02 21:22:48'),(2458,1,'en','plugins/contact/contact','settings.email.title','Contact','2023-01-02 21:22:48','2023-01-02 21:22:48'),(2459,1,'en','plugins/contact/contact','settings.email.description','Contact email configuration','2023-01-02 21:22:48','2023-01-02 21:22:48'),(2460,1,'en','plugins/contact/contact','settings.email.templates.notice_title','Send notice to administrator','2023-01-02 21:22:48','2023-01-02 21:22:48'),(2461,1,'en','plugins/contact/contact','settings.email.templates.notice_description','Email template to send notice to administrator when system get new contact','2023-01-02 21:22:48','2023-01-02 21:22:48'),(2462,1,'en','plugins/contact/contact','settings.title','Contact','2023-01-02 21:22:48','2023-01-02 21:22:48'),(2463,1,'en','plugins/contact/contact','settings.description','Settings for contact plugin','2023-01-02 21:22:48','2023-01-02 21:22:48'),(2464,1,'en','plugins/contact/contact','settings.blacklist_keywords','Blacklist keywords','2023-01-02 21:22:48','2023-01-02 21:22:48'),(2465,1,'en','plugins/contact/contact','settings.blacklist_keywords_placeholder','keywords...','2023-01-02 21:22:48','2023-01-02 21:22:48'),(2466,1,'en','plugins/contact/contact','settings.blacklist_keywords_helper','Blacklist contact requests if it includes those keywords in the content field (separate by comma).','2023-01-02 21:22:48','2023-01-02 21:22:48'),(2467,1,'en','plugins/contact/contact','settings.blacklist_email_domains','Blacklist email domains','2023-01-02 21:22:48','2023-01-02 21:22:48'),(2468,1,'en','plugins/contact/contact','settings.blacklist_email_domains_placeholder','domain...','2023-01-02 21:22:48','2023-01-02 21:22:48'),(2469,1,'en','plugins/contact/contact','settings.blacklist_email_domains_helper','Blacklist contact requests if the email domain is in blacklist domains (separate by comma).','2023-01-02 21:22:48','2023-01-02 21:22:48'),(2470,1,'en','plugins/contact/contact','settings.enable_math_captcha','Enable math captcha?','2023-01-02 21:22:48','2023-01-02 21:22:48'),(2471,1,'en','plugins/contact/contact','no_reply','No reply yet!','2023-01-02 21:22:48','2023-01-02 21:22:48'),(2472,1,'en','plugins/contact/contact','reply','Reply','2023-01-02 21:22:48','2023-01-02 21:22:48'),(2473,1,'en','plugins/contact/contact','send','Send','2023-01-02 21:22:48','2023-01-02 21:22:48'),(2474,1,'en','plugins/contact/contact','shortcode_name','Contact form','2023-01-02 21:22:48','2023-01-02 21:22:48'),(2475,1,'en','plugins/contact/contact','shortcode_description','Add a contact form','2023-01-02 21:22:48','2023-01-02 21:22:48'),(2476,1,'en','plugins/contact/contact','shortcode_content_description','Add shortcode [contact-form][/contact-form] to editor?','2023-01-02 21:22:48','2023-01-02 21:22:48'),(2477,1,'en','plugins/contact/contact','message_sent_success','Message sent successfully!','2023-01-02 21:22:48','2023-01-02 21:22:48'),(2478,1,'vi','plugins/contact/contact','menu','Liên hệ','2023-01-02 21:22:48','2023-01-02 21:22:48'),(2479,1,'vi','plugins/contact/contact','edit','Xem liên hệ','2023-01-02 21:22:48','2023-01-02 21:22:48'),(2480,1,'vi','plugins/contact/contact','tables.phone','Điện thoại','2023-01-02 21:22:48','2023-01-02 21:22:48'),(2481,1,'vi','plugins/contact/contact','tables.email','Email','2023-01-02 21:22:48','2023-01-02 21:22:48'),(2482,1,'vi','plugins/contact/contact','tables.full_name','Họ tên','2023-01-02 21:22:48','2023-01-02 21:22:48'),(2483,1,'vi','plugins/contact/contact','tables.time','Thời gian','2023-01-02 21:22:48','2023-01-02 21:22:48'),(2484,1,'vi','plugins/contact/contact','tables.address','Địa địa chỉ','2023-01-02 21:22:48','2023-01-02 21:22:48'),(2485,1,'vi','plugins/contact/contact','tables.subject','Tiêu đề','2023-01-02 21:22:48','2023-01-02 21:22:48'),(2486,1,'vi','plugins/contact/contact','tables.content','Nội dung','2023-01-02 21:22:48','2023-01-02 21:22:48'),(2487,1,'vi','plugins/contact/contact','contact_information','Thông tin liên hệ','2023-01-02 21:22:48','2023-01-02 21:22:48'),(2488,1,'vi','plugins/contact/contact','email.title','Thông tin liên hệ mới','2023-01-02 21:22:48','2023-01-02 21:22:48'),(2489,1,'vi','plugins/contact/contact','email.header','Email','2023-01-02 21:22:48','2023-01-02 21:22:48'),(2490,1,'vi','plugins/contact/contact','form.name.required','Tên là bắt buộc','2023-01-02 21:22:48','2023-01-02 21:22:48'),(2491,1,'vi','plugins/contact/contact','form.email.required','Email là bắt buộc','2023-01-02 21:22:48','2023-01-02 21:22:48'),(2492,1,'vi','plugins/contact/contact','form.email.email','Địa chỉ email không hợp lệ','2023-01-02 21:22:48','2023-01-02 21:22:48'),(2493,1,'vi','plugins/contact/contact','form.content.required','Nội dung là bắt buộc','2023-01-02 21:22:48','2023-01-02 21:22:48'),(2494,1,'vi','plugins/contact/contact','contact_sent_from','Liên hệ này được gửi từ','2023-01-02 21:22:48','2023-01-02 21:22:48'),(2495,1,'vi','plugins/contact/contact','form_address','Địa chỉ','2023-01-02 21:22:48','2023-01-02 21:22:48'),(2496,1,'vi','plugins/contact/contact','form_email','Thư điện tử','2023-01-02 21:22:48','2023-01-02 21:22:48'),(2497,1,'vi','plugins/contact/contact','form_message','Thông điệp','2023-01-02 21:22:48','2023-01-02 21:22:48'),(2498,1,'vi','plugins/contact/contact','form_name','Họ tên','2023-01-02 21:22:48','2023-01-02 21:22:48'),(2499,1,'vi','plugins/contact/contact','form_phone','Số điện thoại','2023-01-02 21:22:48','2023-01-02 21:22:48'),(2500,1,'vi','plugins/contact/contact','message_content','Nội dung thông điệp','2023-01-02 21:22:48','2023-01-02 21:22:48'),(2501,1,'vi','plugins/contact/contact','required_field','Những trường có dấu (<span style=\"color: red\">*</span>) là bắt buộc.','2023-01-02 21:22:48','2023-01-02 21:22:48'),(2502,1,'vi','plugins/contact/contact','send_btn','Gửi tin nhắn','2023-01-02 21:22:48','2023-01-02 21:22:48'),(2503,1,'vi','plugins/contact/contact','sender','Người gửi','2023-01-02 21:22:48','2023-01-02 21:22:48'),(2504,1,'vi','plugins/contact/contact','sender_address','Địa chỉ','2023-01-02 21:22:48','2023-01-02 21:22:48'),(2505,1,'vi','plugins/contact/contact','sender_email','Thư điện tử','2023-01-02 21:22:48','2023-01-02 21:22:48'),(2506,1,'vi','plugins/contact/contact','sender_phone','Số điện thoại','2023-01-02 21:22:48','2023-01-02 21:22:48'),(2507,1,'vi','plugins/contact/contact','sent_from','Thư được gửi từ','2023-01-02 21:22:48','2023-01-02 21:22:48'),(2508,1,'vi','plugins/contact/contact','address','Địa chỉ','2023-01-02 21:22:48','2023-01-02 21:22:48'),(2509,1,'vi','plugins/contact/contact','message','Liên hệ','2023-01-02 21:22:48','2023-01-02 21:22:48'),(2510,1,'vi','plugins/contact/contact','new_msg_notice','Bạn có <span class=\"bold\">:count</span> tin nhắn mới','2023-01-02 21:22:48','2023-01-02 21:22:48'),(2511,1,'vi','plugins/contact/contact','phone','Điện thoại','2023-01-02 21:22:48','2023-01-02 21:22:48'),(2512,1,'vi','plugins/contact/contact','statuses.read','Đã đọc','2023-01-02 21:22:48','2023-01-02 21:22:48'),(2513,1,'vi','plugins/contact/contact','statuses.unread','Chưa đọc','2023-01-02 21:22:48','2023-01-02 21:22:48'),(2514,1,'vi','plugins/contact/contact','view_all','Xem tất cả','2023-01-02 21:22:48','2023-01-02 21:22:48'),(2515,1,'vi','plugins/contact/contact','settings.email.title','Liên hệ','2023-01-02 21:22:48','2023-01-02 21:22:48'),(2516,1,'vi','plugins/contact/contact','settings.email.description','Cấu hình thông tin cho mục liên hệ','2023-01-02 21:22:48','2023-01-02 21:22:48'),(2517,1,'vi','plugins/contact/contact','settings.email.templates.notice_title','Thông báo tới admin','2023-01-02 21:22:48','2023-01-02 21:22:48'),(2518,1,'vi','plugins/contact/contact','settings.email.templates.notice_description','Mẫu nội dung email gửi tới admin khi có liên hệ mới','2023-01-02 21:22:48','2023-01-02 21:22:48'),(2519,1,'vi','plugins/contact/contact','replies','Trả lời','2023-01-02 21:22:48','2023-01-02 21:22:48'),(2520,1,'vi','plugins/contact/contact','form_subject','Tiêu đề','2023-01-02 21:22:48','2023-01-02 21:22:48'),(2521,1,'en','plugins/cookie-consent/cookie-consent','theme_options.name','Cookie Consent','2023-01-02 21:22:48','2023-01-02 21:22:48'),(2522,1,'en','plugins/cookie-consent/cookie-consent','theme_options.description','Cookie consent settings','2023-01-02 21:22:48','2023-01-02 21:22:48'),(2523,1,'en','plugins/cookie-consent/cookie-consent','theme_options.enable','Enable cookie consent?','2023-01-02 21:22:48','2023-01-02 21:22:48'),(2524,1,'en','plugins/cookie-consent/cookie-consent','theme_options.message','Message','2023-01-02 21:22:48','2023-01-02 21:22:48'),(2525,1,'en','plugins/cookie-consent/cookie-consent','theme_options.button_text','Button text','2023-01-02 21:22:48','2023-01-02 21:22:48'),(2526,1,'en','plugins/cookie-consent/cookie-consent','theme_options.max_width','Max width (px)','2023-01-02 21:22:48','2023-01-02 21:22:48'),(2527,1,'en','plugins/cookie-consent/cookie-consent','theme_options.background_color','Background color','2023-01-02 21:22:48','2023-01-02 21:22:48'),(2528,1,'en','plugins/cookie-consent/cookie-consent','theme_options.text_color','Text color','2023-01-02 21:22:48','2023-01-02 21:22:48'),(2529,1,'en','plugins/cookie-consent/cookie-consent','theme_options.learn_more_url','Learn more URL','2023-01-02 21:22:48','2023-01-02 21:22:48'),(2530,1,'en','plugins/cookie-consent/cookie-consent','theme_options.learn_more_text','Learn more text','2023-01-02 21:22:48','2023-01-02 21:22:48'),(2531,1,'en','plugins/cookie-consent/cookie-consent','theme_options.style','Style','2023-01-02 21:22:48','2023-01-02 21:22:48'),(2532,1,'en','plugins/cookie-consent/cookie-consent','theme_options.full_width','Full width','2023-01-02 21:22:48','2023-01-02 21:22:48'),(2533,1,'en','plugins/cookie-consent/cookie-consent','theme_options.minimal','Minimal','2023-01-02 21:22:48','2023-01-02 21:22:48'),(2534,1,'en','plugins/cookie-consent/cookie-consent','message','Your experience on this site will be improved by allowing cookies.','2023-01-02 21:22:48','2023-01-02 21:22:48'),(2535,1,'en','plugins/cookie-consent/cookie-consent','button_text','Allow cookies','2023-01-02 21:22:48','2023-01-02 21:22:48'),(2536,1,'en','plugins/ecommerce/brands','name','Brands','2023-01-02 21:22:48','2023-01-02 21:22:48'),(2537,1,'en','plugins/ecommerce/brands','create','New brand','2023-01-02 21:22:48','2023-01-02 21:22:48'),(2538,1,'en','plugins/ecommerce/brands','edit','Edit brand','2023-01-02 21:22:48','2023-01-02 21:22:48'),(2539,1,'en','plugins/ecommerce/brands','form.name','Name','2023-01-02 21:22:48','2023-01-02 21:22:48'),(2540,1,'en','plugins/ecommerce/brands','form.name_placeholder','Brand\'s name (Maximum 255 characters)','2023-01-02 21:22:48','2023-01-02 21:22:48'),(2541,1,'en','plugins/ecommerce/brands','form.description','Description','2023-01-02 21:22:48','2023-01-02 21:22:48'),(2542,1,'en','plugins/ecommerce/brands','form.description_placeholder','Short description for brand (Maximum 400 characters)','2023-01-02 21:22:48','2023-01-02 21:22:48'),(2543,1,'en','plugins/ecommerce/brands','form.website','Website','2023-01-02 21:22:48','2023-01-02 21:22:48'),(2544,1,'en','plugins/ecommerce/brands','form.logo','Logo','2023-01-02 21:22:48','2023-01-02 21:22:48'),(2545,1,'en','plugins/ecommerce/brands','form.is_featured','Is featured','2023-01-02 21:22:48','2023-01-02 21:22:48'),(2546,1,'en','plugins/ecommerce/brands','logo','Logo','2023-01-02 21:22:48','2023-01-02 21:22:48'),(2547,1,'en','plugins/ecommerce/brands','website','Website','2023-01-02 21:22:48','2023-01-02 21:22:48'),(2548,1,'en','plugins/ecommerce/brands','notices.no_select','Please select at least one record to take this action!','2023-01-02 21:22:48','2023-01-02 21:22:48'),(2549,1,'en','plugins/ecommerce/brands','notices.update_success_message','Update successfully','2023-01-02 21:22:48','2023-01-02 21:22:48'),(2550,1,'en','plugins/ecommerce/brands','cannot_delete','Brand could not be deleted','2023-01-02 21:22:48','2023-01-02 21:22:48'),(2551,1,'en','plugins/ecommerce/brands','brand_deleted','Brand deleted','2023-01-02 21:22:48','2023-01-02 21:22:48'),(2552,1,'en','plugins/ecommerce/brands','menu','Brands','2023-01-02 21:22:48','2023-01-02 21:22:48'),(2553,1,'en','plugins/ecommerce/brands','no_brand','No brand','2023-01-02 21:22:48','2023-01-02 21:22:48'),(2554,1,'en','plugins/ecommerce/brands','intro.title','Manage brands','2023-01-02 21:22:48','2023-01-02 21:22:48'),(2555,1,'en','plugins/ecommerce/brands','intro.description','Manage product brands such as Nike, Adidas, Bitis ...','2023-01-02 21:22:48','2023-01-02 21:22:48'),(2556,1,'en','plugins/ecommerce/brands','intro.button_text','Create brand','2023-01-02 21:22:48','2023-01-02 21:22:48'),(2557,1,'en','plugins/ecommerce/bulk-import','name','Bulk Import','2023-01-02 21:22:48','2023-01-02 21:22:48'),(2558,1,'en','plugins/ecommerce/bulk-import','loading_text','Importing','2023-01-02 21:22:48','2023-01-02 21:22:48'),(2559,1,'en','plugins/ecommerce/bulk-import','imported_successfully','Imported successfully.','2023-01-02 21:22:48','2023-01-02 21:22:48'),(2560,1,'en','plugins/ecommerce/bulk-import','please_choose_the_file_mime','Please choose the file mime :types','2023-01-02 21:22:48','2023-01-02 21:22:48'),(2561,1,'en','plugins/ecommerce/bulk-import','please_choose_the_file','Please choose the file','2023-01-02 21:22:48','2023-01-02 21:22:48'),(2562,1,'en','plugins/ecommerce/bulk-import','start_import','Start Import','2023-01-02 21:22:48','2023-01-02 21:22:48'),(2563,1,'en','plugins/ecommerce/bulk-import','note','Note!','2023-01-02 21:22:48','2023-01-02 21:22:48'),(2564,1,'en','plugins/ecommerce/bulk-import','warning_before_importing','If this is your first time using this feature, please read the documentation or contact the Administrator for access to the correct functionality!','2023-01-02 21:22:48','2023-01-02 21:22:48'),(2565,1,'en','plugins/ecommerce/bulk-import','results','Result: :success successes, :failed failures','2023-01-02 21:22:48','2023-01-02 21:22:48'),(2566,1,'en','plugins/ecommerce/bulk-import','failures','Failures','2023-01-02 21:22:48','2023-01-02 21:22:48'),(2567,1,'en','plugins/ecommerce/bulk-import','tables.import','Import','2023-01-02 21:22:48','2023-01-02 21:22:48'),(2568,1,'en','plugins/ecommerce/bulk-import','template','Template','2023-01-02 21:22:48','2023-01-02 21:22:48'),(2569,1,'en','plugins/ecommerce/bulk-import','rules','Rules','2023-01-02 21:22:48','2023-01-02 21:22:48'),(2570,1,'en','plugins/ecommerce/bulk-import','choose_file_with_mime','Choose file with mime: (:types)','2023-01-02 21:22:48','2023-01-02 21:22:48'),(2571,1,'en','plugins/ecommerce/bulk-import','choose_file','Choose file','2023-01-02 21:22:48','2023-01-02 21:22:48'),(2572,1,'en','plugins/ecommerce/bulk-import','menu','Import products','2023-01-02 21:22:48','2023-01-02 21:22:48'),(2573,1,'en','plugins/ecommerce/bulk-import','download-csv-file','Download CSV template','2023-01-02 21:22:48','2023-01-02 21:22:48'),(2574,1,'en','plugins/ecommerce/bulk-import','download-excel-file','Download Excel template','2023-01-02 21:22:48','2023-01-02 21:22:48'),(2575,1,'en','plugins/ecommerce/bulk-import','downloading','Downloading...','2023-01-02 21:22:48','2023-01-02 21:22:48'),(2576,1,'en','plugins/ecommerce/bulk-import','export.template.input_error','Input error','2023-01-02 21:22:48','2023-01-02 21:22:48'),(2577,1,'en','plugins/ecommerce/bulk-import','export.template.number_not_allowed','Number is not allowed!','2023-01-02 21:22:48','2023-01-02 21:22:48'),(2578,1,'en','plugins/ecommerce/bulk-import','export.template.allowed_input','Allowed input','2023-01-02 21:22:48','2023-01-02 21:22:48'),(2579,1,'en','plugins/ecommerce/bulk-import','export.template.prompt_decimal','Only numbers or decimals are accepted and greater than or equal to :min.','2023-01-02 21:22:48','2023-01-02 21:22:48'),(2580,1,'en','plugins/ecommerce/bulk-import','export.template.prompt_whole_number','Only numbers are accepted and greater than or equal to :min.','2023-01-02 21:22:48','2023-01-02 21:22:48'),(2581,1,'en','plugins/ecommerce/bulk-import','export.template.prompt_list','Please pick a value from the drop-down list.','2023-01-02 21:22:48','2023-01-02 21:22:48'),(2582,1,'en','plugins/ecommerce/bulk-import','export.template.pick_from_list','Pick from list','2023-01-02 21:22:48','2023-01-02 21:22:48'),(2583,1,'en','plugins/ecommerce/bulk-import','export.template.value_not_in_list','Value is not in list.','2023-01-02 21:22:48','2023-01-02 21:22:48'),(2584,1,'en','plugins/ecommerce/bulk-import','import_failed_description','Import failed, please check the errors below!','2023-01-02 21:22:48','2023-01-02 21:22:48'),(2585,1,'en','plugins/ecommerce/currency','currencies','Currencies','2023-01-02 21:22:48','2023-01-02 21:22:48'),(2586,1,'en','plugins/ecommerce/currency','setting_description','List of currencies using on website','2023-01-02 21:22:48','2023-01-02 21:22:48'),(2587,1,'en','plugins/ecommerce/currency','name','Name','2023-01-02 21:22:48','2023-01-02 21:22:48'),(2588,1,'en','plugins/ecommerce/currency','symbol','Symbol','2023-01-02 21:22:48','2023-01-02 21:22:48'),(2589,1,'en','plugins/ecommerce/currency','number_of_decimals','Number of decimals','2023-01-02 21:22:48','2023-01-02 21:22:48'),(2590,1,'en','plugins/ecommerce/currency','exchange_rate','Exchange rate','2023-01-02 21:22:48','2023-01-02 21:22:48'),(2591,1,'en','plugins/ecommerce/currency','is_prefix_symbol','Position of symbol','2023-01-02 21:22:48','2023-01-02 21:22:48'),(2592,1,'en','plugins/ecommerce/currency','is_default','Is default?','2023-01-02 21:22:48','2023-01-02 21:22:48'),(2593,1,'en','plugins/ecommerce/currency','remove','Remove','2023-01-02 21:22:48','2023-01-02 21:22:48'),(2594,1,'en','plugins/ecommerce/currency','new_currency','Add a new currency','2023-01-02 21:22:48','2023-01-02 21:22:48'),(2595,1,'en','plugins/ecommerce/currency','save_settings','Save settings','2023-01-02 21:22:48','2023-01-02 21:22:48'),(2596,1,'en','plugins/ecommerce/currency','before_number','Before number','2023-01-02 21:22:48','2023-01-02 21:22:48'),(2597,1,'en','plugins/ecommerce/currency','after_number','After number','2023-01-02 21:22:49','2023-01-02 21:22:49'),(2598,1,'en','plugins/ecommerce/currency','require_at_least_one_currency','The system requires at least one currency!','2023-01-02 21:22:49','2023-01-02 21:22:49'),(2599,1,'en','plugins/ecommerce/currency','enable_auto_detect_visitor_currency','Enable auto-detect visitor currency?','2023-01-02 21:22:49','2023-01-02 21:22:49'),(2600,1,'en','plugins/ecommerce/currency','add_space_between_price_and_currency','Add a space between price and currency?','2023-01-02 21:22:49','2023-01-02 21:22:49'),(2601,1,'en','plugins/ecommerce/currency','invalid_currency_name','Invalid currency code, it must be in :currencies.','2023-01-02 21:22:49','2023-01-02 21:22:49'),(2602,1,'en','plugins/ecommerce/currency','instruction','Please check list currency code here: https://en.wikipedia.org/wiki/ISO_4217','2023-01-02 21:22:49','2023-01-02 21:22:49'),(2603,1,'en','plugins/ecommerce/currency','code','Code','2023-01-02 21:22:49','2023-01-02 21:22:49'),(2604,1,'en','plugins/ecommerce/customer','name','Customers','2023-01-02 21:22:49','2023-01-02 21:22:49'),(2605,1,'en','plugins/ecommerce/customer','create','Create a customer','2023-01-02 21:22:49','2023-01-02 21:22:49'),(2606,1,'en','plugins/ecommerce/customer','edit','Edit customer \":name\"','2023-01-02 21:22:49','2023-01-02 21:22:49'),(2607,1,'en','plugins/ecommerce/customer','email','Email','2023-01-02 21:22:49','2023-01-02 21:22:49'),(2608,1,'en','plugins/ecommerce/customer','email_placeholder','Ex: example@gmail.com','2023-01-02 21:22:49','2023-01-02 21:22:49'),(2609,1,'en','plugins/ecommerce/customer','password','Password','2023-01-02 21:22:49','2023-01-02 21:22:49'),(2610,1,'en','plugins/ecommerce/customer','change_password','Change password?','2023-01-02 21:22:49','2023-01-02 21:22:49'),(2611,1,'en','plugins/ecommerce/customer','password_confirmation','Password confirmation','2023-01-02 21:22:49','2023-01-02 21:22:49'),(2612,1,'en','plugins/ecommerce/customer','intro.title','Manage customers','2023-01-02 21:22:49','2023-01-02 21:22:49'),(2613,1,'en','plugins/ecommerce/customer','intro.description','When a customer buy your product(s), you will know their order histories.','2023-01-02 21:22:49','2023-01-02 21:22:49'),(2614,1,'en','plugins/ecommerce/customer','intro.button_text','Create customer','2023-01-02 21:22:49','2023-01-02 21:22:49'),(2615,1,'en','plugins/ecommerce/customer','phone','Phone','2023-01-02 21:22:49','2023-01-02 21:22:49'),(2616,1,'en','plugins/ecommerce/customer','phone_placeholder','Phone','2023-01-02 21:22:49','2023-01-02 21:22:49'),(2617,1,'en','plugins/ecommerce/customer','avatar','Avatar','2023-01-02 21:22:49','2023-01-02 21:22:49'),(2618,1,'en','plugins/ecommerce/customer','dob','Date of birth','2023-01-02 21:22:49','2023-01-02 21:22:49'),(2619,1,'en','plugins/ecommerce/customer','statuses.activated','Activated','2023-01-02 21:22:49','2023-01-02 21:22:49'),(2620,1,'en','plugins/ecommerce/customer','statuses.locked','Locked','2023-01-02 21:22:49','2023-01-02 21:22:49'),(2621,1,'en','plugins/ecommerce/customer','email_verified','Email verified?','2023-01-02 21:22:49','2023-01-02 21:22:49'),(2622,1,'en','plugins/ecommerce/discount','name','Discounts','2023-01-02 21:22:49','2023-01-02 21:22:49'),(2623,1,'en','plugins/ecommerce/discount','create','Create discount','2023-01-02 21:22:49','2023-01-02 21:22:49'),(2624,1,'en','plugins/ecommerce/discount','invalid_coupon','This coupon is invalid or expired!','2023-01-02 21:22:49','2023-01-02 21:22:49'),(2625,1,'en','plugins/ecommerce/discount','cannot_use_same_time_with_other_discount_program','Cannot use this coupon in the same time with other discount program!','2023-01-02 21:22:49','2023-01-02 21:22:49'),(2626,1,'en','plugins/ecommerce/discount','not_used','This coupon is not used yet!','2023-01-02 21:22:49','2023-01-02 21:22:49'),(2627,1,'en','plugins/ecommerce/discount','detail','Detail','2023-01-02 21:22:49','2023-01-02 21:22:49'),(2628,1,'en','plugins/ecommerce/discount','used','Used','2023-01-02 21:22:49','2023-01-02 21:22:49'),(2629,1,'en','plugins/ecommerce/discount','intro.title','Manage discount/coupon code','2023-01-02 21:22:49','2023-01-02 21:22:49'),(2630,1,'en','plugins/ecommerce/discount','intro.description','Create coupon code or promotion for your products.','2023-01-02 21:22:49','2023-01-02 21:22:49'),(2631,1,'en','plugins/ecommerce/discount','intro.button_text','Create discount','2023-01-02 21:22:49','2023-01-02 21:22:49'),(2632,1,'en','plugins/ecommerce/discount','expired','Expired','2023-01-02 21:22:49','2023-01-02 21:22:49'),(2633,1,'en','plugins/ecommerce/discount','discount_promotion','Discount promotion','2023-01-02 21:22:49','2023-01-02 21:22:49'),(2634,1,'en','plugins/ecommerce/discount','can','can','2023-01-02 21:22:49','2023-01-02 21:22:49'),(2635,1,'en','plugins/ecommerce/discount','cannot','cannot','2023-01-02 21:22:49','2023-01-02 21:22:49'),(2636,1,'en','plugins/ecommerce/discount','use_with_promotion','be used with promotion','2023-01-02 21:22:49','2023-01-02 21:22:49'),(2637,1,'en','plugins/ecommerce/discount','create_discount_validate_title_required_if','Please enter the name of the promotion','2023-01-02 21:22:49','2023-01-02 21:22:49'),(2638,1,'en','plugins/ecommerce/discount','create_discount_validate_code_required_if','Please enter the promotion code','2023-01-02 21:22:49','2023-01-02 21:22:49'),(2639,1,'en','plugins/ecommerce/discount','create_discount_validate_value_required','Amount must be greater than 0','2023-01-02 21:22:49','2023-01-02 21:22:49'),(2640,1,'en','plugins/ecommerce/discount','create_discount_validate_target_required','No object selected for promotion','2023-01-02 21:22:49','2023-01-02 21:22:49'),(2641,1,'en','plugins/ecommerce/discount','enums.type-options.amount','Amount - Fixed','2023-01-02 21:22:49','2023-01-02 21:22:49'),(2642,1,'en','plugins/ecommerce/discount','enums.type-options.percentage','Discount %','2023-01-02 21:22:49','2023-01-02 21:22:49'),(2643,1,'en','plugins/ecommerce/discount','enums.type-options.shipping','Free shipping','2023-01-02 21:22:49','2023-01-02 21:22:49'),(2644,1,'en','plugins/ecommerce/discount','enums.type-options.same-price','Same price','2023-01-02 21:22:49','2023-01-02 21:22:49'),(2645,1,'en','plugins/ecommerce/discount','discount','Discount','2023-01-02 21:22:49','2023-01-02 21:22:49'),(2646,1,'en','plugins/ecommerce/discount','create_coupon_code','Create coupon code','2023-01-02 21:22:49','2023-01-02 21:22:49'),(2647,1,'en','plugins/ecommerce/discount','create_discount_promotion','Create discount promotion','2023-01-02 21:22:49','2023-01-02 21:22:49'),(2648,1,'en','plugins/ecommerce/discount','generate_coupon_code','Generate coupon code','2023-01-02 21:22:49','2023-01-02 21:22:49'),(2649,1,'en','plugins/ecommerce/discount','customers_will_enter_this_coupon_code_when_they_checkout','Customers will enter this coupon code when they checkout','2023-01-02 21:22:49','2023-01-02 21:22:49'),(2650,1,'en','plugins/ecommerce/discount','select_type_of_discount','Select type of discount','2023-01-02 21:22:49','2023-01-02 21:22:49'),(2651,1,'en','plugins/ecommerce/discount','coupon_code','Coupon code','2023-01-02 21:22:49','2023-01-02 21:22:49'),(2652,1,'en','plugins/ecommerce/discount','promotion','Promotion','2023-01-02 21:22:49','2023-01-02 21:22:49'),(2653,1,'en','plugins/ecommerce/discount','can_be_used_with_promotion','Can be used with promotion','2023-01-02 21:22:49','2023-01-02 21:22:49'),(2654,1,'en','plugins/ecommerce/discount','unlimited_coupon','Unlimited coupon','2023-01-02 21:22:49','2023-01-02 21:22:49'),(2655,1,'en','plugins/ecommerce/discount','enter_number','Enter number','2023-01-02 21:22:49','2023-01-02 21:22:49'),(2656,1,'en','plugins/ecommerce/discount','coupon_type','Coupon type','2023-01-02 21:22:49','2023-01-02 21:22:49'),(2657,1,'en','plugins/ecommerce/discount','percentage_discount','Percentage discount (%)','2023-01-02 21:22:49','2023-01-02 21:22:49'),(2658,1,'en','plugins/ecommerce/discount','free_shipping','Free shipping','2023-01-02 21:22:49','2023-01-02 21:22:49'),(2659,1,'en','plugins/ecommerce/discount','same_price','Same price','2023-01-02 21:22:49','2023-01-02 21:22:49'),(2660,1,'en','plugins/ecommerce/discount','apply_for','apply for','2023-01-02 21:22:49','2023-01-02 21:22:49'),(2661,1,'en','plugins/ecommerce/discount','all_orders','All orders','2023-01-02 21:22:49','2023-01-02 21:22:49'),(2662,1,'en','plugins/ecommerce/discount','order_amount_from','Order amount from','2023-01-02 21:22:49','2023-01-02 21:22:49'),(2663,1,'en','plugins/ecommerce/discount','product_collection','Product collection','2023-01-02 21:22:49','2023-01-02 21:22:49'),(2664,1,'en','plugins/ecommerce/discount','product','Product','2023-01-02 21:22:49','2023-01-02 21:22:49'),(2665,1,'en','plugins/ecommerce/discount','customer','Customer','2023-01-02 21:22:49','2023-01-02 21:22:49'),(2666,1,'en','plugins/ecommerce/discount','variant','Variant','2023-01-02 21:22:49','2023-01-02 21:22:49'),(2667,1,'en','plugins/ecommerce/discount','search_product','Search product','2023-01-02 21:22:49','2023-01-02 21:22:49'),(2668,1,'en','plugins/ecommerce/discount','no_products_found','No products found!','2023-01-02 21:22:49','2023-01-02 21:22:49'),(2669,1,'en','plugins/ecommerce/discount','search_customer','Search customer','2023-01-02 21:22:49','2023-01-02 21:22:49'),(2670,1,'en','plugins/ecommerce/discount','no_customer_found','No customer found!','2023-01-02 21:22:49','2023-01-02 21:22:49'),(2671,1,'en','plugins/ecommerce/discount','one_time_per_order','One time per order','2023-01-02 21:22:49','2023-01-02 21:22:49'),(2672,1,'en','plugins/ecommerce/discount','one_time_per_product_in_cart','One time per product in cart','2023-01-02 21:22:49','2023-01-02 21:22:49'),(2673,1,'en','plugins/ecommerce/discount','number_of_products','Number of products required to apply','2023-01-02 21:22:49','2023-01-02 21:22:49'),(2674,1,'en','plugins/ecommerce/discount','selected_products','Selected products','2023-01-02 21:22:49','2023-01-02 21:22:49'),(2675,1,'en','plugins/ecommerce/discount','selected_customers','Selected customers','2023-01-02 21:22:49','2023-01-02 21:22:49'),(2676,1,'en','plugins/ecommerce/discount','time','Time','2023-01-02 21:22:49','2023-01-02 21:22:49'),(2677,1,'en','plugins/ecommerce/discount','start_date','Start date','2023-01-02 21:22:49','2023-01-02 21:22:49'),(2678,1,'en','plugins/ecommerce/discount','end_date','End date','2023-01-02 21:22:49','2023-01-02 21:22:49'),(2679,1,'en','plugins/ecommerce/discount','never_expired','Never expired','2023-01-02 21:22:49','2023-01-02 21:22:49'),(2680,1,'en','plugins/ecommerce/discount','save','Save','2023-01-02 21:22:49','2023-01-02 21:22:49'),(2681,1,'en','plugins/ecommerce/discount','enter_promotion_name','Enter promotion name','2023-01-02 21:22:49','2023-01-02 21:22:49'),(2682,1,'en','plugins/ecommerce/discount','enter_coupon_name','Enter coupon name','2023-01-02 21:22:49','2023-01-02 21:22:49'),(2683,1,'en','plugins/ecommerce/discount','cancel','Cancel','2023-01-02 21:22:49','2023-01-02 21:22:49'),(2684,1,'en','plugins/ecommerce/discount','is','Is','2023-01-02 21:22:49','2023-01-02 21:22:49'),(2685,1,'en','plugins/ecommerce/discount','when_shipping_fee_less_than','when shipping fee less than','2023-01-02 21:22:49','2023-01-02 21:22:49'),(2686,1,'en','plugins/ecommerce/discount','minimum_order_amount_error','You are under :minimum_amount to apply the coupon, you must add :add_more more items to your cart','2023-01-02 21:22:49','2023-01-02 21:22:49'),(2687,1,'en','plugins/ecommerce/ecommerce','settings','Settings','2023-01-02 21:22:49','2023-01-02 21:22:49'),(2688,1,'en','plugins/ecommerce/ecommerce','name','Ecommerce','2023-01-02 21:22:49','2023-01-02 21:22:49'),(2689,1,'en','plugins/ecommerce/ecommerce','setting.email.title','E-commerce','2023-01-02 21:22:49','2023-01-02 21:22:49'),(2690,1,'en','plugins/ecommerce/ecommerce','setting.email.description','Ecommerce email config','2023-01-02 21:22:50','2023-01-02 21:22:50'),(2691,1,'en','plugins/ecommerce/ecommerce','setting.email.order_confirm_subject','Subject of order confirmation email','2023-01-02 21:22:50','2023-01-02 21:22:50'),(2692,1,'en','plugins/ecommerce/ecommerce','setting.email.order_confirm_subject_placeholder','The subject of email confirmation send to the customer','2023-01-02 21:22:50','2023-01-02 21:22:50'),(2693,1,'en','plugins/ecommerce/ecommerce','setting.email.order_confirm_content','Content of order confirmation email','2023-01-02 21:22:50','2023-01-02 21:22:50'),(2694,1,'en','plugins/ecommerce/ecommerce','setting.email.order_status_change_subject','Subject of email when changing order\'s status','2023-01-02 21:22:50','2023-01-02 21:22:50'),(2695,1,'en','plugins/ecommerce/ecommerce','setting.email.order_status_change_subject_placeholder','Subject of email when changing order\'s status send to customer','2023-01-02 21:22:50','2023-01-02 21:22:50'),(2696,1,'en','plugins/ecommerce/ecommerce','setting.email.order_status_change_content','Content of email when changing order\'s status','2023-01-02 21:22:50','2023-01-02 21:22:50'),(2697,1,'en','plugins/ecommerce/ecommerce','setting.email.from_email','Email from','2023-01-02 21:22:50','2023-01-02 21:22:50'),(2698,1,'en','plugins/ecommerce/ecommerce','setting.email.from_email_placeholder','Email from address to display in mail. Ex: example@gmail.com','2023-01-02 21:22:50','2023-01-02 21:22:50'),(2699,1,'en','plugins/ecommerce/ecommerce','setting.title','Basic information','2023-01-02 21:22:50','2023-01-02 21:22:50'),(2700,1,'en','plugins/ecommerce/ecommerce','setting.state','State','2023-01-02 21:22:50','2023-01-02 21:22:50'),(2701,1,'en','plugins/ecommerce/ecommerce','setting.city','City','2023-01-02 21:22:50','2023-01-02 21:22:50'),(2702,1,'en','plugins/ecommerce/ecommerce','setting.country','Country','2023-01-02 21:22:50','2023-01-02 21:22:50'),(2703,1,'en','plugins/ecommerce/ecommerce','setting.weight_unit_gram','Gram (g)','2023-01-02 21:22:50','2023-01-02 21:22:50'),(2704,1,'en','plugins/ecommerce/ecommerce','setting.weight_unit_kilogram','Kilogram (kg)','2023-01-02 21:22:50','2023-01-02 21:22:50'),(2705,1,'en','plugins/ecommerce/ecommerce','setting.weight_unit_lb','Pound (lb)','2023-01-02 21:22:50','2023-01-02 21:22:50'),(2706,1,'en','plugins/ecommerce/ecommerce','setting.weight_unit_oz','Ounce (oz)','2023-01-02 21:22:50','2023-01-02 21:22:50'),(2707,1,'en','plugins/ecommerce/ecommerce','setting.height_unit_cm','Centimeter (cm)','2023-01-02 21:22:50','2023-01-02 21:22:50'),(2708,1,'en','plugins/ecommerce/ecommerce','setting.height_unit_m','Meter (m)','2023-01-02 21:22:50','2023-01-02 21:22:50'),(2709,1,'en','plugins/ecommerce/ecommerce','setting.height_unit_inch','Inch','2023-01-02 21:22:50','2023-01-02 21:22:50'),(2710,1,'en','plugins/ecommerce/ecommerce','setting.store_locator_title','Store locators','2023-01-02 21:22:50','2023-01-02 21:22:50'),(2711,1,'en','plugins/ecommerce/ecommerce','setting.store_locator_description','All the lists of your chains, main stores, branches, etc. The locations can be used to track sales and to help us configure tax rates to charge when selling products.','2023-01-02 21:22:50','2023-01-02 21:22:50'),(2712,1,'en','plugins/ecommerce/ecommerce','setting.phone','Phone','2023-01-02 21:22:50','2023-01-02 21:22:50'),(2713,1,'en','plugins/ecommerce/ecommerce','setting.address','Address','2023-01-02 21:22:50','2023-01-02 21:22:50'),(2714,1,'en','plugins/ecommerce/ecommerce','setting.is_primary','Primary?','2023-01-02 21:22:50','2023-01-02 21:22:50'),(2715,1,'en','plugins/ecommerce/ecommerce','setting.add_new','Add new','2023-01-02 21:22:50','2023-01-02 21:22:50'),(2716,1,'en','plugins/ecommerce/ecommerce','setting.or','Or','2023-01-02 21:22:50','2023-01-02 21:22:50'),(2717,1,'en','plugins/ecommerce/ecommerce','setting.change_primary_store','change default store locator','2023-01-02 21:22:50','2023-01-02 21:22:50'),(2718,1,'en','plugins/ecommerce/ecommerce','setting.other_settings','Other settings','2023-01-02 21:22:50','2023-01-02 21:22:50'),(2719,1,'en','plugins/ecommerce/ecommerce','setting.other_settings_description','Settings for cart, review...','2023-01-02 21:22:50','2023-01-02 21:22:50'),(2720,1,'en','plugins/ecommerce/ecommerce','setting.enable_cart','Enable shopping cart?','2023-01-02 21:22:50','2023-01-02 21:22:50'),(2721,1,'en','plugins/ecommerce/ecommerce','setting.enable_tax','Enable tax?','2023-01-02 21:22:50','2023-01-02 21:22:50'),(2722,1,'en','plugins/ecommerce/ecommerce','setting.display_product_price_including_taxes','Display product price including taxes?','2023-01-02 21:22:50','2023-01-02 21:22:50'),(2723,1,'en','plugins/ecommerce/ecommerce','setting.enable_review','Enable review?','2023-01-02 21:22:50','2023-01-02 21:22:50'),(2724,1,'en','plugins/ecommerce/ecommerce','setting.enable_quick_buy_button','Enable quick buy button?','2023-01-02 21:22:50','2023-01-02 21:22:50'),(2725,1,'en','plugins/ecommerce/ecommerce','setting.quick_buy_target','Quick buy target page?','2023-01-02 21:22:50','2023-01-02 21:22:50'),(2726,1,'en','plugins/ecommerce/ecommerce','setting.checkout_page','Checkout page','2023-01-02 21:22:50','2023-01-02 21:22:50'),(2727,1,'en','plugins/ecommerce/ecommerce','setting.cart_page','Cart page','2023-01-02 21:22:50','2023-01-02 21:22:50'),(2728,1,'en','plugins/ecommerce/ecommerce','setting.add_location','Add location','2023-01-02 21:22:50','2023-01-02 21:22:50'),(2729,1,'en','plugins/ecommerce/ecommerce','setting.edit_location','Edit location','2023-01-02 21:22:50','2023-01-02 21:22:50'),(2730,1,'en','plugins/ecommerce/ecommerce','setting.delete_location','Delete location','2023-01-02 21:22:50','2023-01-02 21:22:50'),(2731,1,'en','plugins/ecommerce/ecommerce','setting.change_primary_location','Change primary location','2023-01-02 21:22:50','2023-01-02 21:22:50'),(2732,1,'en','plugins/ecommerce/ecommerce','setting.delete_location_confirmation','Are you sure you want to delete this location? This action cannot be undo.','2023-01-02 21:22:50','2023-01-02 21:22:50'),(2733,1,'en','plugins/ecommerce/ecommerce','setting.save_location','Save location','2023-01-02 21:22:50','2023-01-02 21:22:50'),(2734,1,'en','plugins/ecommerce/ecommerce','setting.accept','Accept','2023-01-02 21:22:50','2023-01-02 21:22:50'),(2735,1,'en','plugins/ecommerce/ecommerce','setting.select_country','Select country...','2023-01-02 21:22:50','2023-01-02 21:22:50'),(2736,1,'en','plugins/ecommerce/ecommerce','setting.zip_code_enabled','Enable Zip Code?','2023-01-02 21:22:50','2023-01-02 21:22:50'),(2737,1,'en','plugins/ecommerce/ecommerce','setting.thousands_separator','Thousands separator','2023-01-02 21:22:50','2023-01-02 21:22:50'),(2738,1,'en','plugins/ecommerce/ecommerce','setting.decimal_separator','Decimal separator','2023-01-02 21:22:50','2023-01-02 21:22:50'),(2739,1,'en','plugins/ecommerce/ecommerce','setting.separator_period','Period (.)','2023-01-02 21:22:50','2023-01-02 21:22:50'),(2740,1,'en','plugins/ecommerce/ecommerce','setting.separator_comma','Comma (,)','2023-01-02 21:22:50','2023-01-02 21:22:50'),(2741,1,'en','plugins/ecommerce/ecommerce','setting.separator_space','Space ( )','2023-01-02 21:22:50','2023-01-02 21:22:50'),(2742,1,'en','plugins/ecommerce/ecommerce','setting.available_countries','Available countries','2023-01-02 21:22:50','2023-01-02 21:22:50'),(2743,1,'en','plugins/ecommerce/ecommerce','setting.all','All','2023-01-02 21:22:50','2023-01-02 21:22:50'),(2744,1,'en','plugins/ecommerce/ecommerce','setting.verify_customer_email','Verify customer\'s email?','2023-01-02 21:22:50','2023-01-02 21:22:50'),(2745,1,'en','plugins/ecommerce/ecommerce','setting.minimum_order_amount','Minimum order amount to place an order (:currency).','2023-01-02 21:22:50','2023-01-02 21:22:50'),(2746,1,'en','plugins/ecommerce/ecommerce','setting.enable_guest_checkout','Enable guest checkout?','2023-01-02 21:22:50','2023-01-02 21:22:50'),(2747,1,'en','plugins/ecommerce/ecommerce','setting.show_number_of_products','Show number of products in the product single','2023-01-02 21:22:50','2023-01-02 21:22:50'),(2748,1,'en','plugins/ecommerce/ecommerce','setting.payment_method_cod_minimum_amount','Minimum order amount - :currency (Optional)','2023-01-02 21:22:50','2023-01-02 21:22:50'),(2749,1,'en','plugins/ecommerce/ecommerce','setting.review.max_file_size','Review max file size (MB)','2023-01-02 21:22:50','2023-01-02 21:22:50'),(2750,1,'en','plugins/ecommerce/ecommerce','setting.review.max_file_number','Review max file number','2023-01-02 21:22:50','2023-01-02 21:22:50'),(2751,1,'en','plugins/ecommerce/ecommerce','setting.using_custom_font_for_invoice','Using custom font for invoice?','2023-01-02 21:22:50','2023-01-02 21:22:50'),(2752,1,'en','plugins/ecommerce/ecommerce','setting.invoice_font_family','Invoice font family (Only work for Latin language)','2023-01-02 21:22:50','2023-01-02 21:22:50'),(2753,1,'en','plugins/ecommerce/ecommerce','setting.enable_invoice_stamp','Enable invoice stamp?','2023-01-02 21:22:50','2023-01-02 21:22:50'),(2754,1,'en','plugins/ecommerce/ecommerce','setting.invoice_support_arabic_language','Support Arabic language in invoice?','2023-01-02 21:22:50','2023-01-02 21:22:50'),(2755,1,'en','plugins/ecommerce/ecommerce','setting.make_phone_field_at_the_checkout_optional','Make phone field at the checkout optional?','2023-01-02 21:22:50','2023-01-02 21:22:50'),(2756,1,'en','plugins/ecommerce/ecommerce','setting.disable_order_invoice_until_order_confirmed','Disable order invoice until order confirmed?','2023-01-02 21:22:50','2023-01-02 21:22:50'),(2757,1,'en','plugins/ecommerce/ecommerce','setting.vat_number','VAT number','2023-01-02 21:22:50','2023-01-02 21:22:50'),(2758,1,'en','plugins/ecommerce/ecommerce','setting.enable_recaptcha_in_register_page','Enable Recaptcha in the registration page?','2023-01-02 21:22:50','2023-01-02 21:22:50'),(2759,1,'en','plugins/ecommerce/ecommerce','setting.enable_recaptcha_in_register_page_description','Need to setup Captcha in Admin -> Settings -> General first.','2023-01-02 21:22:50','2023-01-02 21:22:50'),(2760,1,'en','plugins/ecommerce/ecommerce','setting.show_out_of_stock_products','Show out of stock products?','2023-01-02 21:22:50','2023-01-02 21:22:50'),(2761,1,'en','plugins/ecommerce/ecommerce','setting.default_tax_rate','Default tax rate','2023-01-02 21:22:50','2023-01-02 21:22:50'),(2762,1,'en','plugins/ecommerce/ecommerce','setting.default_tax_rate_description','Important: it will be applied if no tax selected in product.','2023-01-02 21:22:50','2023-01-02 21:22:50'),(2763,1,'en','plugins/ecommerce/ecommerce','setting.how_to_display_product_variation_images','How to display product variation images?','2023-01-02 21:22:50','2023-01-02 21:22:50'),(2764,1,'en','plugins/ecommerce/ecommerce','setting.only_variation_images','Only variation images','2023-01-02 21:22:50','2023-01-02 21:22:50'),(2765,1,'en','plugins/ecommerce/ecommerce','setting.variation_images_and_main_product_images','Variation images + main product images','2023-01-02 21:22:50','2023-01-02 21:22:50'),(2766,1,'en','plugins/ecommerce/ecommerce','setting.load_countries_states_cities_from_location_plugin','Load countries, states, cities from plugin location?','2023-01-02 21:22:50','2023-01-02 21:22:50'),(2767,1,'en','plugins/ecommerce/ecommerce','setting.enable_wishlist','Enable wishlist?','2023-01-02 21:22:50','2023-01-02 21:22:50'),(2768,1,'en','plugins/ecommerce/ecommerce','setting.enable_compare','Enable compare?','2023-01-02 21:22:50','2023-01-02 21:22:50'),(2769,1,'en','plugins/ecommerce/ecommerce','setting.enable_order_tracking','Enable order tracking?','2023-01-02 21:22:50','2023-01-02 21:22:50'),(2770,1,'en','plugins/ecommerce/ecommerce','setting.recently_viewed.enable','Enable customer recently viewed products?','2023-01-02 21:22:50','2023-01-02 21:22:50'),(2771,1,'en','plugins/ecommerce/ecommerce','setting.recently_viewed.max','Maximum number of customer recently viewed products','2023-01-02 21:22:50','2023-01-02 21:22:50'),(2772,1,'en','plugins/ecommerce/ecommerce','setting.recently_viewed.max_helper','If you set 0, it will save all products.','2023-01-02 21:22:50','2023-01-02 21:22:50'),(2773,1,'en','plugins/ecommerce/ecommerce','setting.search_products','Search products','2023-01-02 21:22:50','2023-01-02 21:22:50'),(2774,1,'en','plugins/ecommerce/ecommerce','setting.search_products_description','Config rules to search products','2023-01-02 21:22:50','2023-01-02 21:22:50'),(2775,1,'en','plugins/ecommerce/ecommerce','setting.search_for_an_exact_phrase','Search for an exact phrase?','2023-01-02 21:22:50','2023-01-02 21:22:50'),(2776,1,'en','plugins/ecommerce/ecommerce','setting.search_products_by','Search products by:','2023-01-02 21:22:50','2023-01-02 21:22:50'),(2777,1,'en','plugins/ecommerce/ecommerce','setting.tracking_settings','Tracking settings','2023-01-02 21:22:50','2023-01-02 21:22:50'),(2778,1,'en','plugins/ecommerce/ecommerce','setting.tracking_settings_description','Manage tracking: UTM, Facebook, Google Tag Manager...','2023-01-02 21:22:50','2023-01-02 21:22:50'),(2779,1,'en','plugins/ecommerce/ecommerce','setting.enable_facebook_pixel','Enable Facebook Pixel (Meta Pixel)?','2023-01-02 21:22:50','2023-01-02 21:22:50'),(2780,1,'en','plugins/ecommerce/ecommerce','setting.facebook_pixel_id','Facebook Pixel ID','2023-01-02 21:22:50','2023-01-02 21:22:50'),(2781,1,'en','plugins/ecommerce/ecommerce','setting.facebook_pixel_helper','Go to https://developers.facebook.com/docs/meta-pixel to create Facebook Pixel.','2023-01-02 21:22:50','2023-01-02 21:22:50'),(2782,1,'en','plugins/ecommerce/ecommerce','setting.enable_google_tag_manager','Enable Google Tag Manager?','2023-01-02 21:22:50','2023-01-02 21:22:50'),(2783,1,'en','plugins/ecommerce/ecommerce','setting.google_tag_manager_code','Google Tag Mana\n        ger code','2023-01-02 21:22:50','2023-01-02 21:22:50'),(2784,1,'en','plugins/ecommerce/ecommerce','setting.google_tag_manager_helper','Go to https://ads.google.com/aw/conversions to create Google Ads Conversions.','2023-01-02 21:22:50','2023-01-02 21:22:50'),(2785,1,'en','plugins/ecommerce/ecommerce','setting.webhook','Webhook','2023-01-02 21:22:50','2023-01-02 21:22:50'),(2786,1,'en','plugins/ecommerce/ecommerce','setting.webhook_description','Send webhook when order placed.','2023-01-02 21:22:50','2023-01-02 21:22:50'),(2787,1,'en','plugins/ecommerce/ecommerce','setting.order_placed_webhook_url','Order placed webhook URL (method: POST)','2023-01-02 21:22:50','2023-01-02 21:22:50'),(2788,1,'en','plugins/ecommerce/ecommerce','setting.return_request','Return Request','2023-01-02 21:22:50','2023-01-02 21:22:50'),(2789,1,'en','plugins/ecommerce/ecommerce','setting.return_request_description','Number of days a customer can request a return after the order is completed.','2023-01-02 21:22:50','2023-01-02 21:22:50'),(2790,1,'en','plugins/ecommerce/ecommerce','setting.returnable_days','Refundable days','2023-01-02 21:22:50','2023-01-02 21:22:50'),(2791,1,'en','plugins/ecommerce/ecommerce','setting.billing_address_enabled','Enable billing address?','2023-01-02 21:22:50','2023-01-02 21:22:50'),(2792,1,'en','plugins/ecommerce/ecommerce','setting.activate_custom_return_product_quantity','Activate custom return product quantity?','2023-01-02 21:22:50','2023-01-02 21:22:50'),(2793,1,'en','plugins/ecommerce/ecommerce','setting.activate_custom_return_product_quantity_description','Allow customer to change the quantity of the product they want to return.','2023-01-02 21:22:50','2023-01-02 21:22:50'),(2794,1,'en','plugins/ecommerce/ecommerce','setting.digital_product','Digital product','2023-01-02 21:22:50','2023-01-02 21:22:50'),(2795,1,'en','plugins/ecommerce/ecommerce','setting.digital_product_title','Is enabled to support the digital products?','2023-01-02 21:22:50','2023-01-02 21:22:50'),(2796,1,'en','plugins/ecommerce/ecommerce','setting.company_settings','Company settings','2023-01-02 21:22:50','2023-01-02 21:22:50'),(2797,1,'en','plugins/ecommerce/ecommerce','setting.company_settings_description','Settings Company information for invoicing','2023-01-02 21:22:50','2023-01-02 21:22:50'),(2798,1,'en','plugins/ecommerce/ecommerce','setting.company_name','Company name','2023-01-02 21:22:50','2023-01-02 21:22:50'),(2799,1,'en','plugins/ecommerce/ecommerce','setting.company_address','Company address','2023-01-02 21:22:50','2023-01-02 21:22:50'),(2800,1,'en','plugins/ecommerce/ecommerce','setting.company_email','Company email','2023-01-02 21:22:50','2023-01-02 21:22:50'),(2801,1,'en','plugins/ecommerce/ecommerce','setting.company_phone','Company phone','2023-01-02 21:22:50','2023-01-02 21:22:50'),(2802,1,'en','plugins/ecommerce/ecommerce','setting.company_logo','Company logo','2023-01-02 21:22:50','2023-01-02 21:22:50'),(2803,1,'en','plugins/ecommerce/ecommerce','setting.company_tax_id','Company tax ID','2023-01-02 21:22:50','2023-01-02 21:22:50'),(2804,1,'en','plugins/ecommerce/ecommerce','setting.invoice_code_prefix','Invoice code prefix','2023-01-02 21:22:50','2023-01-02 21:22:50'),(2805,1,'en','plugins/ecommerce/ecommerce','store_address','Store address','2023-01-02 21:22:50','2023-01-02 21:22:50'),(2806,1,'en','plugins/ecommerce/ecommerce','store_phone','Store phone','2023-01-02 21:22:50','2023-01-02 21:22:50'),(2807,1,'en','plugins/ecommerce/ecommerce','order_id','Order ID','2023-01-02 21:22:50','2023-01-02 21:22:50'),(2808,1,'en','plugins/ecommerce/ecommerce','order_token','Order token','2023-01-02 21:22:50','2023-01-02 21:22:50'),(2809,1,'en','plugins/ecommerce/ecommerce','customer_name','Customer name','2023-01-02 21:22:50','2023-01-02 21:22:50'),(2810,1,'en','plugins/ecommerce/ecommerce','customer_email','Customer email','2023-01-02 21:22:50','2023-01-02 21:22:50'),(2811,1,'en','plugins/ecommerce/ecommerce','customer_phone','Customer phone','2023-01-02 21:22:50','2023-01-02 21:22:50'),(2812,1,'en','plugins/ecommerce/ecommerce','customer_address','Customer address','2023-01-02 21:22:50','2023-01-02 21:22:50'),(2813,1,'en','plugins/ecommerce/ecommerce','product_list','List products in order','2023-01-02 21:22:50','2023-01-02 21:22:50'),(2814,1,'en','plugins/ecommerce/ecommerce','payment_detail','Payment detail','2023-01-02 21:22:50','2023-01-02 21:22:50'),(2815,1,'en','plugins/ecommerce/ecommerce','shipping_method','Shipping method','2023-01-02 21:22:50','2023-01-02 21:22:50'),(2816,1,'en','plugins/ecommerce/ecommerce','payment_method','Payment method','2023-01-02 21:22:50','2023-01-02 21:22:50'),(2817,1,'en','plugins/ecommerce/ecommerce','standard_and_format','Standard & Format','2023-01-02 21:22:50','2023-01-02 21:22:50'),(2818,1,'en','plugins/ecommerce/ecommerce','standard_and_format_description','Standards and formats are used to calculate things like product prices, shipping weights, and order times.','2023-01-02 21:22:50','2023-01-02 21:22:50'),(2819,1,'en','plugins/ecommerce/ecommerce','change_order_format','Edit order code format (optional)','2023-01-02 21:22:50','2023-01-02 21:22:50'),(2820,1,'en','plugins/ecommerce/ecommerce','change_order_format_description','The default order code starts at: number. You can change the start or end string to create the order code you want, for example \"DH-: number\" or \": number-A\"','2023-01-02 21:22:50','2023-01-02 21:22:50'),(2821,1,'en','plugins/ecommerce/ecommerce','start_with','Start with','2023-01-02 21:22:50','2023-01-02 21:22:50'),(2822,1,'en','plugins/ecommerce/ecommerce','end_with','End with','2023-01-02 21:22:50','2023-01-02 21:22:50'),(2823,1,'en','plugins/ecommerce/ecommerce','order_will_be_shown','Your order code will be shown','2023-01-02 21:22:50','2023-01-02 21:22:50'),(2824,1,'en','plugins/ecommerce/ecommerce','weight_unit','Unit of weight','2023-01-02 21:22:50','2023-01-02 21:22:50'),(2825,1,'en','plugins/ecommerce/ecommerce','height_unit','Unit length / height','2023-01-02 21:22:50','2023-01-02 21:22:50'),(2826,1,'en','plugins/ecommerce/ecommerce','theme_options.name','Ecommerce','2023-01-02 21:22:50','2023-01-02 21:22:50'),(2827,1,'en','plugins/ecommerce/ecommerce','theme_options.description','Theme options for Ecommerce','2023-01-02 21:22:50','2023-01-02 21:22:50'),(2828,1,'en','plugins/ecommerce/ecommerce','theme_options.number_products_per_page','Number of products per page','2023-01-02 21:22:50','2023-01-02 21:22:50'),(2829,1,'en','plugins/ecommerce/ecommerce','theme_options.number_of_cross_sale_product','Number of cross sale products in product detail page','2023-01-02 21:22:50','2023-01-02 21:22:50'),(2830,1,'en','plugins/ecommerce/ecommerce','theme_options.max_price_filter','Maximum price to filter','2023-01-02 21:22:50','2023-01-02 21:22:50'),(2831,1,'en','plugins/ecommerce/ecommerce','theme_options.logo_in_the_checkout_page','Logo in the checkout page (Default is the main logo)','2023-01-02 21:22:51','2023-01-02 21:22:51'),(2832,1,'en','plugins/ecommerce/ecommerce','basic_settings','Basic settings','2023-01-02 21:22:51','2023-01-02 21:22:51'),(2833,1,'en','plugins/ecommerce/ecommerce','advanced_settings','Advanced settings','2023-01-02 21:22:51','2023-01-02 21:22:51'),(2834,1,'en','plugins/ecommerce/email','customer_new_order_title','Order confirmation','2023-01-02 21:22:51','2023-01-02 21:22:51'),(2835,1,'en','plugins/ecommerce/email','customer_new_order_description','Send email confirmation to customer when an order placed','2023-01-02 21:22:51','2023-01-02 21:22:51'),(2836,1,'en','plugins/ecommerce/email','order_cancellation_title','Order cancellation','2023-01-02 21:22:51','2023-01-02 21:22:51'),(2837,1,'en','plugins/ecommerce/email','order_cancellation_description','Send to custom when they cancelled order','2023-01-02 21:22:51','2023-01-02 21:22:51'),(2838,1,'en','plugins/ecommerce/email','delivery_confirmation_title','Delivering confirmation','2023-01-02 21:22:51','2023-01-02 21:22:51'),(2839,1,'en','plugins/ecommerce/email','delivery_confirmation_description','Send to customer when order is delivering','2023-01-02 21:22:51','2023-01-02 21:22:51'),(2840,1,'en','plugins/ecommerce/email','admin_new_order_title','Notice about new order','2023-01-02 21:22:51','2023-01-02 21:22:51'),(2841,1,'en','plugins/ecommerce/email','admin_new_order_description','Send to administrators when an order placed','2023-01-02 21:22:51','2023-01-02 21:22:51'),(2842,1,'en','plugins/ecommerce/email','order_confirmation_title','Order confirmation','2023-01-02 21:22:51','2023-01-02 21:22:51'),(2843,1,'en','plugins/ecommerce/email','order_confirmation_description','Send to customer when they order was confirmed by admins','2023-01-02 21:22:51','2023-01-02 21:22:51'),(2844,1,'en','plugins/ecommerce/email','payment_confirmation_title','Payment confirmation','2023-01-02 21:22:51','2023-01-02 21:22:51'),(2845,1,'en','plugins/ecommerce/email','payment_confirmation_description','Send to customer when their payment was confirmed','2023-01-02 21:22:51','2023-01-02 21:22:51'),(2846,1,'en','plugins/ecommerce/email','order_recover_title','Incomplete order','2023-01-02 21:22:51','2023-01-02 21:22:51'),(2847,1,'en','plugins/ecommerce/email','order_recover_description','Send to custom to remind them about incomplete orders','2023-01-02 21:22:51','2023-01-02 21:22:51'),(2848,1,'en','plugins/ecommerce/email','view_order','View order','2023-01-02 21:22:51','2023-01-02 21:22:51'),(2849,1,'en','plugins/ecommerce/email','link_go_to_our_shop','or <a href=\":link\">Go to our shop</a>','2023-01-02 21:22:51','2023-01-02 21:22:51'),(2850,1,'en','plugins/ecommerce/email','order_number','Order number: <strong>:order_id</strong>','2023-01-02 21:22:51','2023-01-02 21:22:51'),(2851,1,'en','plugins/ecommerce/email','order_information','Order information:','2023-01-02 21:22:51','2023-01-02 21:22:51'),(2852,1,'en','plugins/ecommerce/email','order_return_request_title','Order return request','2023-01-02 21:22:51','2023-01-02 21:22:51'),(2853,1,'en','plugins/ecommerce/email','order_return_request_description','Send to customer when they return order','2023-01-02 21:22:51','2023-01-02 21:22:51'),(2854,1,'en','plugins/ecommerce/export','products.name','Export products','2023-01-02 21:22:51','2023-01-02 21:22:51'),(2855,1,'en','plugins/ecommerce/export','products.title','Export Products (CSV)','2023-01-02 21:22:51','2023-01-02 21:22:51'),(2856,1,'en','plugins/ecommerce/export','products.total_products','Total products','2023-01-02 21:22:51','2023-01-02 21:22:51'),(2857,1,'en','plugins/ecommerce/export','products.total_variations','Total variations','2023-01-02 21:22:51','2023-01-02 21:22:51'),(2858,1,'en','plugins/ecommerce/export','start_export','Start export','2023-01-02 21:22:51','2023-01-02 21:22:51'),(2859,1,'en','plugins/ecommerce/export','exporting','Exporting...','2023-01-02 21:22:51','2023-01-02 21:22:51'),(2860,1,'en','plugins/ecommerce/export','export','Export','2023-01-02 21:22:51','2023-01-02 21:22:51'),(2861,1,'en','plugins/ecommerce/flash-sale','name','Flash sales','2023-01-02 21:22:51','2023-01-02 21:22:51'),(2862,1,'en','plugins/ecommerce/flash-sale','create','New flash sale','2023-01-02 21:22:51','2023-01-02 21:22:51'),(2863,1,'en','plugins/ecommerce/flash-sale','edit','Edit flash sale','2023-01-02 21:22:51','2023-01-02 21:22:51'),(2864,1,'en','plugins/ecommerce/flash-sale','products','Products','2023-01-02 21:22:51','2023-01-02 21:22:51'),(2865,1,'en','plugins/ecommerce/invoice','name','Invoices','2023-01-02 21:22:51','2023-01-02 21:22:51'),(2866,1,'en','plugins/ecommerce/invoice','create','New invoice','2023-01-02 21:22:51','2023-01-02 21:22:51'),(2867,1,'en','plugins/ecommerce/invoice','edit','Edit invoice','2023-01-02 21:22:51','2023-01-02 21:22:51'),(2868,1,'en','plugins/ecommerce/invoice','print','Print Invoice','2023-01-02 21:22:51','2023-01-02 21:22:51'),(2869,1,'en','plugins/ecommerce/invoice','download','Download Invoice','2023-01-02 21:22:51','2023-01-02 21:22:51'),(2870,1,'en','plugins/ecommerce/invoice','heading','Invoice','2023-01-02 21:22:51','2023-01-02 21:22:51'),(2871,1,'en','plugins/ecommerce/invoice','invoice_for_job','','2023-01-02 21:22:51','2023-01-02 21:22:51'),(2872,1,'en','plugins/ecommerce/invoice','table.code','Code','2023-01-02 21:22:51','2023-01-02 21:22:51'),(2873,1,'en','plugins/ecommerce/invoice','table.amount','Amount','2023-01-02 21:22:51','2023-01-02 21:22:51'),(2874,1,'en','plugins/ecommerce/invoice','detail.invoice_for','Invoice For','2023-01-02 21:22:51','2023-01-02 21:22:51'),(2875,1,'en','plugins/ecommerce/invoice','detail.invoice_to','Invoice To','2023-01-02 21:22:51','2023-01-02 21:22:51'),(2876,1,'en','plugins/ecommerce/invoice','detail.tax_id','Tax ID','2023-01-02 21:22:51','2023-01-02 21:22:51'),(2877,1,'en','plugins/ecommerce/invoice','detail.code','Invoice Code','2023-01-02 21:22:51','2023-01-02 21:22:51'),(2878,1,'en','plugins/ecommerce/invoice','detail.issue_at','Issue At','2023-01-02 21:22:51','2023-01-02 21:22:51'),(2879,1,'en','plugins/ecommerce/invoice','detail.description','Description','2023-01-02 21:22:51','2023-01-02 21:22:51'),(2880,1,'en','plugins/ecommerce/invoice','detail.qty','Qty','2023-01-02 21:22:51','2023-01-02 21:22:51'),(2881,1,'en','plugins/ecommerce/invoice','detail.amount','Amount','2023-01-02 21:22:51','2023-01-02 21:22:51'),(2882,1,'en','plugins/ecommerce/invoice','detail.discount','Discount','2023-01-02 21:22:51','2023-01-02 21:22:51'),(2883,1,'en','plugins/ecommerce/invoice','detail.grand_total','Grand Total','2023-01-02 21:22:51','2023-01-02 21:22:51'),(2884,1,'en','plugins/ecommerce/invoice','detail.shipping_fee','Shipping Fee','2023-01-02 21:22:51','2023-01-02 21:22:51'),(2885,1,'en','plugins/ecommerce/invoice','detail.sub_total','Sub Total','2023-01-02 21:22:51','2023-01-02 21:22:51'),(2886,1,'en','plugins/ecommerce/invoice','detail.tax','Tax','2023-01-02 21:22:51','2023-01-02 21:22:51'),(2887,1,'en','plugins/ecommerce/invoice','detail.total','Total','2023-01-02 21:22:51','2023-01-02 21:22:51'),(2888,1,'en','plugins/ecommerce/invoice','total_amount','Total Amount','2023-01-02 21:22:51','2023-01-02 21:22:51'),(2889,1,'en','plugins/ecommerce/invoice','payment_info','Payment Info','2023-01-02 21:22:51','2023-01-02 21:22:51'),(2890,1,'en','plugins/ecommerce/invoice','payment_method','Payment Method','2023-01-02 21:22:51','2023-01-02 21:22:51'),(2891,1,'en','plugins/ecommerce/invoice','payment_status','Payment Status','2023-01-02 21:22:51','2023-01-02 21:22:51'),(2892,1,'en','plugins/ecommerce/order','statuses.pending','Pending','2023-01-02 21:22:51','2023-01-02 21:22:51'),(2893,1,'en','plugins/ecommerce/order','statuses.processing','Processing','2023-01-02 21:22:51','2023-01-02 21:22:51'),(2894,1,'en','plugins/ecommerce/order','statuses.completed','Completed','2023-01-02 21:22:51','2023-01-02 21:22:51'),(2895,1,'en','plugins/ecommerce/order','statuses.canceled','Canceled','2023-01-02 21:22:51','2023-01-02 21:22:51'),(2896,1,'en','plugins/ecommerce/order','menu','Orders','2023-01-02 21:22:51','2023-01-02 21:22:51'),(2897,1,'en','plugins/ecommerce/order','create','Create an order','2023-01-02 21:22:51','2023-01-02 21:22:51'),(2898,1,'en','plugins/ecommerce/order','cancel_error','The order is delivering or not completed','2023-01-02 21:22:51','2023-01-02 21:22:51'),(2899,1,'en','plugins/ecommerce/order','cancel_success','You do cancel the order successful','2023-01-02 21:22:51','2023-01-02 21:22:51'),(2900,1,'en','plugins/ecommerce/order','return_error','The order is delivering or not completed','2023-01-02 21:22:51','2023-01-02 21:22:51'),(2901,1,'en','plugins/ecommerce/order','return_success','Requested product(s) return successfully!','2023-01-02 21:22:51','2023-01-02 21:22:51'),(2902,1,'en','plugins/ecommerce/order','incomplete_order','Incomplete orders','2023-01-02 21:22:51','2023-01-02 21:22:51'),(2903,1,'en','plugins/ecommerce/order','order_id','Order ID','2023-01-02 21:22:51','2023-01-02 21:22:51'),(2904,1,'en','plugins/ecommerce/order','product_id','Product ID','2023-01-02 21:22:51','2023-01-02 21:22:51'),(2905,1,'en','plugins/ecommerce/order','customer_label','Customer','2023-01-02 21:22:51','2023-01-02 21:22:51'),(2906,1,'en','plugins/ecommerce/order','tax_amount','Tax Amount','2023-01-02 21:22:51','2023-01-02 21:22:51'),(2907,1,'en','plugins/ecommerce/order','shipping_amount','Shipping amount','2023-01-02 21:22:51','2023-01-02 21:22:51'),(2908,1,'en','plugins/ecommerce/order','payment_method','Payment method','2023-01-02 21:22:51','2023-01-02 21:22:51'),(2909,1,'en','plugins/ecommerce/order','payment_status_label','Payment status','2023-01-02 21:22:51','2023-01-02 21:22:51'),(2910,1,'en','plugins/ecommerce/order','manage_orders','Manage orders','2023-01-02 21:22:51','2023-01-02 21:22:51'),(2911,1,'en','plugins/ecommerce/order','order_intro_description','Once your store has orders, this is where you will process and track those orders.','2023-01-02 21:22:51','2023-01-02 21:22:51'),(2912,1,'en','plugins/ecommerce/order','create_new_order','Create a new order','2023-01-02 21:22:51','2023-01-02 21:22:51'),(2913,1,'en','plugins/ecommerce/order','manage_incomplete_orders','Manage incomplete orders','2023-01-02 21:22:51','2023-01-02 21:22:51'),(2914,1,'en','plugins/ecommerce/order','incomplete_orders_intro_description','Incomplete order is an order created when a customer adds a product to the cart, proceeds to fill out the purchase information but does not complete the checkout process.','2023-01-02 21:22:51','2023-01-02 21:22:51'),(2915,1,'en','plugins/ecommerce/order','invoice_for_order','Invoice for order','2023-01-02 21:22:51','2023-01-02 21:22:51'),(2916,1,'en','plugins/ecommerce/order','created','Created','2023-01-02 21:22:51','2023-01-02 21:22:51'),(2917,1,'en','plugins/ecommerce/order','invoice','Invoice','2023-01-02 21:22:51','2023-01-02 21:22:51'),(2918,1,'en','plugins/ecommerce/order','return','Order Return Request','2023-01-02 21:22:51','2023-01-02 21:22:51'),(2919,1,'en','plugins/ecommerce/order','is_return','Return checkbox','2023-01-02 21:22:51','2023-01-02 21:22:51'),(2920,1,'en','plugins/ecommerce/order','total_refund_amount','Total refund amount','2023-01-02 21:22:51','2023-01-02 21:22:51'),(2921,1,'en','plugins/ecommerce/order','total_amount_can_be_refunded','Total amount can be refunded','2023-01-02 21:22:51','2023-01-02 21:22:51'),(2922,1,'en','plugins/ecommerce/order','refund_reason','Refund reason','2023-01-02 21:22:51','2023-01-02 21:22:51'),(2923,1,'en','plugins/ecommerce/order','products','product(s)','2023-01-02 21:22:51','2023-01-02 21:22:51'),(2924,1,'en','plugins/ecommerce/order','default','Default','2023-01-02 21:22:51','2023-01-02 21:22:51'),(2925,1,'en','plugins/ecommerce/order','system','System','2023-01-02 21:22:51','2023-01-02 21:22:51'),(2926,1,'en','plugins/ecommerce/order','new_order_from','New order :order_id from :customer','2023-01-02 21:22:51','2023-01-02 21:22:51'),(2927,1,'en','plugins/ecommerce/order','confirmation_email_was_sent_to_customer','The email confirmation was sent to customer','2023-01-02 21:22:51','2023-01-02 21:22:51'),(2928,1,'en','plugins/ecommerce/order','address_name_required','The name field is required.','2023-01-02 21:22:51','2023-01-02 21:22:51'),(2929,1,'en','plugins/ecommerce/order','address_phone_required','The phone field is required.','2023-01-02 21:22:51','2023-01-02 21:22:51'),(2930,1,'en','plugins/ecommerce/order','address_email_required','The email field is required.','2023-01-02 21:22:51','2023-01-02 21:22:51'),(2931,1,'en','plugins/ecommerce/order','address_email_unique','The customer with that email is existed, please choose other email or login with this email!','2023-01-02 21:22:51','2023-01-02 21:22:51'),(2932,1,'en','plugins/ecommerce/order','address_state_required','The state field is required.','2023-01-02 21:22:51','2023-01-02 21:22:51'),(2933,1,'en','plugins/ecommerce/order','address_city_required','The city field is required.','2023-01-02 21:22:51','2023-01-02 21:22:51'),(2934,1,'en','plugins/ecommerce/order','address_country_required','The country field is required.','2023-01-02 21:22:51','2023-01-02 21:22:51'),(2935,1,'en','plugins/ecommerce/order','address_address_required','The address field is required.','2023-01-02 21:22:51','2023-01-02 21:22:51'),(2936,1,'en','plugins/ecommerce/order','create_order_from_payment_page','Order was created from checkout page','2023-01-02 21:22:51','2023-01-02 21:22:51'),(2937,1,'en','plugins/ecommerce/order','order_was_verified_by','Order was verified by %user_name%','2023-01-02 21:22:51','2023-01-02 21:22:51'),(2938,1,'en','plugins/ecommerce/order','new_order','New order :order_id','2023-01-02 21:22:51','2023-01-02 21:22:51'),(2939,1,'en','plugins/ecommerce/order','payment_was_confirmed_by','Payment was confirmed (amount :money) by %user_name%','2023-01-02 21:22:52','2023-01-02 21:22:52'),(2940,1,'en','plugins/ecommerce/order','edit_order','Edit order :code','2023-01-02 21:22:52','2023-01-02 21:22:52'),(2941,1,'en','plugins/ecommerce/order','confirm_order_success','Confirm order successfully!','2023-01-02 21:22:52','2023-01-02 21:22:52'),(2942,1,'en','plugins/ecommerce/order','error_when_sending_email','There is an error when sending email','2023-01-02 21:22:52','2023-01-02 21:22:52'),(2943,1,'en','plugins/ecommerce/order','sent_confirmation_email_success','Sent confirmation email successfully!','2023-01-02 21:22:52','2023-01-02 21:22:52'),(2944,1,'en','plugins/ecommerce/order','order_was_sent_to_shipping_team','Order was sent to shipping team','2023-01-02 21:22:52','2023-01-02 21:22:52'),(2945,1,'en','plugins/ecommerce/order','by_username','by %user_name%','2023-01-02 21:22:52','2023-01-02 21:22:52'),(2946,1,'en','plugins/ecommerce/order','shipping_was_created_from','Shipping was created from order %order_id%','2023-01-02 21:22:52','2023-01-02 21:22:52'),(2947,1,'en','plugins/ecommerce/order','shipping_was_canceled_success','Shipping was cancelled successfully!','2023-01-02 21:22:52','2023-01-02 21:22:52'),(2948,1,'en','plugins/ecommerce/order','shipping_was_canceled_by','Shipping was cancelled by %user_name%','2023-01-02 21:22:52','2023-01-02 21:22:52'),(2949,1,'en','plugins/ecommerce/order','update_shipping_address_success','Update shipping address successfully!','2023-01-02 21:22:52','2023-01-02 21:22:52'),(2950,1,'en','plugins/ecommerce/order','order_was_canceled_by','Order was cancelled by %user_name%','2023-01-02 21:22:52','2023-01-02 21:22:52'),(2951,1,'en','plugins/ecommerce/order','order_was_returned_by','Order was returned by %user_name%','2023-01-02 21:22:52','2023-01-02 21:22:52'),(2952,1,'en','plugins/ecommerce/order','confirm_payment_success','Confirm payment successfully!','2023-01-02 21:22:52','2023-01-02 21:22:52'),(2953,1,'en','plugins/ecommerce/order','refund_amount_invalid','Refund amount must be lower or equal :price','2023-01-02 21:22:52','2023-01-02 21:22:52'),(2954,1,'en','plugins/ecommerce/order','number_of_products_invalid','Number of products refund is not valid!','2023-01-02 21:22:52','2023-01-02 21:22:52'),(2955,1,'en','plugins/ecommerce/order','cannot_found_payment_for_this_order','Cannot found payment for this order!','2023-01-02 21:22:52','2023-01-02 21:22:52'),(2956,1,'en','plugins/ecommerce/order','refund_success_with_price','Refund success :price','2023-01-02 21:22:52','2023-01-02 21:22:52'),(2957,1,'en','plugins/ecommerce/order','refund_success','Refund successfully!','2023-01-02 21:22:52','2023-01-02 21:22:52'),(2958,1,'en','plugins/ecommerce/order','order_is_not_existed','Order is not existed!','2023-01-02 21:22:52','2023-01-02 21:22:52'),(2959,1,'en','plugins/ecommerce/order','reorder','Reorder','2023-01-02 21:22:52','2023-01-02 21:22:52'),(2960,1,'en','plugins/ecommerce/order','sent_email_incomplete_order_success','Sent email to remind about incomplete order successfully!','2023-01-02 21:22:52','2023-01-02 21:22:52'),(2961,1,'en','plugins/ecommerce/order','applied_coupon_success','Applied coupon \":code\" successfully!','2023-01-02 21:22:52','2023-01-02 21:22:52'),(2962,1,'en','plugins/ecommerce/order','new_order_notice','You have <span class=\"bold\">:count</span> New Order(s)','2023-01-02 21:22:52','2023-01-02 21:22:52'),(2963,1,'en','plugins/ecommerce/order','view_all','View all','2023-01-02 21:22:52','2023-01-02 21:22:52'),(2964,1,'en','plugins/ecommerce/order','cancel_order','Cancel order','2023-01-02 21:22:52','2023-01-02 21:22:52'),(2965,1,'en','plugins/ecommerce/order','order_canceled','Order canceled','2023-01-02 21:22:52','2023-01-02 21:22:52'),(2966,1,'en','plugins/ecommerce/order','order_was_canceled_at','Order was canceled at','2023-01-02 21:22:52','2023-01-02 21:22:52'),(2967,1,'en','plugins/ecommerce/order','return_order','Return order','2023-01-02 21:22:52','2023-01-02 21:22:52'),(2968,1,'en','plugins/ecommerce/order','order_returned','Order returned','2023-01-02 21:22:52','2023-01-02 21:22:52'),(2969,1,'en','plugins/ecommerce/order','order_was_returned_at','Order was returned at','2023-01-02 21:22:52','2023-01-02 21:22:52'),(2970,1,'en','plugins/ecommerce/order','completed','Completed','2023-01-02 21:22:52','2023-01-02 21:22:52'),(2971,1,'en','plugins/ecommerce/order','uncompleted','Uncompleted','2023-01-02 21:22:52','2023-01-02 21:22:52'),(2972,1,'en','plugins/ecommerce/order','sku','SKU','2023-01-02 21:22:52','2023-01-02 21:22:52'),(2973,1,'en','plugins/ecommerce/order','warehouse','Warehouse','2023-01-02 21:22:52','2023-01-02 21:22:52'),(2974,1,'en','plugins/ecommerce/order','sub_amount','Sub amount','2023-01-02 21:22:52','2023-01-02 21:22:52'),(2975,1,'en','plugins/ecommerce/order','coupon_code','Coupon code: \":code\"','2023-01-02 21:22:52','2023-01-02 21:22:52'),(2976,1,'en','plugins/ecommerce/order','shipping_fee','Shipping fee','2023-01-02 21:22:52','2023-01-02 21:22:52'),(2977,1,'en','plugins/ecommerce/order','tax','Tax','2023-01-02 21:22:52','2023-01-02 21:22:52'),(2978,1,'en','plugins/ecommerce/order','refunded_amount','Refunded amount','2023-01-02 21:22:52','2023-01-02 21:22:52'),(2979,1,'en','plugins/ecommerce/order','amount_received','The amount actually received','2023-01-02 21:22:52','2023-01-02 21:22:52'),(2980,1,'en','plugins/ecommerce/order','download_invoice','Download invoice','2023-01-02 21:22:52','2023-01-02 21:22:52'),(2981,1,'en','plugins/ecommerce/order','print_invoice','Print invoice','2023-01-02 21:22:52','2023-01-02 21:22:52'),(2982,1,'en','plugins/ecommerce/order','add_note','Add note...','2023-01-02 21:22:52','2023-01-02 21:22:52'),(2983,1,'en','plugins/ecommerce/order','order_was_confirmed','Order was confirmed','2023-01-02 21:22:52','2023-01-02 21:22:52'),(2984,1,'en','plugins/ecommerce/order','confirm_order','Confirm order','2023-01-02 21:22:52','2023-01-02 21:22:52'),(2985,1,'en','plugins/ecommerce/order','confirm','Confirm','2023-01-02 21:22:52','2023-01-02 21:22:52'),(2986,1,'en','plugins/ecommerce/order','order_was_canceled','Order was canceled','2023-01-02 21:22:52','2023-01-02 21:22:52'),(2987,1,'en','plugins/ecommerce/order','order_was_returned','Order was returned','2023-01-02 21:22:52','2023-01-02 21:22:52'),(2988,1,'en','plugins/ecommerce/order','pending_payment','Pending payment','2023-01-02 21:22:52','2023-01-02 21:22:52'),(2989,1,'en','plugins/ecommerce/order','payment_was_accepted','Payment :money was accepted','2023-01-02 21:22:52','2023-01-02 21:22:52'),(2990,1,'en','plugins/ecommerce/order','payment_was_refunded','Payment was refunded','2023-01-02 21:22:52','2023-01-02 21:22:52'),(2991,1,'en','plugins/ecommerce/order','confirm_payment','Confirm payment','2023-01-02 21:22:52','2023-01-02 21:22:52'),(2992,1,'en','plugins/ecommerce/order','refund','Refund','2023-01-02 21:22:52','2023-01-02 21:22:52'),(2993,1,'en','plugins/ecommerce/order','all_products_are_not_delivered','All products are not delivered','2023-01-02 21:22:52','2023-01-02 21:22:52'),(2994,1,'en','plugins/ecommerce/order','delivery','Delivery','2023-01-02 21:22:52','2023-01-02 21:22:52'),(2995,1,'en','plugins/ecommerce/order','history','History','2023-01-02 21:22:52','2023-01-02 21:22:52'),(2996,1,'en','plugins/ecommerce/order','order_number','Order number','2023-01-02 21:22:52','2023-01-02 21:22:52'),(2997,1,'en','plugins/ecommerce/order','from','from','2023-01-02 21:22:52','2023-01-02 21:22:52'),(2998,1,'en','plugins/ecommerce/order','status','Status','2023-01-02 21:22:52','2023-01-02 21:22:52'),(2999,1,'en','plugins/ecommerce/order','successfully','Successfully','2023-01-02 21:22:52','2023-01-02 21:22:52'),(3000,1,'en','plugins/ecommerce/order','transaction_type','Transaction\'s type','2023-01-02 21:22:52','2023-01-02 21:22:52'),(3001,1,'en','plugins/ecommerce/order','staff','Staff','2023-01-02 21:22:52','2023-01-02 21:22:52'),(3002,1,'en','plugins/ecommerce/order','refund_date','Refund date','2023-01-02 21:22:52','2023-01-02 21:22:52'),(3003,1,'en','plugins/ecommerce/order','n_a','N\\A','2023-01-02 21:22:52','2023-01-02 21:22:52'),(3004,1,'en','plugins/ecommerce/order','payment_date','Payment date','2023-01-02 21:22:52','2023-01-02 21:22:52'),(3005,1,'en','plugins/ecommerce/order','payment_gateway','Payment gateway','2023-01-02 21:22:52','2023-01-02 21:22:52'),(3006,1,'en','plugins/ecommerce/order','transaction_amount','Transaction amount','2023-01-02 21:22:52','2023-01-02 21:22:52'),(3007,1,'en','plugins/ecommerce/order','resend','Resend','2023-01-02 21:22:52','2023-01-02 21:22:52'),(3008,1,'en','plugins/ecommerce/order','default_store','Default store','2023-01-02 21:22:52','2023-01-02 21:22:52'),(3009,1,'en','plugins/ecommerce/order','update_address','Update address','2023-01-02 21:22:52','2023-01-02 21:22:52'),(3010,1,'en','plugins/ecommerce/order','have_an_account_already','Have an account already','2023-01-02 21:22:52','2023-01-02 21:22:52'),(3011,1,'en','plugins/ecommerce/order','dont_have_an_account_yet','Don\'t have an account yet','2023-01-02 21:22:52','2023-01-02 21:22:52'),(3012,1,'en','plugins/ecommerce/order','mark_payment_as_confirmed','Mark <span>:method</span> as confirmed','2023-01-02 21:22:52','2023-01-02 21:22:52'),(3013,1,'en','plugins/ecommerce/order','resend_order_confirmation','Resend order confirmation','2023-01-02 21:22:52','2023-01-02 21:22:52'),(3014,1,'en','plugins/ecommerce/order','resend_order_confirmation_description','Confirmation email will be sent to <strong>:email</strong>?','2023-01-02 21:22:52','2023-01-02 21:22:52'),(3015,1,'en','plugins/ecommerce/order','send','Send','2023-01-02 21:22:52','2023-01-02 21:22:52'),(3016,1,'en','plugins/ecommerce/order','update','Update','2023-01-02 21:22:52','2023-01-02 21:22:52'),(3017,1,'en','plugins/ecommerce/order','cancel_shipping_confirmation','Cancel shipping confirmation?','2023-01-02 21:22:52','2023-01-02 21:22:52'),(3018,1,'en','plugins/ecommerce/order','cancel_shipping_confirmation_description','Cancel shipping confirmation?','2023-01-02 21:22:52','2023-01-02 21:22:52'),(3019,1,'en','plugins/ecommerce/order','cancel_order_confirmation','Cancel order confirmation?','2023-01-02 21:22:52','2023-01-02 21:22:52'),(3020,1,'en','plugins/ecommerce/order','cancel_order_confirmation_description','Are you sure you want to cancel this order? This action cannot rollback','2023-01-02 21:22:52','2023-01-02 21:22:52'),(3021,1,'en','plugins/ecommerce/order','return_order_confirmation','Return order confirmation?','2023-01-02 21:22:52','2023-01-02 21:22:52'),(3022,1,'en','plugins/ecommerce/order','return_order_confirmation_description','Are you sure you want to return this order? This action cannot rollback','2023-01-02 21:22:52','2023-01-02 21:22:52'),(3023,1,'en','plugins/ecommerce/order','confirm_payment_confirmation_description','Processed by <strong>:method</strong>. Did you receive payment outside the system? This payment won\'t be saved into system and cannot be refunded','2023-01-02 21:22:52','2023-01-02 21:22:52'),(3024,1,'en','plugins/ecommerce/order','save_note','Save note','2023-01-02 21:22:52','2023-01-02 21:22:52'),(3025,1,'en','plugins/ecommerce/order','order_note','Order note','2023-01-02 21:22:52','2023-01-02 21:22:52'),(3026,1,'en','plugins/ecommerce/order','order_note_placeholder','Note about order, ex: time or shipping instruction.','2023-01-02 21:22:52','2023-01-02 21:22:52'),(3027,1,'en','plugins/ecommerce/order','order_amount','Order amount','2023-01-02 21:22:52','2023-01-02 21:22:52'),(3028,1,'en','plugins/ecommerce/order','additional_information','Additional information','2023-01-02 21:22:52','2023-01-02 21:22:52'),(3029,1,'en','plugins/ecommerce/order','notice_about_incomplete_order','Notice about incomplete order','2023-01-02 21:22:52','2023-01-02 21:22:52'),(3030,1,'en','plugins/ecommerce/order','notice_about_incomplete_order_description','Remind email about uncompleted order will be send to <strong>:email</strong>?','2023-01-02 21:22:52','2023-01-02 21:22:52'),(3031,1,'en','plugins/ecommerce/order','incomplete_order_description_1','An incomplete order is when a potential customer places items in their shopping cart, and goes all the way through to the payment page, but then doesn\'t complete the transaction.','2023-01-02 21:22:52','2023-01-02 21:22:52'),(3032,1,'en','plugins/ecommerce/order','incomplete_order_description_2','If you have contacted customers and they want to continue buying, you can help them complete their order by following the link:','2023-01-02 21:22:52','2023-01-02 21:22:52'),(3033,1,'en','plugins/ecommerce/order','send_an_email_to_recover_this_order','Send an email to customer to recover this order','2023-01-02 21:22:52','2023-01-02 21:22:52'),(3034,1,'en','plugins/ecommerce/order','see_maps','See maps','2023-01-02 21:22:52','2023-01-02 21:22:52'),(3035,1,'en','plugins/ecommerce/order','one_or_more_products_dont_have_enough_quantity','One or more products don\'t have enough quantity!','2023-01-02 21:22:52','2023-01-02 21:22:52'),(3036,1,'en','plugins/ecommerce/order','cannot_send_order_recover_to_mail','The email could not be found so it can\'t send a recovery email to the customer.','2023-01-02 21:22:52','2023-01-02 21:22:52'),(3037,1,'en','plugins/ecommerce/order','payment_info','Payment Info','2023-01-02 21:22:52','2023-01-02 21:22:52'),(3038,1,'en','plugins/ecommerce/order','payment_method_refund_automatic','Your customer will be refunded using :method automatically.','2023-01-02 21:22:52','2023-01-02 21:22:52'),(3039,1,'en','plugins/ecommerce/order','order','Order','2023-01-02 21:22:52','2023-01-02 21:22:52'),(3040,1,'en','plugins/ecommerce/order','order_information','Order information','2023-01-02 21:22:52','2023-01-02 21:22:52'),(3041,1,'en','plugins/ecommerce/order','create_a_new_product','Create a new product','2023-01-02 21:22:52','2023-01-02 21:22:52'),(3042,1,'en','plugins/ecommerce/order','out_of_stock','Out of stock','2023-01-02 21:22:52','2023-01-02 21:22:52'),(3043,1,'en','plugins/ecommerce/order','products_available','product(s) available','2023-01-02 21:22:52','2023-01-02 21:22:52'),(3044,1,'en','plugins/ecommerce/order','no_products_found','No products found!','2023-01-02 21:22:52','2023-01-02 21:22:52'),(3045,1,'en','plugins/ecommerce/order','note','Note','2023-01-02 21:22:52','2023-01-02 21:22:52'),(3046,1,'en','plugins/ecommerce/order','note_for_order','Note for order...','2023-01-02 21:22:52','2023-01-02 21:22:52'),(3047,1,'en','plugins/ecommerce/order','amount','Amount','2023-01-02 21:22:52','2023-01-02 21:22:52'),(3048,1,'en','plugins/ecommerce/order','add_discount','Add discount','2023-01-02 21:22:53','2023-01-02 21:22:53'),(3049,1,'en','plugins/ecommerce/order','discount','Discount','2023-01-02 21:22:53','2023-01-02 21:22:53'),(3050,1,'en','plugins/ecommerce/order','add_shipping_fee','Add shipping fee','2023-01-02 21:22:53','2023-01-02 21:22:53'),(3051,1,'en','plugins/ecommerce/order','shipping','Shipping','2023-01-02 21:22:53','2023-01-02 21:22:53'),(3052,1,'en','plugins/ecommerce/order','total_amount','Total amount','2023-01-02 21:22:53','2023-01-02 21:22:53'),(3053,1,'en','plugins/ecommerce/order','confirm_payment_and_create_order','Confirm payment and create order','2023-01-02 21:22:53','2023-01-02 21:22:53'),(3054,1,'en','plugins/ecommerce/order','paid','Paid','2023-01-02 21:22:53','2023-01-02 21:22:53'),(3055,1,'en','plugins/ecommerce/order','pay_later','Pay later','2023-01-02 21:22:53','2023-01-02 21:22:53'),(3056,1,'en','plugins/ecommerce/order','customer_information','Customer information','2023-01-02 21:22:53','2023-01-02 21:22:53'),(3057,1,'en','plugins/ecommerce/order','create_new_customer','Create new customer','2023-01-02 21:22:53','2023-01-02 21:22:53'),(3058,1,'en','plugins/ecommerce/order','no_customer_found','No customer found!','2023-01-02 21:22:53','2023-01-02 21:22:53'),(3059,1,'en','plugins/ecommerce/order','customer','Customer','2023-01-02 21:22:53','2023-01-02 21:22:53'),(3060,1,'en','plugins/ecommerce/order','orders','order(s)','2023-01-02 21:22:53','2023-01-02 21:22:53'),(3061,1,'en','plugins/ecommerce/order','shipping_address','Shipping Address','2023-01-02 21:22:53','2023-01-02 21:22:53'),(3062,1,'en','plugins/ecommerce/order','billing_address','Billing Address','2023-01-02 21:22:53','2023-01-02 21:22:53'),(3063,1,'en','plugins/ecommerce/order','see_on_maps','See on maps','2023-01-02 21:22:53','2023-01-02 21:22:53'),(3064,1,'en','plugins/ecommerce/order','name','Name','2023-01-02 21:22:53','2023-01-02 21:22:53'),(3065,1,'en','plugins/ecommerce/order','price','Price','2023-01-02 21:22:53','2023-01-02 21:22:53'),(3066,1,'en','plugins/ecommerce/order','sku_optional','SKU (optional)','2023-01-02 21:22:53','2023-01-02 21:22:53'),(3067,1,'en','plugins/ecommerce/order','with_storehouse_management','With storehouse management?','2023-01-02 21:22:53','2023-01-02 21:22:53'),(3068,1,'en','plugins/ecommerce/order','quantity','Quantity','2023-01-02 21:22:53','2023-01-02 21:22:53'),(3069,1,'en','plugins/ecommerce/order','allow_customer_checkout_when_this_product_out_of_stock','Allow customer checkout when this product out of stock?','2023-01-02 21:22:53','2023-01-02 21:22:53'),(3070,1,'en','plugins/ecommerce/order','address','Address','2023-01-02 21:22:53','2023-01-02 21:22:53'),(3071,1,'en','plugins/ecommerce/order','phone','Phone','2023-01-02 21:22:53','2023-01-02 21:22:53'),(3072,1,'en','plugins/ecommerce/order','country','Country','2023-01-02 21:22:53','2023-01-02 21:22:53'),(3073,1,'en','plugins/ecommerce/order','state','State','2023-01-02 21:22:53','2023-01-02 21:22:53'),(3074,1,'en','plugins/ecommerce/order','city','City','2023-01-02 21:22:53','2023-01-02 21:22:53'),(3075,1,'en','plugins/ecommerce/order','zip_code','Zip code','2023-01-02 21:22:53','2023-01-02 21:22:53'),(3076,1,'en','plugins/ecommerce/order','discount_based_on','Discount based on','2023-01-02 21:22:53','2023-01-02 21:22:53'),(3077,1,'en','plugins/ecommerce/order','or_coupon_code','Or coupon code','2023-01-02 21:22:53','2023-01-02 21:22:53'),(3078,1,'en','plugins/ecommerce/order','description','Description','2023-01-02 21:22:53','2023-01-02 21:22:53'),(3079,1,'en','plugins/ecommerce/order','how_to_select_configured_shipping','How to select configured shipping?','2023-01-02 21:22:53','2023-01-02 21:22:53'),(3080,1,'en','plugins/ecommerce/order','please_add_customer_information_with_the_complete_shipping_address_to_see_the_configured_shipping_rates','Please add customer information with the complete shipping address to see the configured shipping rates','2023-01-02 21:22:53','2023-01-02 21:22:53'),(3081,1,'en','plugins/ecommerce/order','free_shipping','Free shipping','2023-01-02 21:22:53','2023-01-02 21:22:53'),(3082,1,'en','plugins/ecommerce/order','custom','Custom','2023-01-02 21:22:53','2023-01-02 21:22:53'),(3083,1,'en','plugins/ecommerce/order','email','Email','2023-01-02 21:22:53','2023-01-02 21:22:53'),(3084,1,'en','plugins/ecommerce/order','create_order','Create order','2023-01-02 21:22:53','2023-01-02 21:22:53'),(3085,1,'en','plugins/ecommerce/order','close','Close','2023-01-02 21:22:53','2023-01-02 21:22:53'),(3086,1,'en','plugins/ecommerce/order','confirm_payment_is_paid_for_this_order','Confirm payment is paid for this order','2023-01-02 21:22:53','2023-01-02 21:22:53'),(3087,1,'en','plugins/ecommerce/order','payment_status_of_the_order_is_paid_once_the_order_has_been_created_you_cannot_change_the_payment_method_or_status','Payment status of the order is Paid. Once the order has been created, you cannot change the payment method or status','2023-01-02 21:22:53','2023-01-02 21:22:53'),(3088,1,'en','plugins/ecommerce/order','select_payment_method','Select payment method','2023-01-02 21:22:53','2023-01-02 21:22:53'),(3089,1,'en','plugins/ecommerce/order','cash_on_delivery_cod','Cash on delivery (COD)','2023-01-02 21:22:53','2023-01-02 21:22:53'),(3090,1,'en','plugins/ecommerce/order','bank_transfer','Bank transfer','2023-01-02 21:22:53','2023-01-02 21:22:53'),(3091,1,'en','plugins/ecommerce/order','paid_amount','Paid amount','2023-01-02 21:22:53','2023-01-02 21:22:53'),(3092,1,'en','plugins/ecommerce/order','confirm_that_payment_for_this_order_will_be_paid_later','Confirm that payment for this order will be paid later','2023-01-02 21:22:53','2023-01-02 21:22:53'),(3093,1,'en','plugins/ecommerce/order','payment_status_of_the_order_is_pending_once_the_order_has_been_created_you_cannot_change_the_payment_method_or_status','Payment status of the order is Pending. Once the order has been created, you cannot change the payment method or status','2023-01-02 21:22:53','2023-01-02 21:22:53'),(3094,1,'en','plugins/ecommerce/order','pending_amount','Pending amount','2023-01-02 21:22:53','2023-01-02 21:22:53'),(3095,1,'en','plugins/ecommerce/order','update_email','Update email','2023-01-02 21:22:53','2023-01-02 21:22:53'),(3096,1,'en','plugins/ecommerce/order','save','Save','2023-01-02 21:22:53','2023-01-02 21:22:53'),(3097,1,'en','plugins/ecommerce/order','cancel','Cancel','2023-01-02 21:22:53','2023-01-02 21:22:53'),(3098,1,'en','plugins/ecommerce/order','create_a_new_order','Create a new order','2023-01-02 21:22:53','2023-01-02 21:22:53'),(3099,1,'en','plugins/ecommerce/order','search_or_create_new_product','Search or create a new product','2023-01-02 21:22:53','2023-01-02 21:22:53'),(3100,1,'en','plugins/ecommerce/order','search_or_create_new_customer','Search or create a new customer','2023-01-02 21:22:53','2023-01-02 21:22:53'),(3101,1,'en','plugins/ecommerce/order','discount_description','Discount description','2023-01-02 21:22:53','2023-01-02 21:22:53'),(3102,1,'en','plugins/ecommerce/order','cant_select_out_of_stock_product','Cannot select out of stock product!','2023-01-02 21:22:53','2023-01-02 21:22:53'),(3103,1,'en','plugins/ecommerce/order','referral','Referral','2023-01-02 21:22:53','2023-01-02 21:22:53'),(3104,1,'en','plugins/ecommerce/order','return_order_unique','Same :attribute already exists in a previous return request.','2023-01-02 21:22:53','2023-01-02 21:22:53'),(3105,1,'en','plugins/ecommerce/order','total_return_amount','Total return amount','2023-01-02 21:22:53','2023-01-02 21:22:53'),(3106,1,'en','plugins/ecommerce/order','change_return_order_status','Change return order status','2023-01-02 21:22:53','2023-01-02 21:22:53'),(3107,1,'en','plugins/ecommerce/order','return_reason','Return reason','2023-01-02 21:22:53','2023-01-02 21:22:53'),(3108,1,'en','plugins/ecommerce/order','referral_data.ip','IP','2023-01-02 21:22:53','2023-01-02 21:22:53'),(3109,1,'en','plugins/ecommerce/order','referral_data.landing_domain','Landing domain','2023-01-02 21:22:53','2023-01-02 21:22:53'),(3110,1,'en','plugins/ecommerce/order','referral_data.landing_page','Landing page','2023-01-02 21:22:53','2023-01-02 21:22:53'),(3111,1,'en','plugins/ecommerce/order','referral_data.landing_params','Landing params','2023-01-02 21:22:53','2023-01-02 21:22:53'),(3112,1,'en','plugins/ecommerce/order','referral_data.gclid','Gclid','2023-01-02 21:22:53','2023-01-02 21:22:53'),(3113,1,'en','plugins/ecommerce/order','referral_data.fclid','Fclid','2023-01-02 21:22:53','2023-01-02 21:22:53'),(3114,1,'en','plugins/ecommerce/order','referral_data.utm_source','UTM source','2023-01-02 21:22:53','2023-01-02 21:22:53'),(3115,1,'en','plugins/ecommerce/order','referral_data.utm_campaign','UTM campaign','2023-01-02 21:22:53','2023-01-02 21:22:53'),(3116,1,'en','plugins/ecommerce/order','referral_data.utm_medium','UTM medium','2023-01-02 21:22:53','2023-01-02 21:22:53'),(3117,1,'en','plugins/ecommerce/order','referral_data.utm_term','UTM term','2023-01-02 21:22:53','2023-01-02 21:22:53'),(3118,1,'en','plugins/ecommerce/order','referral_data.utm_content','UTM content','2023-01-02 21:22:53','2023-01-02 21:22:53'),(3119,1,'en','plugins/ecommerce/order','referral_data.referral','Referral','2023-01-02 21:22:53','2023-01-02 21:22:53'),(3120,1,'en','plugins/ecommerce/order','referral_data.referrer_url','Referral URL','2023-01-02 21:22:53','2023-01-02 21:22:53'),(3121,1,'en','plugins/ecommerce/order','referral_data.referrer_domain','Referral domain','2023-01-02 21:22:53','2023-01-02 21:22:53'),(3122,1,'en','plugins/ecommerce/order','order_address_types.shipping_address','Shipping address','2023-01-02 21:22:53','2023-01-02 21:22:53'),(3123,1,'en','plugins/ecommerce/order','order_address_types.billing_address','Billing address','2023-01-02 21:22:53','2023-01-02 21:22:53'),(3124,1,'en','plugins/ecommerce/order','order_return_reasons.damaged','Damaged product','2023-01-02 21:22:53','2023-01-02 21:22:53'),(3125,1,'en','plugins/ecommerce/order','order_return_reasons.defective','Defective','2023-01-02 21:22:53','2023-01-02 21:22:53'),(3126,1,'en','plugins/ecommerce/order','order_return_reasons.incorrect_item','Incorrect item','2023-01-02 21:22:53','2023-01-02 21:22:53'),(3127,1,'en','plugins/ecommerce/order','order_return_reasons.arrived_late','Arrived late','2023-01-02 21:22:53','2023-01-02 21:22:53'),(3128,1,'en','plugins/ecommerce/order','order_return_reasons.not_as_described','Not as described','2023-01-02 21:22:53','2023-01-02 21:22:53'),(3129,1,'en','plugins/ecommerce/order','order_return_reasons.no_longer_want','No longer want','2023-01-02 21:22:53','2023-01-02 21:22:53'),(3130,1,'en','plugins/ecommerce/order','order_return_reasons.other','Other','2023-01-02 21:22:53','2023-01-02 21:22:53'),(3131,1,'en','plugins/ecommerce/order','notices.update_return_order_status_error','Cannot update return order status! Maybe the return order status is not valid.','2023-01-02 21:22:53','2023-01-02 21:22:53'),(3132,1,'en','plugins/ecommerce/order','notices.update_return_order_status_success','Update return order status successfully!','2023-01-02 21:22:53','2023-01-02 21:22:53'),(3133,1,'en','plugins/ecommerce/order','order_return','Order returns','2023-01-02 21:22:53','2023-01-02 21:22:53'),(3134,1,'en','plugins/ecommerce/order','order_return_items_count','Product item(s)','2023-01-02 21:22:53','2023-01-02 21:22:53'),(3135,1,'en','plugins/ecommerce/payment','name','Payments','2023-01-02 21:22:53','2023-01-02 21:22:53'),(3136,1,'en','plugins/ecommerce/payment','payment_method','Payment methods','2023-01-02 21:22:53','2023-01-02 21:22:53'),(3137,1,'en','plugins/ecommerce/payment','view_payment','View payment #','2023-01-02 21:22:53','2023-01-02 21:22:53'),(3138,1,'en','plugins/ecommerce/payment','charge_id','Charge ID','2023-01-02 21:22:53','2023-01-02 21:22:53'),(3139,1,'en','plugins/ecommerce/payment','amount','Amount','2023-01-02 21:22:53','2023-01-02 21:22:53'),(3140,1,'en','plugins/ecommerce/payment','currency','Currency','2023-01-02 21:22:53','2023-01-02 21:22:53'),(3141,1,'en','plugins/ecommerce/payment','user','User','2023-01-02 21:22:53','2023-01-02 21:22:53'),(3142,1,'en','plugins/ecommerce/payment','paypal_name_required','PayPal\'s name is required!','2023-01-02 21:22:53','2023-01-02 21:22:53'),(3143,1,'en','plugins/ecommerce/payment','paypal_name_max','PayPal\'s name is too long!','2023-01-02 21:22:53','2023-01-02 21:22:53'),(3144,1,'en','plugins/ecommerce/payment','status','Status','2023-01-02 21:22:53','2023-01-02 21:22:53'),(3145,1,'en','plugins/ecommerce/payment','enabled','Enabled','2023-01-02 21:22:53','2023-01-02 21:22:53'),(3146,1,'en','plugins/ecommerce/payment','disabled','Disabled','2023-01-02 21:22:53','2023-01-02 21:22:53'),(3147,1,'en','plugins/ecommerce/payment','client_id','Client ID','2023-01-02 21:22:53','2023-01-02 21:22:53'),(3148,1,'en','plugins/ecommerce/payment','client_secret','Client Secret','2023-01-02 21:22:53','2023-01-02 21:22:53'),(3149,1,'en','plugins/ecommerce/payment','mode','Mode','2023-01-02 21:22:53','2023-01-02 21:22:53'),(3150,1,'en','plugins/ecommerce/payment','sandbox','Sandbox','2023-01-02 21:22:53','2023-01-02 21:22:53'),(3151,1,'en','plugins/ecommerce/payment','live','Live','2023-01-02 21:22:53','2023-01-02 21:22:53'),(3152,1,'en','plugins/ecommerce/payment','enable_payment_log','Enable Payment Log','2023-01-02 21:22:53','2023-01-02 21:22:53'),(3153,1,'en','plugins/ecommerce/payment','yes','Yes','2023-01-02 21:22:53','2023-01-02 21:22:53'),(3154,1,'en','plugins/ecommerce/payment','no','No','2023-01-02 21:22:53','2023-01-02 21:22:53'),(3155,1,'en','plugins/ecommerce/payment','client_key','Client Key','2023-01-02 21:22:53','2023-01-02 21:22:53'),(3156,1,'en','plugins/ecommerce/payment','paypal','PayPal','2023-01-02 21:22:53','2023-01-02 21:22:53'),(3157,1,'en','plugins/ecommerce/payment','action','Action','2023-01-02 21:22:53','2023-01-02 21:22:53'),(3158,1,'en','plugins/ecommerce/payment','go_back','Go back','2023-01-02 21:22:53','2023-01-02 21:22:53'),(3159,1,'en','plugins/ecommerce/payment','view','View','2023-01-02 21:22:53','2023-01-02 21:22:53'),(3160,1,'en','plugins/ecommerce/payment','cash_on_delivery','Cash on delivery (COD)','2023-01-02 21:22:53','2023-01-02 21:22:53'),(3161,1,'en','plugins/ecommerce/payment','via_bank_transfer','Via bank transfer','2023-01-02 21:22:53','2023-01-02 21:22:53'),(3162,1,'en','plugins/ecommerce/payment','payment_via_cart','Payment via card','2023-01-02 21:22:53','2023-01-02 21:22:53'),(3163,1,'en','plugins/ecommerce/payment','card_number','Card number','2023-01-02 21:22:53','2023-01-02 21:22:53'),(3164,1,'en','plugins/ecommerce/payment','full_name','Full name','2023-01-02 21:22:53','2023-01-02 21:22:53'),(3165,1,'en','plugins/ecommerce/payment','payment_via_paypal','Payment via PayPal','2023-01-02 21:22:53','2023-01-02 21:22:53'),(3166,1,'en','plugins/ecommerce/payment','mm_yy','MM/YY','2023-01-02 21:22:53','2023-01-02 21:22:53'),(3167,1,'en','plugins/ecommerce/payment','cvc','CVC','2023-01-02 21:22:53','2023-01-02 21:22:53'),(3168,1,'en','plugins/ecommerce/payment','details','Details','2023-01-02 21:22:53','2023-01-02 21:22:53'),(3169,1,'en','plugins/ecommerce/payment','payer_name','Payer Name','2023-01-02 21:22:53','2023-01-02 21:22:53'),(3170,1,'en','plugins/ecommerce/payment','email','Email','2023-01-02 21:22:53','2023-01-02 21:22:53'),(3171,1,'en','plugins/ecommerce/payment','phone','Phone','2023-01-02 21:22:53','2023-01-02 21:22:53'),(3172,1,'en','plugins/ecommerce/payment','country','Country','2023-01-02 21:22:53','2023-01-02 21:22:53'),(3173,1,'en','plugins/ecommerce/payment','shipping_address','Shipping Address','2023-01-02 21:22:53','2023-01-02 21:22:53'),(3174,1,'en','plugins/ecommerce/payment','payment_details','Payment Details','2023-01-02 21:22:53','2023-01-02 21:22:53'),(3175,1,'en','plugins/ecommerce/payment','card','Card','2023-01-02 21:22:53','2023-01-02 21:22:53'),(3176,1,'en','plugins/ecommerce/payment','address','Address','2023-01-02 21:22:53','2023-01-02 21:22:53'),(3177,1,'en','plugins/ecommerce/payment','new_payment','Payment for order :id','2023-01-02 21:22:53','2023-01-02 21:22:53'),(3178,1,'en','plugins/ecommerce/payment','payment_id','Payment ID','2023-01-02 21:22:54','2023-01-02 21:22:54'),(3179,1,'en','plugins/ecommerce/prices','name','Price','2023-01-02 21:22:54','2023-01-02 21:22:54'),(3180,1,'en','plugins/ecommerce/prices','create','New price','2023-01-02 21:22:54','2023-01-02 21:22:54'),(3181,1,'en','plugins/ecommerce/prices','edit','Edit price','2023-01-02 21:22:54','2023-01-02 21:22:54'),(3182,1,'en','plugins/ecommerce/prices','list','List price','2023-01-02 21:22:54','2023-01-02 21:22:54'),(3183,1,'en','plugins/ecommerce/product-attribute-sets','name','Product attribute sets','2023-01-02 21:22:54','2023-01-02 21:22:54'),(3184,1,'en','plugins/ecommerce/product-attribute-sets','create','New product attribute set','2023-01-02 21:22:54','2023-01-02 21:22:54'),(3185,1,'en','plugins/ecommerce/product-attribute-sets','edit','Edit product attribute set','2023-01-02 21:22:54','2023-01-02 21:22:54'),(3186,1,'en','plugins/ecommerce/product-attribute-sets','visible_in_categories','Visible in categories','2023-01-02 21:22:54','2023-01-02 21:22:54'),(3187,1,'en','plugins/ecommerce/product-attribute-sets','product_with_more_version','Product with more version','2023-01-02 21:22:54','2023-01-02 21:22:54'),(3188,1,'en','plugins/ecommerce/product-attribute-sets','create_a_version','Create a version','2023-01-02 21:22:54','2023-01-02 21:22:54'),(3189,1,'en','plugins/ecommerce/product-attribute-sets','enabled','Enabled','2023-01-02 21:22:54','2023-01-02 21:22:54'),(3190,1,'en','plugins/ecommerce/product-attribute-sets','attributes','Attributes','2023-01-02 21:22:54','2023-01-02 21:22:54'),(3191,1,'en','plugins/ecommerce/product-attribute-sets','price','Price','2023-01-02 21:22:54','2023-01-02 21:22:54'),(3192,1,'en','plugins/ecommerce/product-attribute-sets','edit_btn','Edit','2023-01-02 21:22:54','2023-01-02 21:22:54'),(3193,1,'en','plugins/ecommerce/product-attribute-sets','remove_btn','Remove','2023-01-02 21:22:54','2023-01-02 21:22:54'),(3194,1,'en','plugins/ecommerce/product-attribute-sets','product','Product','2023-01-02 21:22:54','2023-01-02 21:22:54'),(3195,1,'en','plugins/ecommerce/product-attribute-sets','back_to_product','Back to product','2023-01-02 21:22:54','2023-01-02 21:22:54'),(3196,1,'en','plugins/ecommerce/product-attribute-sets','save','Save','2023-01-02 21:22:54','2023-01-02 21:22:54'),(3197,1,'en','plugins/ecommerce/product-attribute-sets','other_existing_versions','Other existing versions','2023-01-02 21:22:54','2023-01-02 21:22:54'),(3198,1,'en','plugins/ecommerce/product-attribute-sets','version_information','Version information','2023-01-02 21:22:54','2023-01-02 21:22:54'),(3199,1,'en','plugins/ecommerce/product-attribute-sets','add_rule','Add rule','2023-01-02 21:22:54','2023-01-02 21:22:54'),(3200,1,'en','plugins/ecommerce/product-attribute-sets','rules','Rules','2023-01-02 21:22:54','2023-01-02 21:22:54'),(3201,1,'en','plugins/ecommerce/product-attribute-sets','pricing','Pricing','2023-01-02 21:22:54','2023-01-02 21:22:54'),(3202,1,'en','plugins/ecommerce/product-attribute-sets','sale_price','Sale price','2023-01-02 21:22:54','2023-01-02 21:22:54'),(3203,1,'en','plugins/ecommerce/product-attribute-sets','sale_type','Sale type','2023-01-02 21:22:54','2023-01-02 21:22:54'),(3204,1,'en','plugins/ecommerce/product-attribute-sets','no_sale_price','No sale price','2023-01-02 21:22:54','2023-01-02 21:22:54'),(3205,1,'en','plugins/ecommerce/product-attribute-sets','always_on_sale','Always on sale','2023-01-02 21:22:54','2023-01-02 21:22:54'),(3206,1,'en','plugins/ecommerce/product-attribute-sets','limited_time','Limited time','2023-01-02 21:22:54','2023-01-02 21:22:54'),(3207,1,'en','plugins/ecommerce/product-attribute-sets','from','From','2023-01-02 21:22:54','2023-01-02 21:22:54'),(3208,1,'en','plugins/ecommerce/product-attribute-sets','to','To','2023-01-02 21:22:54','2023-01-02 21:22:54'),(3209,1,'en','plugins/ecommerce/product-attribute-sets','storehouse','Storehouse','2023-01-02 21:22:54','2023-01-02 21:22:54'),(3210,1,'en','plugins/ecommerce/product-attribute-sets','no_storehouse_management','No storehouse management','2023-01-02 21:22:54','2023-01-02 21:22:54'),(3211,1,'en','plugins/ecommerce/product-attribute-sets','with_storehouse_management','With storehouse management','2023-01-02 21:22:54','2023-01-02 21:22:54'),(3212,1,'en','plugins/ecommerce/product-attribute-sets','quantity','Quantity','2023-01-02 21:22:54','2023-01-02 21:22:54'),(3213,1,'en','plugins/ecommerce/product-attribute-sets','allow_customer_checkout_out_of_stock','Allow customer checkout when this product out of stock','2023-01-02 21:22:54','2023-01-02 21:22:54'),(3214,1,'en','plugins/ecommerce/product-attribute-sets','shipping','Shipping','2023-01-02 21:22:54','2023-01-02 21:22:54'),(3215,1,'en','plugins/ecommerce/product-attribute-sets','length','Length','2023-01-02 21:22:54','2023-01-02 21:22:54'),(3216,1,'en','plugins/ecommerce/product-attribute-sets','wide','Wide','2023-01-02 21:22:54','2023-01-02 21:22:54'),(3217,1,'en','plugins/ecommerce/product-attribute-sets','height','Height','2023-01-02 21:22:54','2023-01-02 21:22:54'),(3218,1,'en','plugins/ecommerce/product-attribute-sets','weight','Weight','2023-01-02 21:22:54','2023-01-02 21:22:54'),(3219,1,'en','plugins/ecommerce/product-attribute-sets','version_images','Version images','2023-01-02 21:22:54','2023-01-02 21:22:54'),(3220,1,'en','plugins/ecommerce/product-attribute-sets','add_new_image','Add new image','2023-01-02 21:22:54','2023-01-02 21:22:54'),(3221,1,'en','plugins/ecommerce/product-attribute-sets','attribute_set','Attribute set','2023-01-02 21:22:54','2023-01-02 21:22:54'),(3222,1,'en','plugins/ecommerce/product-attribute-sets','value','Value','2023-01-02 21:22:54','2023-01-02 21:22:54'),(3223,1,'en','plugins/ecommerce/product-attribute-sets','dropdown_swatch','Dropdown Swatch','2023-01-02 21:22:54','2023-01-02 21:22:54'),(3224,1,'en','plugins/ecommerce/product-attribute-sets','visual_swatch','Visual Swatch','2023-01-02 21:22:54','2023-01-02 21:22:54'),(3225,1,'en','plugins/ecommerce/product-attribute-sets','text_swatch','Text Swatch','2023-01-02 21:22:54','2023-01-02 21:22:54'),(3226,1,'en','plugins/ecommerce/product-attribute-sets','display_layout','Display Layout','2023-01-02 21:22:54','2023-01-02 21:22:54'),(3227,1,'en','plugins/ecommerce/product-attribute-sets','searchable','Searchable','2023-01-02 21:22:54','2023-01-02 21:22:54'),(3228,1,'en','plugins/ecommerce/product-attribute-sets','comparable','Comparable','2023-01-02 21:22:54','2023-01-02 21:22:54'),(3229,1,'en','plugins/ecommerce/product-attribute-sets','use_in_product_listing','Used in product listing','2023-01-02 21:22:54','2023-01-02 21:22:54'),(3230,1,'en','plugins/ecommerce/product-attribute-sets','attributes_list','Attributes list','2023-01-02 21:22:54','2023-01-02 21:22:54'),(3231,1,'en','plugins/ecommerce/product-attribute-sets','is_default','Is default?','2023-01-02 21:22:54','2023-01-02 21:22:54'),(3232,1,'en','plugins/ecommerce/product-attribute-sets','title','Title','2023-01-02 21:22:54','2023-01-02 21:22:54'),(3233,1,'en','plugins/ecommerce/product-attribute-sets','slug','Slug','2023-01-02 21:22:54','2023-01-02 21:22:54'),(3234,1,'en','plugins/ecommerce/product-attribute-sets','color','Color','2023-01-02 21:22:54','2023-01-02 21:22:54'),(3235,1,'en','plugins/ecommerce/product-attribute-sets','image','Image','2023-01-02 21:22:54','2023-01-02 21:22:54'),(3236,1,'en','plugins/ecommerce/product-attribute-sets','remove','Remove','2023-01-02 21:22:54','2023-01-02 21:22:54'),(3237,1,'en','plugins/ecommerce/product-attribute-sets','add_new_attribute','Add new attribute','2023-01-02 21:22:54','2023-01-02 21:22:54'),(3238,1,'en','plugins/ecommerce/product-attribute-sets','use_image_from_product_variation','Use image from product variation (for Visual Swatch only)','2023-01-02 21:22:54','2023-01-02 21:22:54'),(3239,1,'en','plugins/ecommerce/product-attributes','name','Product attributes','2023-01-02 21:22:54','2023-01-02 21:22:54'),(3240,1,'en','plugins/ecommerce/product-attributes','create','New product attribute','2023-01-02 21:22:54','2023-01-02 21:22:54'),(3241,1,'en','plugins/ecommerce/product-attributes','edit','Edit product attribute','2023-01-02 21:22:54','2023-01-02 21:22:54'),(3242,1,'en','plugins/ecommerce/product-attributes','intro.title','Manage product attributes','2023-01-02 21:22:54','2023-01-02 21:22:54'),(3243,1,'en','plugins/ecommerce/product-attributes','intro.description','Product attribute such as color, width, height ...','2023-01-02 21:22:54','2023-01-02 21:22:54'),(3244,1,'en','plugins/ecommerce/product-attributes','intro.button_text','Create product attribute','2023-01-02 21:22:54','2023-01-02 21:22:54'),(3245,1,'en','plugins/ecommerce/product-categories','name','Product categories','2023-01-02 21:22:54','2023-01-02 21:22:54'),(3246,1,'en','plugins/ecommerce/product-categories','create','Create new product category','2023-01-02 21:22:54','2023-01-02 21:22:54'),(3247,1,'en','plugins/ecommerce/product-categories','edit','Edit product category','2023-01-02 21:22:54','2023-01-02 21:22:54'),(3248,1,'en','plugins/ecommerce/product-categories','list','List product categories','2023-01-02 21:22:54','2023-01-02 21:22:54'),(3249,1,'en','plugins/ecommerce/product-categories','none','None','2023-01-02 21:22:54','2023-01-02 21:22:54'),(3250,1,'en','plugins/ecommerce/product-categories','menu','Product categories','2023-01-02 21:22:54','2023-01-02 21:22:54'),(3251,1,'en','plugins/ecommerce/product-categories','intro.title','Manage product categories','2023-01-02 21:22:54','2023-01-02 21:22:54'),(3252,1,'en','plugins/ecommerce/product-categories','intro.description','Such as clothes, shoes, bags, jewelry ...','2023-01-02 21:22:54','2023-01-02 21:22:54'),(3253,1,'en','plugins/ecommerce/product-categories','intro.button_text','Create product category','2023-01-02 21:22:54','2023-01-02 21:22:54'),(3254,1,'en','plugins/ecommerce/product-categories','total_products','Total products: :total','2023-01-02 21:22:54','2023-01-02 21:22:54'),(3255,1,'en','plugins/ecommerce/product-collections','name','Product collections','2023-01-02 21:22:54','2023-01-02 21:22:54'),(3256,1,'en','plugins/ecommerce/product-collections','create','New product collection','2023-01-02 21:22:54','2023-01-02 21:22:54'),(3257,1,'en','plugins/ecommerce/product-collections','edit','Edit product collection','2023-01-02 21:22:54','2023-01-02 21:22:54'),(3258,1,'en','plugins/ecommerce/product-collections','slug_help_block','Label key: <code>:slug</code>. We will use this key for filter.','2023-01-02 21:22:54','2023-01-02 21:22:54'),(3259,1,'en','plugins/ecommerce/product-collections','intro.title','Manage product collections','2023-01-02 21:22:54','2023-01-02 21:22:54'),(3260,1,'en','plugins/ecommerce/product-collections','intro.description','Group your products into collections to make it easier for customers to find them by category.','2023-01-02 21:22:54','2023-01-02 21:22:54'),(3261,1,'en','plugins/ecommerce/product-collections','intro.button_text','Create product collection','2023-01-02 21:22:54','2023-01-02 21:22:54'),(3262,1,'en','plugins/ecommerce/product-label','name','Product labels','2023-01-02 21:22:54','2023-01-02 21:22:54'),(3263,1,'en','plugins/ecommerce/product-label','create','New product label','2023-01-02 21:22:54','2023-01-02 21:22:54'),(3264,1,'en','plugins/ecommerce/product-label','edit','Edit product label','2023-01-02 21:22:54','2023-01-02 21:22:54'),(3265,1,'en','plugins/ecommerce/product-label','color','Color','2023-01-02 21:22:54','2023-01-02 21:22:54'),(3266,1,'en','plugins/ecommerce/product-label','color_placeholder','Example: #f0f0f0','2023-01-02 21:22:54','2023-01-02 21:22:54'),(3267,1,'en','plugins/ecommerce/product-option','name','Product Options','2023-01-02 21:22:54','2023-01-02 21:22:54'),(3268,1,'en','plugins/ecommerce/product-option','options','Options','2023-01-02 21:22:54','2023-01-02 21:22:54'),(3269,1,'en','plugins/ecommerce/product-option','create','New option','2023-01-02 21:22:54','2023-01-02 21:22:54'),(3270,1,'en','plugins/ecommerce/product-option','edit','Edit option','2023-01-02 21:22:54','2023-01-02 21:22:54'),(3271,1,'en','plugins/ecommerce/product-option','required','Is required?','2023-01-02 21:22:54','2023-01-02 21:22:54'),(3272,1,'en','plugins/ecommerce/product-option','option_value','Option value','2023-01-02 21:22:54','2023-01-02 21:22:54'),(3273,1,'en','plugins/ecommerce/product-option','option_type','Type','2023-01-02 21:22:54','2023-01-02 21:22:54'),(3274,1,'en','plugins/ecommerce/product-option','label','Label','2023-01-02 21:22:54','2023-01-02 21:22:54'),(3275,1,'en','plugins/ecommerce/product-option','price','Price','2023-01-02 21:22:54','2023-01-02 21:22:54'),(3276,1,'en','plugins/ecommerce/product-option','price_type','Price Type','2023-01-02 21:22:54','2023-01-02 21:22:54'),(3277,1,'en','plugins/ecommerce/product-option','percent','Percent','2023-01-02 21:22:54','2023-01-02 21:22:54'),(3278,1,'en','plugins/ecommerce/product-option','fixed','Fixed','2023-01-02 21:22:54','2023-01-02 21:22:54'),(3279,1,'en','plugins/ecommerce/product-option','label_placeholder','Please fill label','2023-01-02 21:22:54','2023-01-02 21:22:54'),(3280,1,'en','plugins/ecommerce/product-option','affect_price_label','Please fill affect price','2023-01-02 21:22:55','2023-01-02 21:22:55'),(3281,1,'en','plugins/ecommerce/product-option','add_new_row','Add new row','2023-01-02 21:22:55','2023-01-02 21:22:55'),(3282,1,'en','plugins/ecommerce/product-option','add_new_option','Add new option','2023-01-02 21:22:55','2023-01-02 21:22:55'),(3283,1,'en','plugins/ecommerce/product-option','select_global_option','Select Global Option','2023-01-02 21:22:55','2023-01-02 21:22:55'),(3284,1,'en','plugins/ecommerce/product-option','add_global_option','Add Global Option','2023-01-02 21:22:55','2023-01-02 21:22:55'),(3285,1,'en','plugins/ecommerce/product-option','please_select_option','Please select option','2023-01-02 21:22:55','2023-01-02 21:22:55'),(3286,1,'en','plugins/ecommerce/product-option','add_to_cart_value_required','Option :value is required','2023-01-02 21:22:55','2023-01-02 21:22:55'),(3287,1,'en','plugins/ecommerce/product-option','option_value_attribute','value :item of :value_key on option #:option_key','2023-01-02 21:22:55','2023-01-02 21:22:55'),(3288,1,'en','plugins/ecommerce/product-option','option_name_attribute','Option :key','2023-01-02 21:22:55','2023-01-02 21:22:55'),(3289,1,'en','plugins/ecommerce/product-option','option_type_attribute','Type of option :key','2023-01-02 21:22:55','2023-01-02 21:22:55'),(3290,1,'en','plugins/ecommerce/product-option','option_value_name_attribute','Values of option :key','2023-01-02 21:22:55','2023-01-02 21:22:55'),(3291,1,'en','plugins/ecommerce/product-tag','name','Product tags','2023-01-02 21:22:55','2023-01-02 21:22:55'),(3292,1,'en','plugins/ecommerce/product-tag','create','New product tag','2023-01-02 21:22:55','2023-01-02 21:22:55'),(3293,1,'en','plugins/ecommerce/product-tag','edit','Edit product tag','2023-01-02 21:22:55','2023-01-02 21:22:55'),(3294,1,'en','plugins/ecommerce/products','name','Products','2023-01-02 21:22:55','2023-01-02 21:22:55'),(3295,1,'en','plugins/ecommerce/products','create','New product','2023-01-02 21:22:55','2023-01-02 21:22:55'),(3296,1,'en','plugins/ecommerce/products','create_product_type.physical','New physical product','2023-01-02 21:22:55','2023-01-02 21:22:55'),(3297,1,'en','plugins/ecommerce/products','create_product_type.digital','New digital product','2023-01-02 21:22:55','2023-01-02 21:22:55'),(3298,1,'en','plugins/ecommerce/products','edit','Edit product - :name','2023-01-02 21:22:55','2023-01-02 21:22:55'),(3299,1,'en','plugins/ecommerce/products','form.name','Name','2023-01-02 21:22:55','2023-01-02 21:22:55'),(3300,1,'en','plugins/ecommerce/products','form.name_placeholder','Product\'s name (Maximum 120 characters)','2023-01-02 21:22:55','2023-01-02 21:22:55'),(3301,1,'en','plugins/ecommerce/products','form.description','Description','2023-01-02 21:22:55','2023-01-02 21:22:55'),(3302,1,'en','plugins/ecommerce/products','form.description_placeholder','Short description for product (Maximum 400 characters)','2023-01-02 21:22:55','2023-01-02 21:22:55'),(3303,1,'en','plugins/ecommerce/products','form.categories','Categories','2023-01-02 21:22:55','2023-01-02 21:22:55'),(3304,1,'en','plugins/ecommerce/products','form.content','Content','2023-01-02 21:22:55','2023-01-02 21:22:55'),(3305,1,'en','plugins/ecommerce/products','form.price','Price','2023-01-02 21:22:55','2023-01-02 21:22:55'),(3306,1,'en','plugins/ecommerce/products','form.quantity','Quantity','2023-01-02 21:22:55','2023-01-02 21:22:55'),(3307,1,'en','plugins/ecommerce/products','form.brand','Brand','2023-01-02 21:22:55','2023-01-02 21:22:55'),(3308,1,'en','plugins/ecommerce/products','form.width','Width','2023-01-02 21:22:55','2023-01-02 21:22:55'),(3309,1,'en','plugins/ecommerce/products','form.height','Height','2023-01-02 21:22:55','2023-01-02 21:22:55'),(3310,1,'en','plugins/ecommerce/products','form.weight','Weight','2023-01-02 21:22:55','2023-01-02 21:22:55'),(3311,1,'en','plugins/ecommerce/products','form.date.start','From date','2023-01-02 21:22:55','2023-01-02 21:22:55'),(3312,1,'en','plugins/ecommerce/products','form.date.end','To date','2023-01-02 21:22:55','2023-01-02 21:22:55'),(3313,1,'en','plugins/ecommerce/products','form.image','Images','2023-01-02 21:22:55','2023-01-02 21:22:55'),(3314,1,'en','plugins/ecommerce/products','form.collections','Product collections','2023-01-02 21:22:55','2023-01-02 21:22:55'),(3315,1,'en','plugins/ecommerce/products','form.labels','Labels','2023-01-02 21:22:55','2023-01-02 21:22:55'),(3316,1,'en','plugins/ecommerce/products','form.price_sale','Price sale','2023-01-02 21:22:55','2023-01-02 21:22:55'),(3317,1,'en','plugins/ecommerce/products','form.product_type.title','Product type','2023-01-02 21:22:55','2023-01-02 21:22:55'),(3318,1,'en','plugins/ecommerce/products','form.product','Product','2023-01-02 21:22:55','2023-01-02 21:22:55'),(3319,1,'en','plugins/ecommerce/products','form.total','Total','2023-01-02 21:22:55','2023-01-02 21:22:55'),(3320,1,'en','plugins/ecommerce/products','form.sub_total','Subtotal','2023-01-02 21:22:55','2023-01-02 21:22:55'),(3321,1,'en','plugins/ecommerce/products','form.shipping_fee','Shipping fee','2023-01-02 21:22:55','2023-01-02 21:22:55'),(3322,1,'en','plugins/ecommerce/products','form.discount','Discount','2023-01-02 21:22:55','2023-01-02 21:22:55'),(3323,1,'en','plugins/ecommerce/products','form.options','Options','2023-01-02 21:22:55','2023-01-02 21:22:55'),(3324,1,'en','plugins/ecommerce/products','form.shipping.height','Height','2023-01-02 21:22:55','2023-01-02 21:22:55'),(3325,1,'en','plugins/ecommerce/products','form.shipping.length','Length','2023-01-02 21:22:55','2023-01-02 21:22:55'),(3326,1,'en','plugins/ecommerce/products','form.shipping.title','Shipping','2023-01-02 21:22:55','2023-01-02 21:22:55'),(3327,1,'en','plugins/ecommerce/products','form.shipping.weight','Weight','2023-01-02 21:22:55','2023-01-02 21:22:55'),(3328,1,'en','plugins/ecommerce/products','form.shipping.wide','Wide','2023-01-02 21:22:55','2023-01-02 21:22:55'),(3329,1,'en','plugins/ecommerce/products','form.stock.allow_order_when_out','Allow customer checkout when this product out of stock','2023-01-02 21:22:55','2023-01-02 21:22:55'),(3330,1,'en','plugins/ecommerce/products','form.stock.in_stock','In stock','2023-01-02 21:22:55','2023-01-02 21:22:55'),(3331,1,'en','plugins/ecommerce/products','form.stock.out_stock','Out stock','2023-01-02 21:22:55','2023-01-02 21:22:55'),(3332,1,'en','plugins/ecommerce/products','form.stock.title','Stock status','2023-01-02 21:22:55','2023-01-02 21:22:55'),(3333,1,'en','plugins/ecommerce/products','form.storehouse.no_storehouse','No storehouse management','2023-01-02 21:22:55','2023-01-02 21:22:55'),(3334,1,'en','plugins/ecommerce/products','form.storehouse.storehouse','With storehouse management','2023-01-02 21:22:55','2023-01-02 21:22:55'),(3335,1,'en','plugins/ecommerce/products','form.storehouse.title','Storehouse','2023-01-02 21:22:55','2023-01-02 21:22:55'),(3336,1,'en','plugins/ecommerce/products','form.storehouse.quantity','Quantity','2023-01-02 21:22:55','2023-01-02 21:22:55'),(3337,1,'en','plugins/ecommerce/products','form.tax','Tax','2023-01-02 21:22:55','2023-01-02 21:22:55'),(3338,1,'en','plugins/ecommerce/products','form.taxes','Taxes','2023-01-02 21:22:55','2023-01-02 21:22:55'),(3339,1,'en','plugins/ecommerce/products','form.is_default','Is default','2023-01-02 21:22:55','2023-01-02 21:22:55'),(3340,1,'en','plugins/ecommerce/products','form.action','Action','2023-01-02 21:22:55','2023-01-02 21:22:55'),(3341,1,'en','plugins/ecommerce/products','form.restock_quantity','Restock quantity','2023-01-02 21:22:55','2023-01-02 21:22:55'),(3342,1,'en','plugins/ecommerce/products','form.remain','Remain','2023-01-02 21:22:55','2023-01-02 21:22:55'),(3343,1,'en','plugins/ecommerce/products','form.choose_discount_period','Choose Discount Period','2023-01-02 21:22:55','2023-01-02 21:22:55'),(3344,1,'en','plugins/ecommerce/products','form.cancel','Cancel','2023-01-02 21:22:55','2023-01-02 21:22:55'),(3345,1,'en','plugins/ecommerce/products','form.no_results','No results!','2023-01-02 21:22:55','2023-01-02 21:22:55'),(3346,1,'en','plugins/ecommerce/products','form.value','Value','2023-01-02 21:22:55','2023-01-02 21:22:55'),(3347,1,'en','plugins/ecommerce/products','form.attribute_name','Attribute name','2023-01-02 21:22:55','2023-01-02 21:22:55'),(3348,1,'en','plugins/ecommerce/products','form.add_more_attribute','Add more attribute','2023-01-02 21:22:55','2023-01-02 21:22:55'),(3349,1,'en','plugins/ecommerce/products','form.continue','Continue','2023-01-02 21:22:55','2023-01-02 21:22:55'),(3350,1,'en','plugins/ecommerce/products','form.add_new_attributes','Add new attributes','2023-01-02 21:22:55','2023-01-02 21:22:55'),(3351,1,'en','plugins/ecommerce/products','form.add_new_attributes_description','Adding new attributes helps the product to have many options, such as size or color.','2023-01-02 21:22:55','2023-01-02 21:22:55'),(3352,1,'en','plugins/ecommerce/products','form.create_product_variations',':link to create product variations!','2023-01-02 21:22:55','2023-01-02 21:22:55'),(3353,1,'en','plugins/ecommerce/products','form.tags','Tags','2023-01-02 21:22:55','2023-01-02 21:22:55'),(3354,1,'en','plugins/ecommerce/products','form.write_some_tags','Write some tags','2023-01-02 21:22:55','2023-01-02 21:22:55'),(3355,1,'en','plugins/ecommerce/products','form.variation_existed','This variation is existed.','2023-01-02 21:22:55','2023-01-02 21:22:55'),(3356,1,'en','plugins/ecommerce/products','form.no_attributes_selected','No attributes selected!','2023-01-02 21:22:55','2023-01-02 21:22:55'),(3357,1,'en','plugins/ecommerce/products','form.added_variation_success','Added variation successfully!','2023-01-02 21:22:55','2023-01-02 21:22:55'),(3358,1,'en','plugins/ecommerce/products','form.updated_variation_success','Updated variation successfully!','2023-01-02 21:22:55','2023-01-02 21:22:55'),(3359,1,'en','plugins/ecommerce/products','form.created_all_variation_success','Created all variations successfully!','2023-01-02 21:22:55','2023-01-02 21:22:55'),(3360,1,'en','plugins/ecommerce/products','form.updated_product_attributes_success','Updated product attributes successfully!','2023-01-02 21:22:55','2023-01-02 21:22:55'),(3361,1,'en','plugins/ecommerce/products','form.stock_status','Stock status','2023-01-02 21:22:55','2023-01-02 21:22:55'),(3362,1,'en','plugins/ecommerce/products','form.auto_generate_sku','Auto generate SKU?','2023-01-02 21:22:55','2023-01-02 21:22:55'),(3363,1,'en','plugins/ecommerce/products','form.featured_image','Featured image (optional)','2023-01-02 21:22:55','2023-01-02 21:22:55'),(3364,1,'en','plugins/ecommerce/products','form.product_id','Product ID','2023-01-02 21:22:55','2023-01-02 21:22:55'),(3365,1,'en','plugins/ecommerce/products','price','Price','2023-01-02 21:22:55','2023-01-02 21:22:55'),(3366,1,'en','plugins/ecommerce/products','quantity','Quantity','2023-01-02 21:22:55','2023-01-02 21:22:55'),(3367,1,'en','plugins/ecommerce/products','type','Type','2023-01-02 21:22:55','2023-01-02 21:22:55'),(3368,1,'en','plugins/ecommerce/products','image','Thumbnail','2023-01-02 21:22:55','2023-01-02 21:22:55'),(3369,1,'en','plugins/ecommerce/products','sku','SKU','2023-01-02 21:22:55','2023-01-02 21:22:55'),(3370,1,'en','plugins/ecommerce/products','variation_sku','Variation SKU','2023-01-02 21:22:55','2023-01-02 21:22:55'),(3371,1,'en','plugins/ecommerce/products','brand','Brand','2023-01-02 21:22:55','2023-01-02 21:22:55'),(3372,1,'en','plugins/ecommerce/products','cannot_delete','Product could not be deleted','2023-01-02 21:22:55','2023-01-02 21:22:55'),(3373,1,'en','plugins/ecommerce/products','product_deleted','Product deleted','2023-01-02 21:22:55','2023-01-02 21:22:55'),(3374,1,'en','plugins/ecommerce/products','product_collections','Product collections','2023-01-02 21:22:55','2023-01-02 21:22:55'),(3375,1,'en','plugins/ecommerce/products','products','Products','2023-01-02 21:22:55','2023-01-02 21:22:55'),(3376,1,'en','plugins/ecommerce/products','menu','Products','2023-01-02 21:22:55','2023-01-02 21:22:55'),(3377,1,'en','plugins/ecommerce/products','control.button_add_image','Add image','2023-01-02 21:22:55','2023-01-02 21:22:55'),(3378,1,'en','plugins/ecommerce/products','price_sale','Sale price','2023-01-02 21:22:55','2023-01-02 21:22:55'),(3379,1,'en','plugins/ecommerce/products','price_group_title','Manager product price','2023-01-02 21:22:55','2023-01-02 21:22:55'),(3380,1,'en','plugins/ecommerce/products','store_house_group_title','Manager store house','2023-01-02 21:22:55','2023-01-02 21:22:55'),(3381,1,'en','plugins/ecommerce/products','shipping_group_title','Manager shipping','2023-01-02 21:22:55','2023-01-02 21:22:55'),(3382,1,'en','plugins/ecommerce/products','overview','Overview','2023-01-02 21:22:55','2023-01-02 21:22:55'),(3383,1,'en','plugins/ecommerce/products','attributes','Attributes','2023-01-02 21:22:55','2023-01-02 21:22:55'),(3384,1,'en','plugins/ecommerce/products','product_has_variations','Product has variations','2023-01-02 21:22:55','2023-01-02 21:22:55'),(3385,1,'en','plugins/ecommerce/products','manage_products','Manage products','2023-01-02 21:22:55','2023-01-02 21:22:55'),(3386,1,'en','plugins/ecommerce/products','add_new_product','Add a new product','2023-01-02 21:22:55','2023-01-02 21:22:55'),(3387,1,'en','plugins/ecommerce/products','start_by_adding_new_product','Start by adding new products.','2023-01-02 21:22:55','2023-01-02 21:22:55'),(3388,1,'en','plugins/ecommerce/products','edit_this_product','Edit this product','2023-01-02 21:22:55','2023-01-02 21:22:55'),(3389,1,'en','plugins/ecommerce/products','delete','Delete','2023-01-02 21:22:55','2023-01-02 21:22:55'),(3390,1,'en','plugins/ecommerce/products','related_products','Related products','2023-01-02 21:22:55','2023-01-02 21:22:55'),(3391,1,'en','plugins/ecommerce/products','cross_selling_products','Cross-selling products','2023-01-02 21:22:55','2023-01-02 21:22:55'),(3392,1,'en','plugins/ecommerce/products','up_selling_products','Up-selling products','2023-01-02 21:22:55','2023-01-02 21:22:55'),(3393,1,'en','plugins/ecommerce/products','grouped_products','Grouped products','2023-01-02 21:22:55','2023-01-02 21:22:55'),(3394,1,'en','plugins/ecommerce/products','search_products','Search products','2023-01-02 21:22:55','2023-01-02 21:22:55'),(3395,1,'en','plugins/ecommerce/products','selected_products','Selected products','2023-01-02 21:22:55','2023-01-02 21:22:55'),(3396,1,'en','plugins/ecommerce/products','edit_variation_item','Edit','2023-01-02 21:22:55','2023-01-02 21:22:55'),(3397,1,'en','plugins/ecommerce/products','variations_box_description','Click on \"Edit attribute\" to add/remove attributes of variation or click on \"Add new variation\" to add variation.','2023-01-02 21:22:55','2023-01-02 21:22:55'),(3398,1,'en','plugins/ecommerce/products','save_changes','Save changes','2023-01-02 21:22:55','2023-01-02 21:22:55'),(3399,1,'en','plugins/ecommerce/products','continue','Continue','2023-01-02 21:22:55','2023-01-02 21:22:55'),(3400,1,'en','plugins/ecommerce/products','edit_attribute','Edit attribute','2023-01-02 21:22:55','2023-01-02 21:22:55'),(3401,1,'en','plugins/ecommerce/products','select_attribute','Select attribute','2023-01-02 21:22:55','2023-01-02 21:22:55'),(3402,1,'en','plugins/ecommerce/products','add_new_variation','Add new variation','2023-01-02 21:22:55','2023-01-02 21:22:55'),(3403,1,'en','plugins/ecommerce/products','edit_variation','Edit variation','2023-01-02 21:22:55','2023-01-02 21:22:55'),(3404,1,'en','plugins/ecommerce/products','generate_all_variations','Generate all variations','2023-01-02 21:22:55','2023-01-02 21:22:55'),(3405,1,'en','plugins/ecommerce/products','generate_all_variations_confirmation','Are you sure you want to generate all variations for this product?','2023-01-02 21:22:55','2023-01-02 21:22:55'),(3406,1,'en','plugins/ecommerce/products','delete_variation','Delete variation?','2023-01-02 21:22:55','2023-01-02 21:22:55'),(3407,1,'en','plugins/ecommerce/products','delete_variation_confirmation','Are you sure you want to delete this variation? This action cannot be undo.','2023-01-02 21:22:55','2023-01-02 21:22:55'),(3408,1,'en','plugins/ecommerce/products','delete_variations_confirmation','Are you sure you want to delete those variations? This action cannot be undo.','2023-01-02 21:22:55','2023-01-02 21:22:55'),(3409,1,'en','plugins/ecommerce/products','product_create_validate_name_required','Please enter product\'s name','2023-01-02 21:22:55','2023-01-02 21:22:55'),(3410,1,'en','plugins/ecommerce/products','product_create_validate_sale_price_max','The discount must be less than the original price','2023-01-02 21:22:55','2023-01-02 21:22:55'),(3411,1,'en','plugins/ecommerce/products','product_create_validate_sale_price_required_if','Must enter a discount when you want to schedule a promotion','2023-01-02 21:22:55','2023-01-02 21:22:55'),(3412,1,'en','plugins/ecommerce/products','product_create_validate_end_date_after','End date must be after start date','2023-01-02 21:22:55','2023-01-02 21:22:55'),(3413,1,'en','plugins/ecommerce/products','product_create_validate_start_date_required_if','Discount start date cannot be left blank when scheduling is selected','2023-01-02 21:22:55','2023-01-02 21:22:55'),(3414,1,'en','plugins/ecommerce/products','product_create_validate_sale_price','Discounts cannot be left blank when scheduling is selected','2023-01-02 21:22:55','2023-01-02 21:22:55'),(3415,1,'en','plugins/ecommerce/products','stock_statuses.in_stock','In stock','2023-01-02 21:22:55','2023-01-02 21:22:55'),(3416,1,'en','plugins/ecommerce/products','stock_statuses.out_of_stock','Out of stock','2023-01-02 21:22:55','2023-01-02 21:22:55'),(3417,1,'en','plugins/ecommerce/products','stock_statuses.on_backorder','On backorder','2023-01-02 21:22:55','2023-01-02 21:22:55'),(3418,1,'en','plugins/ecommerce/products','stock_status','Stock status','2023-01-02 21:22:55','2023-01-02 21:22:55'),(3419,1,'en','plugins/ecommerce/products','processing','Processing...','2023-01-02 21:22:55','2023-01-02 21:22:55'),(3420,1,'en','plugins/ecommerce/products','delete_selected_variations','Delete selected variations','2023-01-02 21:22:55','2023-01-02 21:22:55'),(3421,1,'en','plugins/ecommerce/products','delete_variations','Delete variations','2023-01-02 21:22:56','2023-01-02 21:22:56'),(3422,1,'en','plugins/ecommerce/products','category','Category','2023-01-02 21:22:56','2023-01-02 21:22:56'),(3423,1,'en','plugins/ecommerce/products','product_price_flash_sale_warning','This product is in flash sale <strong>:name</strong> so its price is <strong>:price</strong>.','2023-01-02 21:22:56','2023-01-02 21:22:56'),(3424,1,'en','plugins/ecommerce/products','product_price_discount_warning','This product is in discount <strong>:name</strong> so its price is <strong>:price</strong>.','2023-01-02 21:22:56','2023-01-02 21:22:56'),(3425,1,'en','plugins/ecommerce/products','product_image','Product image','2023-01-02 21:22:56','2023-01-02 21:22:56'),(3426,1,'en','plugins/ecommerce/products','product_name','Product name','2023-01-02 21:22:56','2023-01-02 21:22:56'),(3427,1,'en','plugins/ecommerce/products','types.physical','Physical','2023-01-02 21:22:56','2023-01-02 21:22:56'),(3428,1,'en','plugins/ecommerce/products','types.digital','Digital','2023-01-02 21:22:56','2023-01-02 21:22:56'),(3429,1,'en','plugins/ecommerce/products','digital_attachments.title','Digital attachments','2023-01-02 21:22:56','2023-01-02 21:22:56'),(3430,1,'en','plugins/ecommerce/products','digital_attachments.add','Add Attachment','2023-01-02 21:22:56','2023-01-02 21:22:56'),(3431,1,'en','plugins/ecommerce/products','digital_attachments.file_name','File name','2023-01-02 21:22:56','2023-01-02 21:22:56'),(3432,1,'en','plugins/ecommerce/products','digital_attachments.file_size','File size','2023-01-02 21:22:56','2023-01-02 21:22:56'),(3433,1,'en','plugins/ecommerce/products','digital_attachments.unsaved','Unsaved','2023-01-02 21:22:56','2023-01-02 21:22:56'),(3434,1,'en','plugins/ecommerce/reports','name','Report','2023-01-02 21:22:56','2023-01-02 21:22:56'),(3435,1,'en','plugins/ecommerce/reports','widget.order.title','Orders','2023-01-02 21:22:56','2023-01-02 21:22:56'),(3436,1,'en','plugins/ecommerce/reports','count.revenue','Today revenue','2023-01-02 21:22:56','2023-01-02 21:22:56'),(3437,1,'en','plugins/ecommerce/reports','count.orders','Today orders','2023-01-02 21:22:56','2023-01-02 21:22:56'),(3438,1,'en','plugins/ecommerce/reports','count.products','Total products','2023-01-02 21:22:56','2023-01-02 21:22:56'),(3439,1,'en','plugins/ecommerce/reports','count.customers','Total customers','2023-01-02 21:22:56','2023-01-02 21:22:56'),(3440,1,'en','plugins/ecommerce/reports','product_name','Product name','2023-01-02 21:22:56','2023-01-02 21:22:56'),(3441,1,'en','plugins/ecommerce/reports','quantity','Quantity','2023-01-02 21:22:56','2023-01-02 21:22:56'),(3442,1,'en','plugins/ecommerce/reports','revenue_statistics','Revenue statistics','2023-01-02 21:22:56','2023-01-02 21:22:56'),(3443,1,'en','plugins/ecommerce/reports','top_selling_products','Top Selling Products','2023-01-02 21:22:56','2023-01-02 21:22:56'),(3444,1,'en','plugins/ecommerce/reports','ranges.today','Today','2023-01-02 21:22:56','2023-01-02 21:22:56'),(3445,1,'en','plugins/ecommerce/reports','ranges.this_week','This week','2023-01-02 21:22:56','2023-01-02 21:22:56'),(3446,1,'en','plugins/ecommerce/reports','ranges.last_7_days','Last 7 days','2023-01-02 21:22:56','2023-01-02 21:22:56'),(3447,1,'en','plugins/ecommerce/reports','ranges.last_30_days','Last 30 days','2023-01-02 21:22:56','2023-01-02 21:22:56'),(3448,1,'en','plugins/ecommerce/reports','ranges.this_month','This month','2023-01-02 21:22:56','2023-01-02 21:22:56'),(3449,1,'en','plugins/ecommerce/reports','ranges.this_year','This year','2023-01-02 21:22:56','2023-01-02 21:22:56'),(3450,1,'en','plugins/ecommerce/reports','revenue_this_month','Revenue this month','2023-01-02 21:22:56','2023-01-02 21:22:56'),(3451,1,'en','plugins/ecommerce/reports','order_processing_this_month','order(s) processing in this month','2023-01-02 21:22:56','2023-01-02 21:22:56'),(3452,1,'en','plugins/ecommerce/reports','order_completed_this_month','order(s) completed in this month','2023-01-02 21:22:56','2023-01-02 21:22:56'),(3453,1,'en','plugins/ecommerce/reports','product_will_be_out_of_stock','product(s) will be out of stock soon','2023-01-02 21:22:56','2023-01-02 21:22:56'),(3454,1,'en','plugins/ecommerce/reports','product_out_of_stock','product(s) out of stock','2023-01-02 21:22:56','2023-01-02 21:22:56'),(3455,1,'en','plugins/ecommerce/reports','sales_reports','Sales Reports','2023-01-02 21:22:56','2023-01-02 21:22:56'),(3456,1,'en','plugins/ecommerce/reports','total_earnings','Total Earnings','2023-01-02 21:22:56','2023-01-02 21:22:56'),(3457,1,'en','plugins/ecommerce/reports','recent_orders','Recent Orders','2023-01-02 21:22:56','2023-01-02 21:22:56'),(3458,1,'en','plugins/ecommerce/reports','statistics','Statistics','2023-01-02 21:22:56','2023-01-02 21:22:56'),(3459,1,'en','plugins/ecommerce/reports','items_earning_sales','Items Earning Sales: :value','2023-01-02 21:22:56','2023-01-02 21:22:56'),(3460,1,'en','plugins/ecommerce/reports','revenue','Revenue','2023-01-02 21:22:56','2023-01-02 21:22:56'),(3461,1,'en','plugins/ecommerce/reports','orders','Orders','2023-01-02 21:22:56','2023-01-02 21:22:56'),(3462,1,'en','plugins/ecommerce/reports','products','Products','2023-01-02 21:22:56','2023-01-02 21:22:56'),(3463,1,'en','plugins/ecommerce/reports','customers','Customers','2023-01-02 21:22:56','2023-01-02 21:22:56'),(3464,1,'en','plugins/ecommerce/reports','earnings','Earnings','2023-01-02 21:22:56','2023-01-02 21:22:56'),(3465,1,'en','plugins/ecommerce/reports','date_range_format_value','From :from to :to','2023-01-02 21:22:56','2023-01-02 21:22:56'),(3466,1,'en','plugins/ecommerce/reports','select_range','Select Range','2023-01-02 21:22:56','2023-01-02 21:22:56'),(3467,1,'en','plugins/ecommerce/review','name','Reviews','2023-01-02 21:22:56','2023-01-02 21:22:56'),(3468,1,'en','plugins/ecommerce/review','add_review','Add review','2023-01-02 21:22:56','2023-01-02 21:22:56'),(3469,1,'en','plugins/ecommerce/review','delete_review','Delete review','2023-01-02 21:22:56','2023-01-02 21:22:56'),(3470,1,'en','plugins/ecommerce/review','create_review','Create Review','2023-01-02 21:22:56','2023-01-02 21:22:56'),(3471,1,'en','plugins/ecommerce/review','please_select_rating','Please select rating','2023-01-02 21:22:56','2023-01-02 21:22:56'),(3472,1,'en','plugins/ecommerce/review','comment','Comment','2023-01-02 21:22:56','2023-01-02 21:22:56'),(3473,1,'en','plugins/ecommerce/review','approve','Approve','2023-01-02 21:22:56','2023-01-02 21:22:56'),(3474,1,'en','plugins/ecommerce/review','approved','Approved','2023-01-02 21:22:56','2023-01-02 21:22:56'),(3475,1,'en','plugins/ecommerce/review','disapprove','Disapprove','2023-01-02 21:22:56','2023-01-02 21:22:56'),(3476,1,'en','plugins/ecommerce/review','disapproved','Disapproved','2023-01-02 21:22:56','2023-01-02 21:22:56'),(3477,1,'en','plugins/ecommerce/review','product','Product','2023-01-02 21:22:56','2023-01-02 21:22:56'),(3478,1,'en','plugins/ecommerce/review','user','User','2023-01-02 21:22:56','2023-01-02 21:22:56'),(3479,1,'en','plugins/ecommerce/review','star','Star','2023-01-02 21:22:56','2023-01-02 21:22:56'),(3480,1,'en','plugins/ecommerce/review','status','Status','2023-01-02 21:22:56','2023-01-02 21:22:56'),(3481,1,'en','plugins/ecommerce/review','list_review','Customer reviews','2023-01-02 21:22:56','2023-01-02 21:22:56'),(3482,1,'en','plugins/ecommerce/review','intro.title','Manage customer reviews','2023-01-02 21:22:56','2023-01-02 21:22:56'),(3483,1,'en','plugins/ecommerce/review','intro.description','Customer reviews will be shown here and you can manage it to show/hide in product detail page.','2023-01-02 21:22:56','2023-01-02 21:22:56'),(3484,1,'en','plugins/ecommerce/review','images','Images','2023-01-02 21:22:56','2023-01-02 21:22:56'),(3485,1,'en','plugins/ecommerce/shipping','name','Shipping Rules','2023-01-02 21:22:56','2023-01-02 21:22:56'),(3486,1,'en','plugins/ecommerce/shipping','shipping','Shipping','2023-01-02 21:22:56','2023-01-02 21:22:56'),(3487,1,'en','plugins/ecommerce/shipping','title','Title','2023-01-02 21:22:56','2023-01-02 21:22:56'),(3488,1,'en','plugins/ecommerce/shipping','amount','Amount','2023-01-02 21:22:56','2023-01-02 21:22:56'),(3489,1,'en','plugins/ecommerce/shipping','enable','Enable','2023-01-02 21:22:56','2023-01-02 21:22:56'),(3490,1,'en','plugins/ecommerce/shipping','enabled','Enabled','2023-01-02 21:22:56','2023-01-02 21:22:56'),(3491,1,'en','plugins/ecommerce/shipping','disable','Disable','2023-01-02 21:22:56','2023-01-02 21:22:56'),(3492,1,'en','plugins/ecommerce/shipping','disabled','Disabled','2023-01-02 21:22:56','2023-01-02 21:22:56'),(3493,1,'en','plugins/ecommerce/shipping','create_shipping','Create a shipping','2023-01-02 21:22:56','2023-01-02 21:22:56'),(3494,1,'en','plugins/ecommerce/shipping','edit_shipping','Edit shipping :code','2023-01-02 21:22:56','2023-01-02 21:22:56'),(3495,1,'en','plugins/ecommerce/shipping','status','Status','2023-01-02 21:22:56','2023-01-02 21:22:56'),(3496,1,'en','plugins/ecommerce/shipping','shipping_methods','Shipping methods','2023-01-02 21:22:56','2023-01-02 21:22:56'),(3497,1,'en','plugins/ecommerce/shipping','create_shipping_method','Create shipping method','2023-01-02 21:22:56','2023-01-02 21:22:56'),(3498,1,'en','plugins/ecommerce/shipping','edit_shipping_method','Edit shipping method','2023-01-02 21:22:56','2023-01-02 21:22:56'),(3499,1,'en','plugins/ecommerce/shipping','add_shipping_region','Add shipping region','2023-01-02 21:22:56','2023-01-02 21:22:56'),(3500,1,'en','plugins/ecommerce/shipping','country','Country','2023-01-02 21:22:56','2023-01-02 21:22:56'),(3501,1,'en','plugins/ecommerce/shipping','state','State','2023-01-02 21:22:56','2023-01-02 21:22:56'),(3502,1,'en','plugins/ecommerce/shipping','city','City','2023-01-02 21:22:56','2023-01-02 21:22:56'),(3503,1,'en','plugins/ecommerce/shipping','address','Address','2023-01-02 21:22:56','2023-01-02 21:22:56'),(3504,1,'en','plugins/ecommerce/shipping','phone','Phone','2023-01-02 21:22:56','2023-01-02 21:22:56'),(3505,1,'en','plugins/ecommerce/shipping','email','Email','2023-01-02 21:22:56','2023-01-02 21:22:56'),(3506,1,'en','plugins/ecommerce/shipping','zip_code','Zip code','2023-01-02 21:22:56','2023-01-02 21:22:56'),(3507,1,'en','plugins/ecommerce/shipping','methods.default','Default','2023-01-02 21:22:56','2023-01-02 21:22:56'),(3508,1,'en','plugins/ecommerce/shipping','statuses.not_approved','Not approved','2023-01-02 21:22:56','2023-01-02 21:22:56'),(3509,1,'en','plugins/ecommerce/shipping','statuses.approved','Approved','2023-01-02 21:22:56','2023-01-02 21:22:56'),(3510,1,'en','plugins/ecommerce/shipping','statuses.pending','Pending','2023-01-02 21:22:56','2023-01-02 21:22:56'),(3511,1,'en','plugins/ecommerce/shipping','statuses.arrange_shipment','Arrange shipment','2023-01-02 21:22:56','2023-01-02 21:22:56'),(3512,1,'en','plugins/ecommerce/shipping','statuses.ready_to_be_shipped_out','Ready to be shipped out','2023-01-02 21:22:56','2023-01-02 21:22:56'),(3513,1,'en','plugins/ecommerce/shipping','statuses.picking','Picking','2023-01-02 21:22:56','2023-01-02 21:22:56'),(3514,1,'en','plugins/ecommerce/shipping','statuses.delay_picking','Delay picking','2023-01-02 21:22:56','2023-01-02 21:22:56'),(3515,1,'en','plugins/ecommerce/shipping','statuses.picked','Picked','2023-01-02 21:22:56','2023-01-02 21:22:56'),(3516,1,'en','plugins/ecommerce/shipping','statuses.not_picked','Not picked','2023-01-02 21:22:56','2023-01-02 21:22:56'),(3517,1,'en','plugins/ecommerce/shipping','statuses.delivering','Delivering','2023-01-02 21:22:56','2023-01-02 21:22:56'),(3518,1,'en','plugins/ecommerce/shipping','statuses.delivered','Delivered','2023-01-02 21:22:56','2023-01-02 21:22:56'),(3519,1,'en','plugins/ecommerce/shipping','statuses.not_delivered','Not delivered','2023-01-02 21:22:56','2023-01-02 21:22:56'),(3520,1,'en','plugins/ecommerce/shipping','statuses.audited','Audited','2023-01-02 21:22:56','2023-01-02 21:22:56'),(3521,1,'en','plugins/ecommerce/shipping','statuses.canceled','Canceled','2023-01-02 21:22:56','2023-01-02 21:22:56'),(3522,1,'en','plugins/ecommerce/shipping','cod_statuses.pending','Pending','2023-01-02 21:22:56','2023-01-02 21:22:56'),(3523,1,'en','plugins/ecommerce/shipping','cod_statuses.completed','Completed','2023-01-02 21:22:56','2023-01-02 21:22:56'),(3524,1,'en','plugins/ecommerce/shipping','delete','Delete','2023-01-02 21:22:56','2023-01-02 21:22:56'),(3525,1,'en','plugins/ecommerce/shipping','shipping_rules','Shipping Rules','2023-01-02 21:22:56','2023-01-02 21:22:56'),(3526,1,'en','plugins/ecommerce/shipping','shipping_rules_description','Rules to calculate shipping fee.','2023-01-02 21:22:56','2023-01-02 21:22:56'),(3527,1,'en','plugins/ecommerce/shipping','select_country','Select country','2023-01-02 21:22:56','2023-01-02 21:22:56'),(3528,1,'en','plugins/ecommerce/shipping','add_shipping_rule','Add shipping rule','2023-01-02 21:22:57','2023-01-02 21:22:57'),(3529,1,'en','plugins/ecommerce/shipping','delete_shipping_rate','Delete shipping rate for area','2023-01-02 21:22:57','2023-01-02 21:22:57'),(3530,1,'en','plugins/ecommerce/shipping','delete_shipping_rate_confirmation','Are you sure you want to delete <strong class=\"region-price-item-label\"></strong> from this shipping area?','2023-01-02 21:22:57','2023-01-02 21:22:57'),(3531,1,'en','plugins/ecommerce/shipping','delete_shipping_area','Delete shipping area','2023-01-02 21:22:57','2023-01-02 21:22:57'),(3532,1,'en','plugins/ecommerce/shipping','delete_shipping_area_confirmation','Are you sure you want to delete shipping area <strong class=\"region-item-label\"></strong>?','2023-01-02 21:22:57','2023-01-02 21:22:57'),(3533,1,'en','plugins/ecommerce/shipping','add_shipping_fee_for_area','Add shipping fee for area','2023-01-02 21:22:57','2023-01-02 21:22:57'),(3534,1,'en','plugins/ecommerce/shipping','confirm','Confirm','2023-01-02 21:22:57','2023-01-02 21:22:57'),(3535,1,'en','plugins/ecommerce/shipping','save','Save','2023-01-02 21:22:57','2023-01-02 21:22:57'),(3536,1,'en','plugins/ecommerce/shipping','greater_than','Greater than','2023-01-02 21:22:57','2023-01-02 21:22:57'),(3537,1,'en','plugins/ecommerce/shipping','type','Type','2023-01-02 21:22:57','2023-01-02 21:22:57'),(3538,1,'en','plugins/ecommerce/shipping','shipping_rule_name','Name of shipping rule','2023-01-02 21:22:57','2023-01-02 21:22:57'),(3539,1,'en','plugins/ecommerce/shipping','shipping_fee','Shipping fee','2023-01-02 21:22:57','2023-01-02 21:22:57'),(3540,1,'en','plugins/ecommerce/shipping','cancel','Cancel','2023-01-02 21:22:57','2023-01-02 21:22:57'),(3541,1,'en','plugins/ecommerce/shipping','based_on_weight','Based on product\'s weight (:unit)','2023-01-02 21:22:57','2023-01-02 21:22:57'),(3542,1,'en','plugins/ecommerce/shipping','based_on_price','Based on product\'s price','2023-01-02 21:22:57','2023-01-02 21:22:57'),(3543,1,'en','plugins/ecommerce/shipping','shipment_canceled','Shipment was canceled','2023-01-02 21:22:57','2023-01-02 21:22:57'),(3544,1,'en','plugins/ecommerce/shipping','at','At','2023-01-02 21:22:57','2023-01-02 21:22:57'),(3545,1,'en','plugins/ecommerce/shipping','cash_on_delivery','Cash on delivery (COD)','2023-01-02 21:22:57','2023-01-02 21:22:57'),(3546,1,'en','plugins/ecommerce/shipping','update_shipping_status','Update shipping status','2023-01-02 21:22:57','2023-01-02 21:22:57'),(3547,1,'en','plugins/ecommerce/shipping','update_cod_status','Update COD status','2023-01-02 21:22:57','2023-01-02 21:22:57'),(3548,1,'en','plugins/ecommerce/shipping','history','History','2023-01-02 21:22:57','2023-01-02 21:22:57'),(3549,1,'en','plugins/ecommerce/shipping','shipment_information','Shipment information','2023-01-02 21:22:57','2023-01-02 21:22:57'),(3550,1,'en','plugins/ecommerce/shipping','order_number','Order number','2023-01-02 21:22:57','2023-01-02 21:22:57'),(3551,1,'en','plugins/ecommerce/shipping','shipping_method','Shipping method','2023-01-02 21:22:57','2023-01-02 21:22:57'),(3552,1,'en','plugins/ecommerce/shipping','select_shipping_method','Select shipping method','2023-01-02 21:22:57','2023-01-02 21:22:57'),(3553,1,'en','plugins/ecommerce/shipping','cod_status','COD status','2023-01-02 21:22:57','2023-01-02 21:22:57'),(3554,1,'en','plugins/ecommerce/shipping','shipping_status','Shipping status','2023-01-02 21:22:57','2023-01-02 21:22:57'),(3555,1,'en','plugins/ecommerce/shipping','customer_information','Customer information','2023-01-02 21:22:57','2023-01-02 21:22:57'),(3556,1,'en','plugins/ecommerce/shipping','sku','SKU','2023-01-02 21:22:57','2023-01-02 21:22:57'),(3557,1,'en','plugins/ecommerce/shipping','change_status_confirm_title','Confirm <span class=\"shipment-status-label\"></span> ?','2023-01-02 21:22:57','2023-01-02 21:22:57'),(3558,1,'en','plugins/ecommerce/shipping','change_status_confirm_description','Are you sure you want to confirm <span class=\"shipment-status-label\"></span> for this shipment?','2023-01-02 21:22:57','2023-01-02 21:22:57'),(3559,1,'en','plugins/ecommerce/shipping','accept','Accept','2023-01-02 21:22:57','2023-01-02 21:22:57'),(3560,1,'en','plugins/ecommerce/shipping','weight_unit','Weight (:unit)','2023-01-02 21:22:57','2023-01-02 21:22:57'),(3561,1,'en','plugins/ecommerce/shipping','updated_at','Last Update','2023-01-02 21:22:57','2023-01-02 21:22:57'),(3562,1,'en','plugins/ecommerce/shipping','cod_amount','Cash on delivery amount (COD)','2023-01-02 21:22:57','2023-01-02 21:22:57'),(3563,1,'en','plugins/ecommerce/shipping','cancel_shipping','Cancel shipping','2023-01-02 21:22:57','2023-01-02 21:22:57'),(3564,1,'en','plugins/ecommerce/shipping','shipping_address','Shipping address','2023-01-02 21:22:57','2023-01-02 21:22:57'),(3565,1,'en','plugins/ecommerce/shipping','packages','Packages','2023-01-02 21:22:57','2023-01-02 21:22:57'),(3566,1,'en','plugins/ecommerce/shipping','edit','Edit','2023-01-02 21:22:57','2023-01-02 21:22:57'),(3567,1,'en','plugins/ecommerce/shipping','fee','Fee','2023-01-02 21:22:57','2023-01-02 21:22:57'),(3568,1,'en','plugins/ecommerce/shipping','note','Note','2023-01-02 21:22:57','2023-01-02 21:22:57'),(3569,1,'en','plugins/ecommerce/shipping','finish','Finish','2023-01-02 21:22:57','2023-01-02 21:22:57'),(3570,1,'en','plugins/ecommerce/shipping','shipping_fee_cod','Shipping fee/COD','2023-01-02 21:22:57','2023-01-02 21:22:57'),(3571,1,'en','plugins/ecommerce/shipping','send_confirmation_email_to_customer','Send confirmation email to customer','2023-01-02 21:22:57','2023-01-02 21:22:57'),(3572,1,'en','plugins/ecommerce/shipping','form_name','Name','2023-01-02 21:22:57','2023-01-02 21:22:57'),(3573,1,'en','plugins/ecommerce/shipping','changed_shipping_status','Changed status of shipping to: :status. Updated by: %user_name%','2023-01-02 21:22:57','2023-01-02 21:22:57'),(3574,1,'en','plugins/ecommerce/shipping','order_confirmed_by','Order confirmed by %user_name%','2023-01-02 21:22:57','2023-01-02 21:22:57'),(3575,1,'en','plugins/ecommerce/shipping','shipping_canceled_by','Shipping is cancelled by %user_name%','2023-01-02 21:22:57','2023-01-02 21:22:57'),(3576,1,'en','plugins/ecommerce/shipping','update_shipping_status_success','Update shipping status successfully!','2023-01-02 21:22:57','2023-01-02 21:22:57'),(3577,1,'en','plugins/ecommerce/shipping','update_cod_status_success','Updated COD status of shipping successfully!','2023-01-02 21:22:57','2023-01-02 21:22:57'),(3578,1,'en','plugins/ecommerce/shipping','updated_cod_status_by','Updated COD status to :status . Updated by: %user_name%','2023-01-02 21:22:57','2023-01-02 21:22:57'),(3579,1,'en','plugins/ecommerce/shipping','all','All','2023-01-02 21:22:57','2023-01-02 21:22:57'),(3580,1,'en','plugins/ecommerce/shipping','error_when_adding_new_region','There is an error when adding new region!','2023-01-02 21:22:57','2023-01-02 21:22:57'),(3581,1,'en','plugins/ecommerce/shipping','delivery','Delivery','2023-01-02 21:22:57','2023-01-02 21:22:57'),(3582,1,'en','plugins/ecommerce/shipping','adjustment_price_of','Adjustment price of :key','2023-01-02 21:22:57','2023-01-02 21:22:57'),(3583,1,'en','plugins/ecommerce/shipping','warehouse','Warehouse','2023-01-02 21:22:57','2023-01-02 21:22:57'),(3584,1,'en','plugins/ecommerce/shipping','delivery_note','Delivery note','2023-01-02 21:22:57','2023-01-02 21:22:57'),(3585,1,'en','plugins/ecommerce/shipping','shipments','Shipments','2023-01-02 21:22:57','2023-01-02 21:22:57'),(3586,1,'en','plugins/ecommerce/shipping','order_id','Order ID','2023-01-02 21:22:57','2023-01-02 21:22:57'),(3587,1,'en','plugins/ecommerce/shipping','not_available','Not available','2023-01-02 21:22:57','2023-01-02 21:22:57'),(3588,1,'en','plugins/ecommerce/shipping','shipping_amount','Shipping Amount','2023-01-02 21:22:57','2023-01-02 21:22:57'),(3589,1,'en','plugins/ecommerce/shipping','additional_shipment_information','Additional shipment information','2023-01-02 21:22:57','2023-01-02 21:22:57'),(3590,1,'en','plugins/ecommerce/shipping','shipping_company_name','Shipping Company Name','2023-01-02 21:22:57','2023-01-02 21:22:57'),(3591,1,'en','plugins/ecommerce/shipping','tracking_id','Tracking ID','2023-01-02 21:22:57','2023-01-02 21:22:57'),(3592,1,'en','plugins/ecommerce/shipping','tracking_link','Tracking Link','2023-01-02 21:22:57','2023-01-02 21:22:57'),(3593,1,'en','plugins/ecommerce/shipping','estimate_date_shipped','Estimate Date Shipped','2023-01-02 21:22:57','2023-01-02 21:22:57'),(3594,1,'en','plugins/ecommerce/shipping','date_shipped','Date Shipped','2023-01-02 21:22:57','2023-01-02 21:22:57'),(3595,1,'en','plugins/ecommerce/shipping','add_note','Add note...','2023-01-02 21:22:57','2023-01-02 21:22:57'),(3596,1,'en','plugins/ecommerce/shipping','view_order','View Order :order_id','2023-01-02 21:22:57','2023-01-02 21:22:57'),(3597,1,'en','plugins/ecommerce/store-locator','name','Store locators','2023-01-02 21:22:57','2023-01-02 21:22:57'),(3598,1,'en','plugins/ecommerce/store-locator','description','This address will appear on your invoice and will be used to calculate your shipping price.','2023-01-02 21:22:57','2023-01-02 21:22:57'),(3599,1,'en','plugins/ecommerce/store-locator','shop_name','Shop name','2023-01-02 21:22:57','2023-01-02 21:22:57'),(3600,1,'en','plugins/ecommerce/store-locator','phone','Phone','2023-01-02 21:22:57','2023-01-02 21:22:57'),(3601,1,'en','plugins/ecommerce/store-locator','email','Email','2023-01-02 21:22:57','2023-01-02 21:22:57'),(3602,1,'en','plugins/ecommerce/store-locator','state','State','2023-01-02 21:22:57','2023-01-02 21:22:57'),(3603,1,'en','plugins/ecommerce/store-locator','city','City','2023-01-02 21:22:57','2023-01-02 21:22:57'),(3604,1,'en','plugins/ecommerce/store-locator','country','Country','2023-01-02 21:22:57','2023-01-02 21:22:57'),(3605,1,'en','plugins/ecommerce/store-locator','address','Address','2023-01-02 21:22:57','2023-01-02 21:22:57'),(3606,1,'en','plugins/ecommerce/store-locator','primary_store_is','Primary store is','2023-01-02 21:22:57','2023-01-02 21:22:57'),(3607,1,'en','plugins/ecommerce/store-locator','store_name','Store name','2023-01-02 21:22:57','2023-01-02 21:22:57'),(3608,1,'en','plugins/ecommerce/store-locator','select_country','Select country...','2023-01-02 21:22:57','2023-01-02 21:22:57'),(3609,1,'en','plugins/ecommerce/store-locator','default_shipping_location','Default shipping location','2023-01-02 21:22:57','2023-01-02 21:22:57'),(3610,1,'en','plugins/ecommerce/store-locator','default_store','Default store','2023-01-02 21:22:57','2023-01-02 21:22:57'),(3611,1,'en','plugins/ecommerce/tax','name','Taxes','2023-01-02 21:22:57','2023-01-02 21:22:57'),(3612,1,'en','plugins/ecommerce/tax','create','Create a tax','2023-01-02 21:22:57','2023-01-02 21:22:57'),(3613,1,'en','plugins/ecommerce/tax','edit','Edit tax :title','2023-01-02 21:22:57','2023-01-02 21:22:57'),(3614,1,'en','plugins/ecommerce/tax','title','Title','2023-01-02 21:22:57','2023-01-02 21:22:57'),(3615,1,'en','plugins/ecommerce/tax','percentage','Percentage %','2023-01-02 21:22:57','2023-01-02 21:22:57'),(3616,1,'en','plugins/ecommerce/tax','priority','Priority','2023-01-02 21:22:57','2023-01-02 21:22:57'),(3617,1,'en','plugins/ecommerce/tax','select_tax','-- select --','2023-01-02 21:22:57','2023-01-02 21:22:57'),(3618,1,'vi','plugins/ecommerce/brands','name','Thương hiệu','2023-01-02 21:22:57','2023-01-02 21:22:57'),(3619,1,'vi','plugins/ecommerce/brands','create','Thêm thương hiệu mới','2023-01-02 21:22:57','2023-01-02 21:22:57'),(3620,1,'vi','plugins/ecommerce/brands','edit','Sửa thương hiệu','2023-01-02 21:22:57','2023-01-02 21:22:57'),(3621,1,'vi','plugins/ecommerce/brands','form.name','Tên','2023-01-02 21:22:57','2023-01-02 21:22:57'),(3622,1,'vi','plugins/ecommerce/brands','form.name_placeholder','Tên thương hiệu (tối đa 255 kí tự)','2023-01-02 21:22:57','2023-01-02 21:22:57'),(3623,1,'vi','plugins/ecommerce/brands','form.description','Mô tả','2023-01-02 21:22:57','2023-01-02 21:22:57'),(3624,1,'vi','plugins/ecommerce/brands','form.description_placeholder','Mô tả ngắn cho thương hiệu này (tối đa 400 kí tự)','2023-01-02 21:22:57','2023-01-02 21:22:57'),(3625,1,'vi','plugins/ecommerce/brands','form.website','Website','2023-01-02 21:22:57','2023-01-02 21:22:57'),(3626,1,'vi','plugins/ecommerce/brands','form.logo','Logo','2023-01-02 21:22:57','2023-01-02 21:22:57'),(3627,1,'vi','plugins/ecommerce/brands','form.is_featured','Nổi bật?','2023-01-02 21:22:57','2023-01-02 21:22:57'),(3628,1,'vi','plugins/ecommerce/brands','logo','Logo','2023-01-02 21:22:57','2023-01-02 21:22:57'),(3629,1,'vi','plugins/ecommerce/brands','website','Website','2023-01-02 21:22:57','2023-01-02 21:22:57'),(3630,1,'vi','plugins/ecommerce/brands','notices.no_select','Không có bản ghi nào được chọn!','2023-01-02 21:22:57','2023-01-02 21:22:57'),(3631,1,'vi','plugins/ecommerce/brands','notices.update_success_message','Cập nhật thành công','2023-01-02 21:22:57','2023-01-02 21:22:57'),(3632,1,'vi','plugins/ecommerce/brands','cannot_delete','Xoá không thành công','2023-01-02 21:22:57','2023-01-02 21:22:57'),(3633,1,'vi','plugins/ecommerce/brands','brand_deleted','Xoá thương hiệu thành công','2023-01-02 21:22:57','2023-01-02 21:22:57'),(3634,1,'vi','plugins/ecommerce/brands','menu','Thương hiệu','2023-01-02 21:22:57','2023-01-02 21:22:57'),(3635,1,'vi','plugins/ecommerce/brands','intro.title','Quản lý danh sách thương hiệu','2023-01-02 21:22:57','2023-01-02 21:22:57'),(3636,1,'vi','plugins/ecommerce/brands','intro.description','Các thương hiệu của sản phẩm như Nike, Adidas, Bitis ...','2023-01-02 21:22:57','2023-01-02 21:22:57'),(3637,1,'vi','plugins/ecommerce/brands','intro.button_text','Tạo thương hiệu','2023-01-02 21:22:57','2023-01-02 21:22:57'),(3638,1,'vi','plugins/ecommerce/brands','no_brand','Không có thương hiệu','2023-01-02 21:22:57','2023-01-02 21:22:57'),(3639,1,'vi','plugins/ecommerce/currencies','name','Tiền tệ','2023-01-02 21:22:57','2023-01-02 21:22:57'),(3640,1,'vi','plugins/ecommerce/currencies','create','Thêm loại tiền tệ mới','2023-01-02 21:22:57','2023-01-02 21:22:57'),(3641,1,'vi','plugins/ecommerce/currencies','edit','Sửa tiền tệ','2023-01-02 21:22:57','2023-01-02 21:22:57'),(3642,1,'vi','plugins/ecommerce/currencies','list','Danh sách tiền tệ','2023-01-02 21:22:57','2023-01-02 21:22:57'),(3643,1,'vi','plugins/ecommerce/currencies','tables.title','Tên','2023-01-02 21:22:57','2023-01-02 21:22:57'),(3644,1,'vi','plugins/ecommerce/currencies','tables.code','Mã','2023-01-02 21:22:57','2023-01-02 21:22:57'),(3645,1,'vi','plugins/ecommerce/currencies','tables.symbol','Kí hiệu','2023-01-02 21:22:57','2023-01-02 21:22:57'),(3646,1,'vi','plugins/ecommerce/currencies','tables.is_prefix_symbol','Sử dụng ký hiệu trước số tiền','2023-01-02 21:22:57','2023-01-02 21:22:57'),(3647,1,'vi','plugins/ecommerce/currencies','tables.status','Trạng thái','2023-01-02 21:22:57','2023-01-02 21:22:57'),(3648,1,'vi','plugins/ecommerce/currencies','tables.order','Sắp xếp','2023-01-02 21:22:57','2023-01-02 21:22:57'),(3649,1,'vi','plugins/ecommerce/currencies','forms.title','Tiêu đề','2023-01-02 21:22:57','2023-01-02 21:22:57'),(3650,1,'vi','plugins/ecommerce/currencies','forms.code','Mã','2023-01-02 21:22:58','2023-01-02 21:22:58'),(3651,1,'vi','plugins/ecommerce/currencies','forms.symbol','Kí hiệu','2023-01-02 21:22:58','2023-01-02 21:22:58'),(3652,1,'vi','plugins/ecommerce/currencies','forms.is_prefix_symbol','Sử dụng ký hiệu trước số tiền','2023-01-02 21:22:58','2023-01-02 21:22:58'),(3653,1,'vi','plugins/ecommerce/currencies','forms.status','Trạng thái','2023-01-02 21:22:58','2023-01-02 21:22:58'),(3654,1,'vi','plugins/ecommerce/currencies','forms.order','Sắp xếp','2023-01-02 21:22:58','2023-01-02 21:22:58'),(3655,1,'vi','plugins/ecommerce/currencies','forms.decimals','Số kí tự sau dấu phân cách','2023-01-02 21:22:58','2023-01-02 21:22:58'),(3656,1,'vi','plugins/ecommerce/currencies','forms.activated','Đã kích hoạt','2023-01-02 21:22:58','2023-01-02 21:22:58'),(3657,1,'vi','plugins/ecommerce/currencies','forms.deactivated','Đã bị huỷ kích hoạt','2023-01-02 21:22:58','2023-01-02 21:22:58'),(3658,1,'vi','plugins/ecommerce/currencies','forms.yes','Có','2023-01-02 21:22:58','2023-01-02 21:22:58'),(3659,1,'vi','plugins/ecommerce/currencies','forms.no','Không','2023-01-02 21:22:58','2023-01-02 21:22:58'),(3660,1,'vi','plugins/ecommerce/currency','currencies','Tiền tệ','2023-01-02 21:22:58','2023-01-02 21:22:58'),(3661,1,'vi','plugins/ecommerce/currency','setting_description','Các loại tiền tệ được sử dụng trên website.','2023-01-02 21:22:58','2023-01-02 21:22:58'),(3662,1,'vi','plugins/ecommerce/currency','name','Tên','2023-01-02 21:22:58','2023-01-02 21:22:58'),(3663,1,'vi','plugins/ecommerce/currency','symbol','Ký hiệu','2023-01-02 21:22:58','2023-01-02 21:22:58'),(3664,1,'vi','plugins/ecommerce/currency','number_of_decimals','Số thập phân','2023-01-02 21:22:58','2023-01-02 21:22:58'),(3665,1,'vi','plugins/ecommerce/currency','exchange_rate','Tỷ giá','2023-01-02 21:22:58','2023-01-02 21:22:58'),(3666,1,'vi','plugins/ecommerce/currency','is_prefix_symbol','Vị trí ký hiệu','2023-01-02 21:22:58','2023-01-02 21:22:58'),(3667,1,'vi','plugins/ecommerce/currency','is_default','Mặc định?','2023-01-02 21:22:58','2023-01-02 21:22:58'),(3668,1,'vi','plugins/ecommerce/currency','remove','Xoá','2023-01-02 21:22:58','2023-01-02 21:22:58'),(3669,1,'vi','plugins/ecommerce/currency','new_currency','Thêm tiền tệ mới','2023-01-02 21:22:58','2023-01-02 21:22:58'),(3670,1,'vi','plugins/ecommerce/currency','save_settings','Lưu cài đặt','2023-01-02 21:22:58','2023-01-02 21:22:58'),(3671,1,'vi','plugins/ecommerce/currency','before_number','Trước số','2023-01-02 21:22:58','2023-01-02 21:22:58'),(3672,1,'vi','plugins/ecommerce/currency','after_number','Sau số','2023-01-02 21:22:58','2023-01-02 21:22:58'),(3673,1,'vi','plugins/ecommerce/customer','name','Khách hàng','2023-01-02 21:22:58','2023-01-02 21:22:58'),(3674,1,'vi','plugins/ecommerce/customer','create','Create a customer','2023-01-02 21:22:58','2023-01-02 21:22:58'),(3675,1,'vi','plugins/ecommerce/customer','edit','Edit customer \":name\"','2023-01-02 21:22:58','2023-01-02 21:22:58'),(3676,1,'vi','plugins/ecommerce/customer','email','Email','2023-01-02 21:22:58','2023-01-02 21:22:58'),(3677,1,'vi','plugins/ecommerce/customer','email_placeholder','Ex: example@gmail.com','2023-01-02 21:22:58','2023-01-02 21:22:58'),(3678,1,'vi','plugins/ecommerce/customer','password','Password','2023-01-02 21:22:58','2023-01-02 21:22:58'),(3679,1,'vi','plugins/ecommerce/customer','change_password','Change password?','2023-01-02 21:22:58','2023-01-02 21:22:58'),(3680,1,'vi','plugins/ecommerce/customer','password_confirmation','Password confirmation','2023-01-02 21:22:58','2023-01-02 21:22:58'),(3681,1,'vi','plugins/ecommerce/customer','intro.title','Quản lý danh sách khách hàng','2023-01-02 21:22:58','2023-01-02 21:22:58'),(3682,1,'vi','plugins/ecommerce/customer','intro.description','Khi khách hàng đặt hàng, bạn sẽ biết được thông tin và lịch sử mua hàng của khách hàng.','2023-01-02 21:22:58','2023-01-02 21:22:58'),(3683,1,'vi','plugins/ecommerce/customer','intro.button_text','Tạo khách hàng','2023-01-02 21:22:58','2023-01-02 21:22:58'),(3684,1,'vi','plugins/ecommerce/discount','name','Khuyến mãi','2023-01-02 21:22:58','2023-01-02 21:22:58'),(3685,1,'vi','plugins/ecommerce/discount','invalid_coupon','Mã khuyến mãi không hợp lệ hoặc đã hết hạn!','2023-01-02 21:22:58','2023-01-02 21:22:58'),(3686,1,'vi','plugins/ecommerce/discount','cannot_use_same_time_with_other_discount_program','Mã khuyến mãi này không thể sử dụng chung với chương trình khuyến mãi!','2023-01-02 21:22:59','2023-01-02 21:22:59'),(3687,1,'vi','plugins/ecommerce/discount','not_used','Chưa sử dụng mã giảm giá này','2023-01-02 21:22:59','2023-01-02 21:22:59'),(3688,1,'vi','plugins/ecommerce/discount','detail','Detail','2023-01-02 21:22:59','2023-01-02 21:22:59'),(3689,1,'vi','plugins/ecommerce/discount','used','Used','2023-01-02 21:22:59','2023-01-02 21:22:59'),(3690,1,'vi','plugins/ecommerce/discount','start_date','Start date','2023-01-02 21:22:59','2023-01-02 21:22:59'),(3691,1,'vi','plugins/ecommerce/discount','end_date','End date','2023-01-02 21:22:59','2023-01-02 21:22:59'),(3692,1,'vi','plugins/ecommerce/discount','intro.title','Chương trình khuyến mãi','2023-01-02 21:22:59','2023-01-02 21:22:59'),(3693,1,'vi','plugins/ecommerce/discount','intro.description','Tạo ra các mã coupon, cài đặt một sản phẩm, hoặc một nhóm sản phẩm khuyến mãi dành cho các khách hàng thân thiết của bạn.','2023-01-02 21:22:59','2023-01-02 21:22:59'),(3694,1,'vi','plugins/ecommerce/discount','intro.button_text','Tạo khuyến mãi','2023-01-02 21:23:00','2023-01-02 21:23:00'),(3695,1,'vi','plugins/ecommerce/discount','create','Create discount','2023-01-02 21:23:00','2023-01-02 21:23:00'),(3696,1,'vi','plugins/ecommerce/discount','expired','Expired','2023-01-02 21:23:01','2023-01-02 21:23:01'),(3697,1,'vi','plugins/ecommerce/discount','discount_promotion','Discount promotion','2023-01-02 21:23:01','2023-01-02 21:23:01'),(3698,1,'vi','plugins/ecommerce/discount','can','can','2023-01-02 21:23:01','2023-01-02 21:23:01'),(3699,1,'vi','plugins/ecommerce/discount','cannot','cannot','2023-01-02 21:23:01','2023-01-02 21:23:01'),(3700,1,'vi','plugins/ecommerce/discount','use_with_promotion','be used with promotion','2023-01-02 21:23:01','2023-01-02 21:23:01'),(3701,1,'vi','plugins/ecommerce/discount','create_discount_validate_title_required_if','Please enter the name of the promotion','2023-01-02 21:23:01','2023-01-02 21:23:01'),(3702,1,'vi','plugins/ecommerce/discount','create_discount_validate_code_required_if','Please enter the promotion code','2023-01-02 21:23:01','2023-01-02 21:23:01'),(3703,1,'vi','plugins/ecommerce/discount','create_discount_validate_value_required','Amount must be greater than 0','2023-01-02 21:23:01','2023-01-02 21:23:01'),(3704,1,'vi','plugins/ecommerce/discount','create_discount_validate_target_required','No object selected for promotion','2023-01-02 21:23:01','2023-01-02 21:23:01'),(3705,1,'vi','plugins/ecommerce/discount','enums.type-options.amount','Amount - Fixed','2023-01-02 21:23:01','2023-01-02 21:23:01'),(3706,1,'vi','plugins/ecommerce/discount','enums.type-options.percentage','Discount %','2023-01-02 21:23:01','2023-01-02 21:23:01'),(3707,1,'vi','plugins/ecommerce/discount','enums.type-options.shipping','Free shipping','2023-01-02 21:23:01','2023-01-02 21:23:01'),(3708,1,'vi','plugins/ecommerce/discount','enums.type-options.same-price','Same price','2023-01-02 21:23:01','2023-01-02 21:23:01'),(3709,1,'vi','plugins/ecommerce/discount','discount','Discount','2023-01-02 21:23:01','2023-01-02 21:23:01'),(3710,1,'vi','plugins/ecommerce/discount','create_coupon_code','Tạo mã khuyến mãi','2023-01-02 21:23:01','2023-01-02 21:23:01'),(3711,1,'vi','plugins/ecommerce/discount','create_discount_promotion','Create discount promotion','2023-01-02 21:23:01','2023-01-02 21:23:01'),(3712,1,'vi','plugins/ecommerce/discount','generate_coupon_code','Generate coupon code','2023-01-02 21:23:01','2023-01-02 21:23:01'),(3713,1,'vi','plugins/ecommerce/discount','customers_will_enter_this_coupon_code_when_they_checkout','Customers will enter this coupon code when they checkout','2023-01-02 21:23:01','2023-01-02 21:23:01'),(3714,1,'vi','plugins/ecommerce/discount','select_type_of_discount','Select type of discount','2023-01-02 21:23:01','2023-01-02 21:23:01'),(3715,1,'vi','plugins/ecommerce/discount','coupon_code','Coupon code','2023-01-02 21:23:01','2023-01-02 21:23:01'),(3716,1,'vi','plugins/ecommerce/discount','promotion','Promotion','2023-01-02 21:23:01','2023-01-02 21:23:01'),(3717,1,'vi','plugins/ecommerce/discount','can_be_used_with_promotion','Can be used with promotion','2023-01-02 21:23:01','2023-01-02 21:23:01'),(3718,1,'vi','plugins/ecommerce/discount','unlimited_coupon','Unlimited coupon','2023-01-02 21:23:01','2023-01-02 21:23:01'),(3719,1,'vi','plugins/ecommerce/discount','enter_number','Enter number','2023-01-02 21:23:01','2023-01-02 21:23:01'),(3720,1,'vi','plugins/ecommerce/discount','coupon_type','Coupon type','2023-01-02 21:23:02','2023-01-02 21:23:02'),(3721,1,'vi','plugins/ecommerce/discount','percentage_discount','Percentage discount (%)','2023-01-02 21:23:02','2023-01-02 21:23:02'),(3722,1,'vi','plugins/ecommerce/discount','free_shipping','Free shipping','2023-01-02 21:23:02','2023-01-02 21:23:02'),(3723,1,'vi','plugins/ecommerce/discount','same_price','Same price','2023-01-02 21:23:02','2023-01-02 21:23:02'),(3724,1,'vi','plugins/ecommerce/discount','apply_for','apply for','2023-01-02 21:23:02','2023-01-02 21:23:02'),(3725,1,'vi','plugins/ecommerce/discount','all_orders','All orders','2023-01-02 21:23:02','2023-01-02 21:23:02'),(3726,1,'vi','plugins/ecommerce/discount','order_amount_from','Order amount from','2023-01-02 21:23:02','2023-01-02 21:23:02'),(3727,1,'vi','plugins/ecommerce/discount','product_collection','Product collection','2023-01-02 21:23:02','2023-01-02 21:23:02'),(3728,1,'vi','plugins/ecommerce/discount','product','Product','2023-01-02 21:23:02','2023-01-02 21:23:02'),(3729,1,'vi','plugins/ecommerce/discount','customer','Customer','2023-01-02 21:23:02','2023-01-02 21:23:02'),(3730,1,'vi','plugins/ecommerce/discount','variant','Variant','2023-01-02 21:23:02','2023-01-02 21:23:02'),(3731,1,'vi','plugins/ecommerce/discount','search_product','Search product','2023-01-02 21:23:02','2023-01-02 21:23:02'),(3732,1,'vi','plugins/ecommerce/discount','no_products_found','No products found!','2023-01-02 21:23:02','2023-01-02 21:23:02'),(3733,1,'vi','plugins/ecommerce/discount','search_customer','Search customer','2023-01-02 21:23:02','2023-01-02 21:23:02'),(3734,1,'vi','plugins/ecommerce/discount','no_customer_found','No customer found!','2023-01-02 21:23:02','2023-01-02 21:23:02'),(3735,1,'vi','plugins/ecommerce/discount','one_time_per_order','One time per order','2023-01-02 21:23:02','2023-01-02 21:23:02'),(3736,1,'vi','plugins/ecommerce/discount','one_time_per_product_in_cart','One time per product in cart','2023-01-02 21:23:02','2023-01-02 21:23:02'),(3737,1,'vi','plugins/ecommerce/discount','number_of_products','Number of products required to apply','2023-01-02 21:23:02','2023-01-02 21:23:02'),(3738,1,'vi','plugins/ecommerce/discount','selected_products','Selected products','2023-01-02 21:23:02','2023-01-02 21:23:02'),(3739,1,'vi','plugins/ecommerce/discount','selected_customers','Selected customers','2023-01-02 21:23:02','2023-01-02 21:23:02'),(3740,1,'vi','plugins/ecommerce/discount','time','Time','2023-01-02 21:23:02','2023-01-02 21:23:02'),(3741,1,'vi','plugins/ecommerce/discount','never_expired','Never expired','2023-01-02 21:23:02','2023-01-02 21:23:02'),(3742,1,'vi','plugins/ecommerce/discount','save','Save','2023-01-02 21:23:02','2023-01-02 21:23:02'),(3743,1,'vi','plugins/ecommerce/discount','enter_promotion_name','Enter promotion name','2023-01-02 21:23:02','2023-01-02 21:23:02'),(3744,1,'vi','plugins/ecommerce/discount','enter_coupon_name','Enter coupon name','2023-01-02 21:23:02','2023-01-02 21:23:02'),(3745,1,'vi','plugins/ecommerce/discount','cancel','Cancel','2023-01-02 21:23:02','2023-01-02 21:23:02'),(3746,1,'vi','plugins/ecommerce/discount','is','Is','2023-01-02 21:23:02','2023-01-02 21:23:02'),(3747,1,'vi','plugins/ecommerce/discount','when_shipping_fee_less_than','when shipping fee less than','2023-01-02 21:23:02','2023-01-02 21:23:02'),(3748,1,'vi','plugins/ecommerce/ecommerce','settings','Cài đặt','2023-01-02 21:23:02','2023-01-02 21:23:02'),(3749,1,'vi','plugins/ecommerce/ecommerce','name','Thương mại điện tử','2023-01-02 21:23:02','2023-01-02 21:23:02'),(3750,1,'vi','plugins/ecommerce/ecommerce','setting.email.title','E-commerce','2023-01-02 21:23:02','2023-01-02 21:23:02'),(3751,1,'vi','plugins/ecommerce/ecommerce','setting.email.description','Ecommerce email config','2023-01-02 21:23:02','2023-01-02 21:23:02'),(3752,1,'vi','plugins/ecommerce/ecommerce','setting.email.order_confirm_subject','Subject of order confirmation email','2023-01-02 21:23:02','2023-01-02 21:23:02'),(3753,1,'vi','plugins/ecommerce/ecommerce','setting.email.order_confirm_subject_placeholder','The subject of email confirmation send to the customer','2023-01-02 21:23:02','2023-01-02 21:23:02'),(3754,1,'vi','plugins/ecommerce/ecommerce','setting.email.order_confirm_content','Content of order confirmation email','2023-01-02 21:23:02','2023-01-02 21:23:02'),(3755,1,'vi','plugins/ecommerce/ecommerce','setting.email.order_status_change_subject','Subject of email when changing order\'s status','2023-01-02 21:23:02','2023-01-02 21:23:02'),(3756,1,'vi','plugins/ecommerce/ecommerce','setting.email.order_status_change_subject_placeholder','Subject of email when changing order\'s status send to customer','2023-01-02 21:23:02','2023-01-02 21:23:02'),(3757,1,'vi','plugins/ecommerce/ecommerce','setting.email.order_status_change_content','Content of email when changing order\'s status','2023-01-02 21:23:02','2023-01-02 21:23:02'),(3758,1,'vi','plugins/ecommerce/ecommerce','setting.email.from_email','Email from','2023-01-02 21:23:02','2023-01-02 21:23:02'),(3759,1,'vi','plugins/ecommerce/ecommerce','setting.email.from_email_placeholder','Email from address to display in mail. Ex: example@gmail.com','2023-01-02 21:23:02','2023-01-02 21:23:02'),(3760,1,'vi','plugins/ecommerce/ecommerce','store_address','Địa chỉ cửa hàng','2023-01-02 21:23:02','2023-01-02 21:23:02'),(3761,1,'vi','plugins/ecommerce/ecommerce','store_phone','Số điện thoại cửa hàng','2023-01-02 21:23:02','2023-01-02 21:23:02'),(3762,1,'vi','plugins/ecommerce/ecommerce','order_id','Mã đơn hàng','2023-01-02 21:23:02','2023-01-02 21:23:02'),(3763,1,'vi','plugins/ecommerce/ecommerce','order_token','Chuỗi mã hoá đơn hàng','2023-01-02 21:23:02','2023-01-02 21:23:02'),(3764,1,'vi','plugins/ecommerce/ecommerce','customer_name','Tên khách hàng','2023-01-02 21:23:02','2023-01-02 21:23:02'),(3765,1,'vi','plugins/ecommerce/ecommerce','customer_email','Email khách hàng','2023-01-02 21:23:02','2023-01-02 21:23:02'),(3766,1,'vi','plugins/ecommerce/ecommerce','customer_phone','Số điện thoại khách hàng','2023-01-02 21:23:02','2023-01-02 21:23:02'),(3767,1,'vi','plugins/ecommerce/ecommerce','customer_address','Địa chỉ khách hàng','2023-01-02 21:23:02','2023-01-02 21:23:02'),(3768,1,'vi','plugins/ecommerce/ecommerce','product_list','Danh sách sản phẩm trong đơn hàng','2023-01-02 21:23:02','2023-01-02 21:23:02'),(3769,1,'vi','plugins/ecommerce/ecommerce','payment_detail','Chi tiết thanh toán','2023-01-02 21:23:02','2023-01-02 21:23:02'),(3770,1,'vi','plugins/ecommerce/ecommerce','shipping_method','Phương thức vận chuyển','2023-01-02 21:23:02','2023-01-02 21:23:02'),(3771,1,'vi','plugins/ecommerce/ecommerce','payment_method','Phương thức thanh toán','2023-01-02 21:23:02','2023-01-02 21:23:02'),(3772,1,'vi','plugins/ecommerce/ecommerce','standard_and_format','Tiêu chuẩn & Định dạng','2023-01-02 21:23:02','2023-01-02 21:23:02'),(3773,1,'vi','plugins/ecommerce/ecommerce','standard_and_format_description','Các tiêu chuẩn và các định dạng được sử dụng để tính toán những thứ như giá cả sản phẩm, trọng lượng vận chuyển và thời gian đơn hàng được đặt.','2023-01-02 21:23:02','2023-01-02 21:23:02'),(3774,1,'vi','plugins/ecommerce/ecommerce','change_order_format','Chỉnh sửa định dạng mã đơn hàng (tùy chọn)','2023-01-02 21:23:02','2023-01-02 21:23:02'),(3775,1,'vi','plugins/ecommerce/ecommerce','change_order_format_description','Mã đơn hàng mặc định bắt đầu từ :number. Bạn có thể thay đổi chuỗi bắt đầu hoặc kết thúc để tạo mã đơn hàng theo ý bạn, ví dụ \"DH-:number\" hoặc \":number-A\"','2023-01-02 21:23:02','2023-01-02 21:23:02'),(3776,1,'vi','plugins/ecommerce/ecommerce','start_with','Bắt đầu bằng','2023-01-02 21:23:02','2023-01-02 21:23:02'),(3777,1,'vi','plugins/ecommerce/ecommerce','end_with','Kết thúc bằng','2023-01-02 21:23:02','2023-01-02 21:23:02'),(3778,1,'vi','plugins/ecommerce/ecommerce','order_will_be_shown','Mã đơn hàng của bạn sẽ hiển thị theo mẫu','2023-01-02 21:23:02','2023-01-02 21:23:02'),(3779,1,'vi','plugins/ecommerce/ecommerce','weight_unit','Đơn vị cân nặng','2023-01-02 21:23:02','2023-01-02 21:23:02'),(3780,1,'vi','plugins/ecommerce/ecommerce','height_unit','Đơn vị chiều dài/chiều cao','2023-01-02 21:23:02','2023-01-02 21:23:02'),(3781,1,'vi','plugins/ecommerce/email','customer_new_order_title','Xác nhận đơn hàng','2023-01-02 21:23:02','2023-01-02 21:23:02'),(3782,1,'vi','plugins/ecommerce/email','customer_new_order_description','Được gửi khi khách hàng tạo đơn hàng','2023-01-02 21:23:02','2023-01-02 21:23:02'),(3783,1,'vi','plugins/ecommerce/email','order_cancellation_title','Hủy đơn hàng','2023-01-02 21:23:02','2023-01-02 21:23:02'),(3784,1,'vi','plugins/ecommerce/email','order_cancellation_description','Được gửi khi khách hàng hủy đơn hàng','2023-01-02 21:23:02','2023-01-02 21:23:02'),(3785,1,'vi','plugins/ecommerce/email','delivery_confirmation_title','Xác nhận giao hàng','2023-01-02 21:23:02','2023-01-02 21:23:02'),(3786,1,'vi','plugins/ecommerce/email','delivery_confirmation_description','Được gửi đến khách hàng khi bắt đầu giao hàng','2023-01-02 21:23:02','2023-01-02 21:23:02'),(3787,1,'vi','plugins/ecommerce/email','admin_new_order_title','Thông báo có đơn hàng mới','2023-01-02 21:23:02','2023-01-02 21:23:02'),(3788,1,'vi','plugins/ecommerce/email','admin_new_order_description','Được gửi cho quản trị viên khi có khách mua hàng','2023-01-02 21:23:02','2023-01-02 21:23:02'),(3789,1,'vi','plugins/ecommerce/email','order_confirmation_title','Xác nhận đơn hàng','2023-01-02 21:23:02','2023-01-02 21:23:02'),(3790,1,'vi','plugins/ecommerce/email','order_confirmation_description','Email được gửi đến khách hàng khi đơn hàng xác nhận','2023-01-02 21:23:02','2023-01-02 21:23:02'),(3791,1,'vi','plugins/ecommerce/email','payment_confirmation_title','Xác nhận thanh toán','2023-01-02 21:23:02','2023-01-02 21:23:02'),(3792,1,'vi','plugins/ecommerce/email','payment_confirmation_description','Email được gửi đến khách hàng khi đơn hàng xác nhận thanh toán','2023-01-02 21:23:02','2023-01-02 21:23:02'),(3793,1,'vi','plugins/ecommerce/email','order_recover_title','Đơn hàng đang chờ hoàn tất','2023-01-02 21:23:02','2023-01-02 21:23:02'),(3794,1,'vi','plugins/ecommerce/email','order_recover_description','Email nhắc nhở khách hàng hoàn tất đơn hàng','2023-01-02 21:23:02','2023-01-02 21:23:02'),(3795,1,'vi','plugins/ecommerce/email','link_go_to_our_shop','hoặc <a href=\":link\">Truy cập website</a>','2023-01-02 21:23:02','2023-01-02 21:23:02'),(3796,1,'vi','plugins/ecommerce/email','order_information','Thông tin đơn hàng','2023-01-02 21:23:02','2023-01-02 21:23:02'),(3797,1,'vi','plugins/ecommerce/email','order_number','Mã đơn hàng: <strong>:order_id</strong>','2023-01-02 21:23:02','2023-01-02 21:23:02'),(3798,1,'vi','plugins/ecommerce/email','view_order','Xem đơn hàng','2023-01-02 21:23:02','2023-01-02 21:23:02'),(3799,1,'vi','plugins/ecommerce/order','statuses.pending','Chưa xử lý','2023-01-02 21:23:02','2023-01-02 21:23:02'),(3800,1,'vi','plugins/ecommerce/order','statuses.processing','Đang xử lý','2023-01-02 21:23:02','2023-01-02 21:23:02'),(3801,1,'vi','plugins/ecommerce/order','statuses.completed','Hoàn thành','2023-01-02 21:23:02','2023-01-02 21:23:02'),(3802,1,'vi','plugins/ecommerce/order','statuses.canceled','Bị huỷ','2023-01-02 21:23:02','2023-01-02 21:23:02'),(3803,1,'vi','plugins/ecommerce/order','name','Đơn hàng','2023-01-02 21:23:02','2023-01-02 21:23:02'),(3804,1,'vi','plugins/ecommerce/order','incomplete_order','Đơn hàng chưa hoàn tất','2023-01-02 21:23:02','2023-01-02 21:23:02'),(3805,1,'vi','plugins/ecommerce/order','order_id','Mã đơn hàng','2023-01-02 21:23:02','2023-01-02 21:23:02'),(3806,1,'vi','plugins/ecommerce/order','customer_label','Khách hàng','2023-01-02 21:23:02','2023-01-02 21:23:02'),(3807,1,'vi','plugins/ecommerce/order','amount','Tổng cộng','2023-01-02 21:23:02','2023-01-02 21:23:02'),(3808,1,'vi','plugins/ecommerce/order','shipping_amount','Phí vận chuyển','2023-01-02 21:23:02','2023-01-02 21:23:02'),(3809,1,'vi','plugins/ecommerce/order','payment_method','Phương thức thanh toán','2023-01-02 21:23:02','2023-01-02 21:23:02'),(3810,1,'vi','plugins/ecommerce/order','payment_status_label','Trạng thái thanh toán','2023-01-02 21:23:02','2023-01-02 21:23:02'),(3811,1,'vi','plugins/ecommerce/order','manage_orders','Quản lý đơn hàng','2023-01-02 21:23:02','2023-01-02 21:23:02'),(3812,1,'vi','plugins/ecommerce/order','order_intro_description','Một khi cửa hàng của bạn có đơn đặt hàng, đây sẽ là nơi bạn xử lý và theo dõi những đơn đặt hàng đó.','2023-01-02 21:23:02','2023-01-02 21:23:02'),(3813,1,'vi','plugins/ecommerce/order','create_new_order','Tạo đơn hàng','2023-01-02 21:23:02','2023-01-02 21:23:02'),(3814,1,'vi','plugins/ecommerce/order','manage_incomplete_orders','Quản lý đơn hàng chưa hoàn tất','2023-01-02 21:23:02','2023-01-02 21:23:02'),(3815,1,'vi','plugins/ecommerce/order','incomplete_orders_intro_description','Đơn hàng chưa hoàn tất là đơn hàng được tạo khi khách hàng thêm sản phẩm vào giỏ hàng, tiến hành điền thông tin mua hàng nhưng không hoàn tất quá trình thanh toán.','2023-01-02 21:23:02','2023-01-02 21:23:02'),(3816,1,'vi','plugins/ecommerce/order','cannot_send_order_recover_to_mail','Không tìm thấy email nên không thể gửi email khôi phục cho khách hàng.','2023-01-02 21:23:02','2023-01-02 21:23:02'),(3817,1,'vi','plugins/ecommerce/order','menu','Đơn hàng','2023-01-02 21:23:02','2023-01-02 21:23:02'),(3818,1,'vi','plugins/ecommerce/order','order_information','Thông tin đơn hàng','2023-01-02 21:23:02','2023-01-02 21:23:02'),(3819,1,'vi','plugins/ecommerce/order','create','Create an order','2023-01-02 21:23:02','2023-01-02 21:23:02'),(3820,1,'vi','plugins/ecommerce/order','cancel_error','The order is delivering or completed','2023-01-02 21:23:02','2023-01-02 21:23:02'),(3821,1,'vi','plugins/ecommerce/order','cancel_success','You do cancel the order successful','2023-01-02 21:23:02','2023-01-02 21:23:02'),(3822,1,'vi','plugins/ecommerce/order','product_id','Product ID','2023-01-02 21:23:02','2023-01-02 21:23:02'),(3823,1,'vi','plugins/ecommerce/order','tax_amount','Tax Amount','2023-01-02 21:23:02','2023-01-02 21:23:02'),(3824,1,'vi','plugins/ecommerce/order','invoice_for_order','Invoice for order','2023-01-02 21:23:02','2023-01-02 21:23:02'),(3825,1,'vi','plugins/ecommerce/order','created','Created','2023-01-02 21:23:02','2023-01-02 21:23:02'),(3826,1,'vi','plugins/ecommerce/order','invoice','Invoice','2023-01-02 21:23:02','2023-01-02 21:23:02'),(3827,1,'vi','plugins/ecommerce/order','return','Return','2023-01-02 21:23:02','2023-01-02 21:23:02'),(3828,1,'vi','plugins/ecommerce/order','total_refund_amount','Total refund amount','2023-01-02 21:23:02','2023-01-02 21:23:02'),(3829,1,'vi','plugins/ecommerce/order','total_amount_can_be_refunded','Total amount can be refunded','2023-01-02 21:23:02','2023-01-02 21:23:02'),(3830,1,'vi','plugins/ecommerce/order','refund_reason','Refund reason (optional)','2023-01-02 21:23:02','2023-01-02 21:23:02'),(3831,1,'vi','plugins/ecommerce/order','products','product(s)','2023-01-02 21:23:02','2023-01-02 21:23:02'),(3832,1,'vi','plugins/ecommerce/order','default','Default','2023-01-02 21:23:02','2023-01-02 21:23:02'),(3833,1,'vi','plugins/ecommerce/order','system','System','2023-01-02 21:23:02','2023-01-02 21:23:02'),(3834,1,'vi','plugins/ecommerce/order','new_order_from','New order :order_id from :customer','2023-01-02 21:23:02','2023-01-02 21:23:02'),(3835,1,'vi','plugins/ecommerce/order','confirmation_email_was_sent_to_customer','The email confirmation was sent to customer','2023-01-02 21:23:02','2023-01-02 21:23:02'),(3836,1,'vi','plugins/ecommerce/order','address_name_required','The name field is required.','2023-01-02 21:23:02','2023-01-02 21:23:02'),(3837,1,'vi','plugins/ecommerce/order','address_phone_required','The phone field is required.','2023-01-02 21:23:02','2023-01-02 21:23:02'),(3838,1,'vi','plugins/ecommerce/order','address_email_required','The email field is required.','2023-01-02 21:23:02','2023-01-02 21:23:02'),(3839,1,'vi','plugins/ecommerce/order','address_email_unique','The customer with that email is existed, please choose other email or login with this email!','2023-01-02 21:23:02','2023-01-02 21:23:02'),(3840,1,'vi','plugins/ecommerce/order','address_state_required','The state field is required.','2023-01-02 21:23:02','2023-01-02 21:23:02'),(3841,1,'vi','plugins/ecommerce/order','address_city_required','The city field is required.','2023-01-02 21:23:02','2023-01-02 21:23:02'),(3842,1,'vi','plugins/ecommerce/order','address_country_required','The country field is required.','2023-01-02 21:23:02','2023-01-02 21:23:02'),(3843,1,'vi','plugins/ecommerce/order','address_address_required','The address field is required.','2023-01-02 21:23:02','2023-01-02 21:23:02'),(3844,1,'vi','plugins/ecommerce/order','create_order_from_payment_page','Order was created from checkout page','2023-01-02 21:23:02','2023-01-02 21:23:02'),(3845,1,'vi','plugins/ecommerce/order','order_was_verified_by','Order was verified by %user_name%','2023-01-02 21:23:03','2023-01-02 21:23:03'),(3846,1,'vi','plugins/ecommerce/order','new_order','New order :order_id','2023-01-02 21:23:03','2023-01-02 21:23:03'),(3847,1,'vi','plugins/ecommerce/order','payment_was_confirmed_by','Payment was confirmed (amount :money) by %user_name%','2023-01-02 21:23:03','2023-01-02 21:23:03'),(3848,1,'vi','plugins/ecommerce/order','edit_order','Edit order :code','2023-01-02 21:23:03','2023-01-02 21:23:03'),(3849,1,'vi','plugins/ecommerce/order','confirm_order_success','Confirm order successfully!','2023-01-02 21:23:03','2023-01-02 21:23:03'),(3850,1,'vi','plugins/ecommerce/order','error_when_sending_email','There is an error when sending email','2023-01-02 21:23:03','2023-01-02 21:23:03'),(3851,1,'vi','plugins/ecommerce/order','sent_confirmation_email_success','Sent confirmation email successfully!','2023-01-02 21:23:03','2023-01-02 21:23:03'),(3852,1,'vi','plugins/ecommerce/order','order_was_sent_to_shipping_team','Order was sent to shipping team','2023-01-02 21:23:03','2023-01-02 21:23:03'),(3853,1,'vi','plugins/ecommerce/order','by_username','by %user_name%','2023-01-02 21:23:03','2023-01-02 21:23:03'),(3854,1,'vi','plugins/ecommerce/order','shipping_was_created_from','Shipping was created from order %order_id%','2023-01-02 21:23:03','2023-01-02 21:23:03'),(3855,1,'vi','plugins/ecommerce/order','shipping_was_canceled_success','Shipping was cancelled successfully!','2023-01-02 21:23:03','2023-01-02 21:23:03'),(3856,1,'vi','plugins/ecommerce/order','shipping_was_canceled_by','Shipping was cancelled by %user_name%','2023-01-02 21:23:03','2023-01-02 21:23:03'),(3857,1,'vi','plugins/ecommerce/order','update_shipping_address_success','Update shipping address successfully!','2023-01-02 21:23:03','2023-01-02 21:23:03'),(3858,1,'vi','plugins/ecommerce/order','order_was_canceled_by','Order was cancelled by %user_name%','2023-01-02 21:23:03','2023-01-02 21:23:03'),(3859,1,'vi','plugins/ecommerce/order','confirm_payment_success','Confirm payment successfully!','2023-01-02 21:23:03','2023-01-02 21:23:03'),(3860,1,'vi','plugins/ecommerce/order','refund_amount_invalid','Refund amount must be lower or equal :price','2023-01-02 21:23:03','2023-01-02 21:23:03'),(3861,1,'vi','plugins/ecommerce/order','number_of_products_invalid','Number of products refund is not valid!','2023-01-02 21:23:03','2023-01-02 21:23:03'),(3862,1,'vi','plugins/ecommerce/order','cannot_found_payment_for_this_order','Cannot found payment for this order!','2023-01-02 21:23:03','2023-01-02 21:23:03'),(3863,1,'vi','plugins/ecommerce/order','refund_success_with_price','Refund success :price','2023-01-02 21:23:03','2023-01-02 21:23:03'),(3864,1,'vi','plugins/ecommerce/order','refund_success','Refund successfully!','2023-01-02 21:23:03','2023-01-02 21:23:03'),(3865,1,'vi','plugins/ecommerce/order','order_is_not_existed','Order is not existed!','2023-01-02 21:23:03','2023-01-02 21:23:03'),(3866,1,'vi','plugins/ecommerce/order','reorder','Reorder','2023-01-02 21:23:03','2023-01-02 21:23:03'),(3867,1,'vi','plugins/ecommerce/order','sent_email_incomplete_order_success','Sent email to remind about incomplete order successfully!','2023-01-02 21:23:03','2023-01-02 21:23:03'),(3868,1,'vi','plugins/ecommerce/order','applied_coupon_success','Applied coupon \":code\" successfully!','2023-01-02 21:23:03','2023-01-02 21:23:03'),(3869,1,'vi','plugins/ecommerce/order','new_order_notice','You have <span class=\"bold\">:count</span> New Order(s)','2023-01-02 21:23:03','2023-01-02 21:23:03'),(3870,1,'vi','plugins/ecommerce/order','view_all','View all','2023-01-02 21:23:03','2023-01-02 21:23:03'),(3871,1,'vi','plugins/ecommerce/order','cancel_order','Cancel order','2023-01-02 21:23:03','2023-01-02 21:23:03'),(3872,1,'vi','plugins/ecommerce/order','order_canceled','Order canceled','2023-01-02 21:23:03','2023-01-02 21:23:03'),(3873,1,'vi','plugins/ecommerce/order','order_was_canceled_at','Order was canceled at','2023-01-02 21:23:03','2023-01-02 21:23:03'),(3874,1,'vi','plugins/ecommerce/order','completed','Completed','2023-01-02 21:23:03','2023-01-02 21:23:03'),(3875,1,'vi','plugins/ecommerce/order','uncompleted','Uncompleted','2023-01-02 21:23:03','2023-01-02 21:23:03'),(3876,1,'vi','plugins/ecommerce/order','sku','SKU','2023-01-02 21:23:03','2023-01-02 21:23:03'),(3877,1,'vi','plugins/ecommerce/order','warehouse','Warehouse','2023-01-02 21:23:03','2023-01-02 21:23:03'),(3878,1,'vi','plugins/ecommerce/order','sub_amount','Sub amount','2023-01-02 21:23:03','2023-01-02 21:23:03'),(3879,1,'vi','plugins/ecommerce/order','coupon_code','Coupon code: \":code\"','2023-01-02 21:23:03','2023-01-02 21:23:03'),(3880,1,'vi','plugins/ecommerce/order','shipping_fee','Shipping fee','2023-01-02 21:23:03','2023-01-02 21:23:03'),(3881,1,'vi','plugins/ecommerce/order','tax','Tax','2023-01-02 21:23:03','2023-01-02 21:23:03'),(3882,1,'vi','plugins/ecommerce/order','refunded_amount','Refunded amount','2023-01-02 21:23:03','2023-01-02 21:23:03'),(3883,1,'vi','plugins/ecommerce/order','amount_received','The amount actually received','2023-01-02 21:23:03','2023-01-02 21:23:03'),(3884,1,'vi','plugins/ecommerce/order','download_invoice','Download invoice','2023-01-02 21:23:03','2023-01-02 21:23:03'),(3885,1,'vi','plugins/ecommerce/order','add_note','Add note...','2023-01-02 21:23:03','2023-01-02 21:23:03'),(3886,1,'vi','plugins/ecommerce/order','order_was_confirmed','Order was confirmed','2023-01-02 21:23:03','2023-01-02 21:23:03'),(3887,1,'vi','plugins/ecommerce/order','confirm_order','Confirm order','2023-01-02 21:23:03','2023-01-02 21:23:03'),(3888,1,'vi','plugins/ecommerce/order','confirm','Confirm','2023-01-02 21:23:03','2023-01-02 21:23:03'),(3889,1,'vi','plugins/ecommerce/order','order_was_canceled','Order was canceled','2023-01-02 21:23:03','2023-01-02 21:23:03'),(3890,1,'vi','plugins/ecommerce/order','pending_payment','Pending payment','2023-01-02 21:23:03','2023-01-02 21:23:03'),(3891,1,'vi','plugins/ecommerce/order','payment_was_accepted','Payment :money was accepted','2023-01-02 21:23:03','2023-01-02 21:23:03'),(3892,1,'vi','plugins/ecommerce/order','payment_was_refunded','Payment was refunded','2023-01-02 21:23:03','2023-01-02 21:23:03'),(3893,1,'vi','plugins/ecommerce/order','confirm_payment','Confirm payment','2023-01-02 21:23:03','2023-01-02 21:23:03'),(3894,1,'vi','plugins/ecommerce/order','refund','Refund','2023-01-02 21:23:03','2023-01-02 21:23:03'),(3895,1,'vi','plugins/ecommerce/order','all_products_are_not_delivered','All products are not delivered','2023-01-02 21:23:03','2023-01-02 21:23:03'),(3896,1,'vi','plugins/ecommerce/order','delivery','Delivery','2023-01-02 21:23:03','2023-01-02 21:23:03'),(3897,1,'vi','plugins/ecommerce/order','history','History','2023-01-02 21:23:03','2023-01-02 21:23:03'),(3898,1,'vi','plugins/ecommerce/order','order_number','Order number','2023-01-02 21:23:03','2023-01-02 21:23:03'),(3899,1,'vi','plugins/ecommerce/order','from','from','2023-01-02 21:23:03','2023-01-02 21:23:03'),(3900,1,'vi','plugins/ecommerce/order','status','Status','2023-01-02 21:23:03','2023-01-02 21:23:03'),(3901,1,'vi','plugins/ecommerce/order','successfully','Successfully','2023-01-02 21:23:03','2023-01-02 21:23:03'),(3902,1,'vi','plugins/ecommerce/order','transaction_type','Transaction\'s type','2023-01-02 21:23:03','2023-01-02 21:23:03'),(3903,1,'vi','plugins/ecommerce/order','staff','Staff','2023-01-02 21:23:03','2023-01-02 21:23:03'),(3904,1,'vi','plugins/ecommerce/order','refund_date','Refund date','2023-01-02 21:23:03','2023-01-02 21:23:03'),(3905,1,'vi','plugins/ecommerce/order','n_a','N\\A','2023-01-02 21:23:03','2023-01-02 21:23:03'),(3906,1,'vi','plugins/ecommerce/order','payment_date','Payment date','2023-01-02 21:23:03','2023-01-02 21:23:03'),(3907,1,'vi','plugins/ecommerce/order','payment_gateway','Payment gateway','2023-01-02 21:23:03','2023-01-02 21:23:03'),(3908,1,'vi','plugins/ecommerce/order','transaction_amount','Transaction amount','2023-01-02 21:23:03','2023-01-02 21:23:03'),(3909,1,'vi','plugins/ecommerce/order','resend','Resend','2023-01-02 21:23:03','2023-01-02 21:23:03'),(3910,1,'vi','plugins/ecommerce/order','default_store','Default store','2023-01-02 21:23:03','2023-01-02 21:23:03'),(3911,1,'vi','plugins/ecommerce/order','update_address','Update address','2023-01-02 21:23:03','2023-01-02 21:23:03'),(3912,1,'vi','plugins/ecommerce/order','have_an_account_already','Have an account already','2023-01-02 21:23:03','2023-01-02 21:23:03'),(3913,1,'vi','plugins/ecommerce/order','dont_have_an_account_yet','Don\'t have an account yet','2023-01-02 21:23:03','2023-01-02 21:23:03'),(3914,1,'vi','plugins/ecommerce/order','mark_payment_as_confirmed','Mark <span>:method</span> as confirmed','2023-01-02 21:23:03','2023-01-02 21:23:03'),(3915,1,'vi','plugins/ecommerce/order','resend_order_confirmation','Resend order confirmation','2023-01-02 21:23:03','2023-01-02 21:23:03'),(3916,1,'vi','plugins/ecommerce/order','resend_order_confirmation_description','Confirmation email will be sent to <strong>:email</strong>?','2023-01-02 21:23:03','2023-01-02 21:23:03'),(3917,1,'vi','plugins/ecommerce/order','send','Send','2023-01-02 21:23:03','2023-01-02 21:23:03'),(3918,1,'vi','plugins/ecommerce/order','update','Update','2023-01-02 21:23:03','2023-01-02 21:23:03'),(3919,1,'vi','plugins/ecommerce/order','cancel_shipping_confirmation','Cancel shipping confirmation?','2023-01-02 21:23:03','2023-01-02 21:23:03'),(3920,1,'vi','plugins/ecommerce/order','cancel_shipping_confirmation_description','Cancel shipping confirmation?','2023-01-02 21:23:03','2023-01-02 21:23:03'),(3921,1,'vi','plugins/ecommerce/order','cancel_order_confirmation','Cancel order confirmation?','2023-01-02 21:23:03','2023-01-02 21:23:03'),(3922,1,'vi','plugins/ecommerce/order','cancel_order_confirmation_description','Are you sure you want to cancel this order? This action cannot rollback','2023-01-02 21:23:03','2023-01-02 21:23:03'),(3923,1,'vi','plugins/ecommerce/order','confirm_payment_confirmation_description','Processed by <strong>:method</strong>. Did you receive payment outside the system? This payment won\'t be saved into system and cannot be refunded','2023-01-02 21:23:03','2023-01-02 21:23:03'),(3924,1,'vi','plugins/ecommerce/order','save_note','Save note','2023-01-02 21:23:03','2023-01-02 21:23:03'),(3925,1,'vi','plugins/ecommerce/order','order_note','Order note','2023-01-02 21:23:03','2023-01-02 21:23:03'),(3926,1,'vi','plugins/ecommerce/order','order_note_placeholder','Note about order, ex: time or shipping instruction.','2023-01-02 21:23:03','2023-01-02 21:23:03'),(3927,1,'vi','plugins/ecommerce/order','order_amount','Order amount','2023-01-02 21:23:03','2023-01-02 21:23:03'),(3928,1,'vi','plugins/ecommerce/order','additional_information','Additional information','2023-01-02 21:23:03','2023-01-02 21:23:03'),(3929,1,'vi','plugins/ecommerce/order','notice_about_incomplete_order','Notice about incomplete order','2023-01-02 21:23:03','2023-01-02 21:23:03'),(3930,1,'vi','plugins/ecommerce/order','notice_about_incomplete_order_description','Remind email about uncompleted order will be send to <strong>:email</strong>?','2023-01-02 21:23:03','2023-01-02 21:23:03'),(3931,1,'vi','plugins/ecommerce/order','incomplete_order_description_1','An incomplete order is when a potential customer places items in their shopping cart, and goes all the way through to the payment page, but then doesn\'t complete the transaction.','2023-01-02 21:23:03','2023-01-02 21:23:03'),(3932,1,'vi','plugins/ecommerce/order','incomplete_order_description_2','If you have contacted customers and they want to continue buying, you can help them complete their order by following the link:','2023-01-02 21:23:03','2023-01-02 21:23:03'),(3933,1,'vi','plugins/ecommerce/order','send_an_email_to_recover_this_order','Send an email to customer to recover this order','2023-01-02 21:23:03','2023-01-02 21:23:03'),(3934,1,'vi','plugins/ecommerce/order','see_maps','See maps','2023-01-02 21:23:03','2023-01-02 21:23:03'),(3935,1,'vi','plugins/ecommerce/order','one_or_more_products_dont_have_enough_quantity','One or more products don\'t have enough quantity!','2023-01-02 21:23:03','2023-01-02 21:23:03'),(3936,1,'vi','plugins/ecommerce/order','payment_info','Payment Info','2023-01-02 21:23:03','2023-01-02 21:23:03'),(3937,1,'vi','plugins/ecommerce/order','payment_method_refund_automatic','Your customer will be refunded using :method automatically.','2023-01-02 21:23:03','2023-01-02 21:23:03'),(3938,1,'vi','plugins/ecommerce/order','order','Order','2023-01-02 21:23:03','2023-01-02 21:23:03'),(3939,1,'vi','plugins/ecommerce/order','create_a_new_product','Create a new product','2023-01-02 21:23:03','2023-01-02 21:23:03'),(3940,1,'vi','plugins/ecommerce/order','out_of_stock','Out of stock','2023-01-02 21:23:03','2023-01-02 21:23:03'),(3941,1,'vi','plugins/ecommerce/order','products_available','product(s) available','2023-01-02 21:23:03','2023-01-02 21:23:03'),(3942,1,'vi','plugins/ecommerce/order','no_products_found','No products found!','2023-01-02 21:23:03','2023-01-02 21:23:03'),(3943,1,'vi','plugins/ecommerce/order','note','Note','2023-01-02 21:23:03','2023-01-02 21:23:03'),(3944,1,'vi','plugins/ecommerce/order','note_for_order','Note for order...','2023-01-02 21:23:03','2023-01-02 21:23:03'),(3945,1,'vi','plugins/ecommerce/order','add_discount','Add discount','2023-01-02 21:23:03','2023-01-02 21:23:03'),(3946,1,'vi','plugins/ecommerce/order','discount','Discount','2023-01-02 21:23:03','2023-01-02 21:23:03'),(3947,1,'vi','plugins/ecommerce/order','add_shipping_fee','Add shipping fee','2023-01-02 21:23:03','2023-01-02 21:23:03'),(3948,1,'vi','plugins/ecommerce/order','shipping','Shipping','2023-01-02 21:23:03','2023-01-02 21:23:03'),(3949,1,'vi','plugins/ecommerce/order','total_amount','Total amount','2023-01-02 21:23:03','2023-01-02 21:23:03'),(3950,1,'vi','plugins/ecommerce/order','confirm_payment_and_create_order','Confirm payment and create order','2023-01-02 21:23:03','2023-01-02 21:23:03'),(3951,1,'vi','plugins/ecommerce/order','paid','Paid','2023-01-02 21:23:03','2023-01-02 21:23:03'),(3952,1,'vi','plugins/ecommerce/order','pay_later','Pay later','2023-01-02 21:23:03','2023-01-02 21:23:03'),(3953,1,'vi','plugins/ecommerce/order','customer_information','Customer information','2023-01-02 21:23:03','2023-01-02 21:23:03'),(3954,1,'vi','plugins/ecommerce/order','create_new_customer','Create new customer','2023-01-02 21:23:03','2023-01-02 21:23:03'),(3955,1,'vi','plugins/ecommerce/order','no_customer_found','No customer found!','2023-01-02 21:23:03','2023-01-02 21:23:03'),(3956,1,'vi','plugins/ecommerce/order','customer','Customer','2023-01-02 21:23:03','2023-01-02 21:23:03'),(3957,1,'vi','plugins/ecommerce/order','orders','order(s)','2023-01-02 21:23:03','2023-01-02 21:23:03'),(3958,1,'vi','plugins/ecommerce/order','shipping_address','Shipping Address','2023-01-02 21:23:03','2023-01-02 21:23:03'),(3959,1,'vi','plugins/ecommerce/order','see_on_maps','See on maps','2023-01-02 21:23:03','2023-01-02 21:23:03'),(3960,1,'vi','plugins/ecommerce/order','price','Price','2023-01-02 21:23:03','2023-01-02 21:23:03'),(3961,1,'vi','plugins/ecommerce/order','sku_optional','SKU (optional)','2023-01-02 21:23:03','2023-01-02 21:23:03'),(3962,1,'vi','plugins/ecommerce/order','with_storehouse_management','With storehouse management?','2023-01-02 21:23:03','2023-01-02 21:23:03'),(3963,1,'vi','plugins/ecommerce/order','quantity','Quantity','2023-01-02 21:23:04','2023-01-02 21:23:04'),(3964,1,'vi','plugins/ecommerce/order','allow_customer_checkout_when_this_product_out_of_stock','Allow customer checkout when this product out of stock?','2023-01-02 21:23:04','2023-01-02 21:23:04'),(3965,1,'vi','plugins/ecommerce/order','address','Address','2023-01-02 21:23:04','2023-01-02 21:23:04'),(3966,1,'vi','plugins/ecommerce/order','phone','Phone','2023-01-02 21:23:04','2023-01-02 21:23:04'),(3967,1,'vi','plugins/ecommerce/order','country','Country','2023-01-02 21:23:04','2023-01-02 21:23:04'),(3968,1,'vi','plugins/ecommerce/order','state','State','2023-01-02 21:23:04','2023-01-02 21:23:04'),(3969,1,'vi','plugins/ecommerce/order','city','City','2023-01-02 21:23:04','2023-01-02 21:23:04'),(3970,1,'vi','plugins/ecommerce/order','zip_code','Zip code','2023-01-02 21:23:04','2023-01-02 21:23:04'),(3971,1,'vi','plugins/ecommerce/order','discount_based_on','Discount based on','2023-01-02 21:23:04','2023-01-02 21:23:04'),(3972,1,'vi','plugins/ecommerce/order','or_coupon_code','Or coupon code','2023-01-02 21:23:04','2023-01-02 21:23:04'),(3973,1,'vi','plugins/ecommerce/order','description','Description','2023-01-02 21:23:04','2023-01-02 21:23:04'),(3974,1,'vi','plugins/ecommerce/order','how_to_select_configured_shipping','How to select configured shipping?','2023-01-02 21:23:04','2023-01-02 21:23:04'),(3975,1,'vi','plugins/ecommerce/order','please_add_customer_information_with_the_complete_shipping_address_to_see_the_configured_shipping_rates','Please add customer information with the complete shipping address to see the configured shipping rates','2023-01-02 21:23:04','2023-01-02 21:23:04'),(3976,1,'vi','plugins/ecommerce/order','free_shipping','Free shipping','2023-01-02 21:23:04','2023-01-02 21:23:04'),(3977,1,'vi','plugins/ecommerce/order','custom','Custom','2023-01-02 21:23:04','2023-01-02 21:23:04'),(3978,1,'vi','plugins/ecommerce/order','email','Email','2023-01-02 21:23:04','2023-01-02 21:23:04'),(3979,1,'vi','plugins/ecommerce/order','create_order','Create order','2023-01-02 21:23:04','2023-01-02 21:23:04'),(3980,1,'vi','plugins/ecommerce/order','close','Close','2023-01-02 21:23:04','2023-01-02 21:23:04'),(3981,1,'vi','plugins/ecommerce/order','confirm_payment_is_paid_for_this_order','Confirm payment is paid for this order','2023-01-02 21:23:04','2023-01-02 21:23:04'),(3982,1,'vi','plugins/ecommerce/order','payment_status_of_the_order_is_paid_once_the_order_has_been_created_you_cannot_change_the_payment_method_or_status','Payment status of the order is Paid. Once the order has been created, you cannot change the payment method or status','2023-01-02 21:23:04','2023-01-02 21:23:04'),(3983,1,'vi','plugins/ecommerce/order','select_payment_method','Select payment method','2023-01-02 21:23:04','2023-01-02 21:23:04'),(3984,1,'vi','plugins/ecommerce/order','cash_on_delivery_cod','Cash on delivery (COD)','2023-01-02 21:23:04','2023-01-02 21:23:04'),(3985,1,'vi','plugins/ecommerce/order','bank_transfer','Bank transfer','2023-01-02 21:23:04','2023-01-02 21:23:04'),(3986,1,'vi','plugins/ecommerce/order','paid_amount','Paid amount','2023-01-02 21:23:04','2023-01-02 21:23:04'),(3987,1,'vi','plugins/ecommerce/order','confirm_that_payment_for_this_order_will_be_paid_later','Confirm that payment for this order will be paid later','2023-01-02 21:23:04','2023-01-02 21:23:04'),(3988,1,'vi','plugins/ecommerce/order','payment_status_of_the_order_is_pending_once_the_order_has_been_created_you_cannot_change_the_payment_method_or_status','Payment status of the order is Pending. Once the order has been created, you cannot change the payment method or status','2023-01-02 21:23:04','2023-01-02 21:23:04'),(3989,1,'vi','plugins/ecommerce/order','pending_amount','Pending amount','2023-01-02 21:23:04','2023-01-02 21:23:04'),(3990,1,'vi','plugins/ecommerce/order','update_email','Update email','2023-01-02 21:23:04','2023-01-02 21:23:04'),(3991,1,'vi','plugins/ecommerce/order','save','Save','2023-01-02 21:23:04','2023-01-02 21:23:04'),(3992,1,'vi','plugins/ecommerce/order','cancel','Cancel','2023-01-02 21:23:04','2023-01-02 21:23:04'),(3993,1,'vi','plugins/ecommerce/order','create_a_new_order','Create a new order','2023-01-02 21:23:04','2023-01-02 21:23:04'),(3994,1,'vi','plugins/ecommerce/order','search_or_create_new_product','Search or create a new product','2023-01-02 21:23:04','2023-01-02 21:23:04'),(3995,1,'vi','plugins/ecommerce/order','search_or_create_new_customer','Search or create a new customer','2023-01-02 21:23:04','2023-01-02 21:23:04'),(3996,1,'vi','plugins/ecommerce/order','discount_description','Discount description','2023-01-02 21:23:04','2023-01-02 21:23:04'),(3997,1,'vi','plugins/ecommerce/order','cant_select_out_of_stock_product','Cannot select out of stock product!','2023-01-02 21:23:04','2023-01-02 21:23:04'),(3998,1,'vi','plugins/ecommerce/payment','name','Thanh toán','2023-01-02 21:23:04','2023-01-02 21:23:04'),(3999,1,'vi','plugins/ecommerce/payment','payment_method','Phương thức thanh toán','2023-01-02 21:23:04','2023-01-02 21:23:04'),(4000,1,'vi','plugins/ecommerce/payment','view_payment','Xem thanh toán #','2023-01-02 21:23:04','2023-01-02 21:23:04'),(4001,1,'vi','plugins/ecommerce/payment','charge_id','Mã giao dịch','2023-01-02 21:23:04','2023-01-02 21:23:04'),(4002,1,'vi','plugins/ecommerce/payment','amount','Số tiền','2023-01-02 21:23:04','2023-01-02 21:23:04'),(4003,1,'vi','plugins/ecommerce/payment','currency','Đơn vị tiền tệ','2023-01-02 21:23:04','2023-01-02 21:23:04'),(4004,1,'vi','plugins/ecommerce/payment','user','Người dùng','2023-01-02 21:23:04','2023-01-02 21:23:04'),(4005,1,'vi','plugins/ecommerce/payment','paypal_name_required','Tên của phương thức PayPal là bắt buộc!','2023-01-02 21:23:04','2023-01-02 21:23:04'),(4006,1,'vi','plugins/ecommerce/payment','paypal_name_max','Tên của phương thức PayPal quá dài!','2023-01-02 21:23:04','2023-01-02 21:23:04'),(4007,1,'vi','plugins/ecommerce/payment','status','Trạng thái','2023-01-02 21:23:04','2023-01-02 21:23:04'),(4008,1,'vi','plugins/ecommerce/payment','enabled','Bật','2023-01-02 21:23:04','2023-01-02 21:23:04'),(4009,1,'vi','plugins/ecommerce/payment','disabled','Tắt','2023-01-02 21:23:04','2023-01-02 21:23:04'),(4010,1,'vi','plugins/ecommerce/payment','client_id','Client ID','2023-01-02 21:23:04','2023-01-02 21:23:04'),(4011,1,'vi','plugins/ecommerce/payment','client_secret','Client Secret','2023-01-02 21:23:04','2023-01-02 21:23:04'),(4012,1,'vi','plugins/ecommerce/payment','mode','Chế độ','2023-01-02 21:23:04','2023-01-02 21:23:04'),(4013,1,'vi','plugins/ecommerce/payment','sandbox','Sandbox','2023-01-02 21:23:04','2023-01-02 21:23:04'),(4014,1,'vi','plugins/ecommerce/payment','live','Live','2023-01-02 21:23:04','2023-01-02 21:23:04'),(4015,1,'vi','plugins/ecommerce/payment','enable_payment_log','Bật lưu nhật ký thanh toán','2023-01-02 21:23:04','2023-01-02 21:23:04'),(4016,1,'vi','plugins/ecommerce/payment','yes','Có','2023-01-02 21:23:04','2023-01-02 21:23:04'),(4017,1,'vi','plugins/ecommerce/payment','no','Không','2023-01-02 21:23:04','2023-01-02 21:23:04'),(4018,1,'vi','plugins/ecommerce/payment','client_key','Client Key','2023-01-02 21:23:04','2023-01-02 21:23:04'),(4019,1,'vi','plugins/ecommerce/payment','paypal','PayPal','2023-01-02 21:23:04','2023-01-02 21:23:04'),(4020,1,'vi','plugins/ecommerce/payment','action','Hành động','2023-01-02 21:23:04','2023-01-02 21:23:04'),(4021,1,'vi','plugins/ecommerce/payment','go_back','Quay lại','2023-01-02 21:23:04','2023-01-02 21:23:04'),(4022,1,'vi','plugins/ecommerce/payment','view','Xem','2023-01-02 21:23:04','2023-01-02 21:23:04'),(4023,1,'vi','plugins/ecommerce/payment','cash_on_delivery','Thanh toán khi nhận hàng (COD)','2023-01-02 21:23:04','2023-01-02 21:23:04'),(4024,1,'vi','plugins/ecommerce/payment','via_bank_transfer','Thông qua chuyển khoản ngân hàng','2023-01-02 21:23:04','2023-01-02 21:23:04'),(4025,1,'vi','plugins/ecommerce/payment','payment_via_cart','Thanh toán bằng thẻ','2023-01-02 21:23:04','2023-01-02 21:23:04'),(4026,1,'vi','plugins/ecommerce/payment','card_number','Số thẻ','2023-01-02 21:23:04','2023-01-02 21:23:04'),(4027,1,'vi','plugins/ecommerce/payment','full_name','Tên trên thẻ','2023-01-02 21:23:04','2023-01-02 21:23:04'),(4028,1,'vi','plugins/ecommerce/payment','payment_via_paypal','Thanh toán thông qua PayPal','2023-01-02 21:23:04','2023-01-02 21:23:04'),(4029,1,'vi','plugins/ecommerce/payment','mm_yy','MM/YY','2023-01-02 21:23:04','2023-01-02 21:23:04'),(4030,1,'vi','plugins/ecommerce/payment','cvc','CVC','2023-01-02 21:23:04','2023-01-02 21:23:04'),(4031,1,'vi','plugins/ecommerce/payment','details','Chi tiết','2023-01-02 21:23:04','2023-01-02 21:23:04'),(4032,1,'vi','plugins/ecommerce/payment','payer_name','Người thanh toán','2023-01-02 21:23:04','2023-01-02 21:23:04'),(4033,1,'vi','plugins/ecommerce/payment','email','Địa chỉ email','2023-01-02 21:23:04','2023-01-02 21:23:04'),(4034,1,'vi','plugins/ecommerce/payment','phone','Điện thoại','2023-01-02 21:23:04','2023-01-02 21:23:04'),(4035,1,'vi','plugins/ecommerce/payment','country','Quốc gia','2023-01-02 21:23:04','2023-01-02 21:23:04'),(4036,1,'vi','plugins/ecommerce/payment','shipping_address','Địa chỉ giao hàng','2023-01-02 21:23:04','2023-01-02 21:23:04'),(4037,1,'vi','plugins/ecommerce/payment','payment_details','Chi tiết giao dịch','2023-01-02 21:23:04','2023-01-02 21:23:04'),(4038,1,'vi','plugins/ecommerce/payment','card','Thẻ','2023-01-02 21:23:04','2023-01-02 21:23:04'),(4039,1,'vi','plugins/ecommerce/payment','address','Địa chỉ','2023-01-02 21:23:04','2023-01-02 21:23:04'),(4040,1,'vi','plugins/ecommerce/payment','new_payment','Thanh toán cho đơn hàng :id','2023-01-02 21:23:04','2023-01-02 21:23:04'),(4041,1,'vi','plugins/ecommerce/payment','payment_id','Mã thanh toán','2023-01-02 21:23:04','2023-01-02 21:23:04'),(4042,1,'vi','plugins/ecommerce/prices','name','Price','2023-01-02 21:23:04','2023-01-02 21:23:04'),(4043,1,'vi','plugins/ecommerce/prices','create','New price','2023-01-02 21:23:04','2023-01-02 21:23:04'),(4044,1,'vi','plugins/ecommerce/prices','edit','Edit price','2023-01-02 21:23:04','2023-01-02 21:23:04'),(4045,1,'vi','plugins/ecommerce/prices','list','List price','2023-01-02 21:23:04','2023-01-02 21:23:04'),(4046,1,'vi','plugins/ecommerce/product-attribute-sets','name','Product attribute sets','2023-01-02 21:23:04','2023-01-02 21:23:04'),(4047,1,'vi','plugins/ecommerce/product-attribute-sets','create','New product attribute set','2023-01-02 21:23:04','2023-01-02 21:23:04'),(4048,1,'vi','plugins/ecommerce/product-attribute-sets','edit','Edit product attribute set','2023-01-02 21:23:04','2023-01-02 21:23:04'),(4049,1,'vi','plugins/ecommerce/product-attribute-sets','visible_in_categories','Visible in categories','2023-01-02 21:23:04','2023-01-02 21:23:04'),(4050,1,'vi','plugins/ecommerce/product-attribute-sets','product_with_more_version','Product with more version','2023-01-02 21:23:04','2023-01-02 21:23:04'),(4051,1,'vi','plugins/ecommerce/product-attribute-sets','create_a_version','Create a version','2023-01-02 21:23:04','2023-01-02 21:23:04'),(4052,1,'vi','plugins/ecommerce/product-attribute-sets','enabled','Enabled','2023-01-02 21:23:04','2023-01-02 21:23:04'),(4053,1,'vi','plugins/ecommerce/product-attribute-sets','attributes','Attributes','2023-01-02 21:23:04','2023-01-02 21:23:04'),(4054,1,'vi','plugins/ecommerce/product-attribute-sets','price','Price','2023-01-02 21:23:04','2023-01-02 21:23:04'),(4055,1,'vi','plugins/ecommerce/product-attribute-sets','edit_btn','Edit','2023-01-02 21:23:04','2023-01-02 21:23:04'),(4056,1,'vi','plugins/ecommerce/product-attribute-sets','remove_btn','Remove','2023-01-02 21:23:04','2023-01-02 21:23:04'),(4057,1,'vi','plugins/ecommerce/product-attribute-sets','product','Product','2023-01-02 21:23:04','2023-01-02 21:23:04'),(4058,1,'vi','plugins/ecommerce/product-attribute-sets','back_to_product','Back to product','2023-01-02 21:23:04','2023-01-02 21:23:04'),(4059,1,'vi','plugins/ecommerce/product-attribute-sets','save','Save','2023-01-02 21:23:04','2023-01-02 21:23:04'),(4060,1,'vi','plugins/ecommerce/product-attribute-sets','other_existing_versions','Other existing versions','2023-01-02 21:23:04','2023-01-02 21:23:04'),(4061,1,'vi','plugins/ecommerce/product-attribute-sets','version_information','Version information','2023-01-02 21:23:04','2023-01-02 21:23:04'),(4062,1,'vi','plugins/ecommerce/product-attribute-sets','add_rule','Add rule','2023-01-02 21:23:04','2023-01-02 21:23:04'),(4063,1,'vi','plugins/ecommerce/product-attribute-sets','rules','Rules','2023-01-02 21:23:04','2023-01-02 21:23:04'),(4064,1,'vi','plugins/ecommerce/product-attribute-sets','pricing','Pricing','2023-01-02 21:23:04','2023-01-02 21:23:04'),(4065,1,'vi','plugins/ecommerce/product-attribute-sets','sale_price','Sale price','2023-01-02 21:23:04','2023-01-02 21:23:04'),(4066,1,'vi','plugins/ecommerce/product-attribute-sets','sale_type','Sale type','2023-01-02 21:23:04','2023-01-02 21:23:04'),(4067,1,'vi','plugins/ecommerce/product-attribute-sets','no_sale_price','No sale price','2023-01-02 21:23:04','2023-01-02 21:23:04'),(4068,1,'vi','plugins/ecommerce/product-attribute-sets','always_on_sale','Always on sale','2023-01-02 21:23:04','2023-01-02 21:23:04'),(4069,1,'vi','plugins/ecommerce/product-attribute-sets','limited_time','Limited time','2023-01-02 21:23:04','2023-01-02 21:23:04'),(4070,1,'vi','plugins/ecommerce/product-attribute-sets','from','From','2023-01-02 21:23:04','2023-01-02 21:23:04'),(4071,1,'vi','plugins/ecommerce/product-attribute-sets','to','To','2023-01-02 21:23:04','2023-01-02 21:23:04'),(4072,1,'vi','plugins/ecommerce/product-attribute-sets','storehouse','Storehouse','2023-01-02 21:23:04','2023-01-02 21:23:04'),(4073,1,'vi','plugins/ecommerce/product-attribute-sets','no_storehouse_management','No storehouse management','2023-01-02 21:23:04','2023-01-02 21:23:04'),(4074,1,'vi','plugins/ecommerce/product-attribute-sets','with_storehouse_management','With storehouse management','2023-01-02 21:23:04','2023-01-02 21:23:04'),(4075,1,'vi','plugins/ecommerce/product-attribute-sets','quantity','Quantity','2023-01-02 21:23:04','2023-01-02 21:23:04'),(4076,1,'vi','plugins/ecommerce/product-attribute-sets','allow_customer_checkout_out_of_stock','Allow customer checkout when this product out of stock','2023-01-02 21:23:04','2023-01-02 21:23:04'),(4077,1,'vi','plugins/ecommerce/product-attribute-sets','shipping','Shipping','2023-01-02 21:23:04','2023-01-02 21:23:04'),(4078,1,'vi','plugins/ecommerce/product-attribute-sets','length','Length','2023-01-02 21:23:04','2023-01-02 21:23:04'),(4079,1,'vi','plugins/ecommerce/product-attribute-sets','wide','Wide','2023-01-02 21:23:04','2023-01-02 21:23:04'),(4080,1,'vi','plugins/ecommerce/product-attribute-sets','height','Height','2023-01-02 21:23:04','2023-01-02 21:23:04'),(4081,1,'vi','plugins/ecommerce/product-attribute-sets','weight','Weight','2023-01-02 21:23:04','2023-01-02 21:23:04'),(4082,1,'vi','plugins/ecommerce/product-attribute-sets','version_images','Version images','2023-01-02 21:23:05','2023-01-02 21:23:05'),(4083,1,'vi','plugins/ecommerce/product-attribute-sets','add_new_image','Add new image','2023-01-02 21:23:05','2023-01-02 21:23:05'),(4084,1,'vi','plugins/ecommerce/product-attribute-sets','attribute_set','Attribute set','2023-01-02 21:23:05','2023-01-02 21:23:05'),(4085,1,'vi','plugins/ecommerce/product-attribute-sets','value','Value','2023-01-02 21:23:05','2023-01-02 21:23:05'),(4086,1,'vi','plugins/ecommerce/product-attribute-sets','dropdown_swatch','Dropdown Swatch','2023-01-02 21:23:05','2023-01-02 21:23:05'),(4087,1,'vi','plugins/ecommerce/product-attribute-sets','visual_swatch','Visual Swatch','2023-01-02 21:23:05','2023-01-02 21:23:05'),(4088,1,'vi','plugins/ecommerce/product-attribute-sets','text_swatch','Text Swatch','2023-01-02 21:23:05','2023-01-02 21:23:05'),(4089,1,'vi','plugins/ecommerce/product-attributes','name','Thuộc tính sản phẩm','2023-01-02 21:23:05','2023-01-02 21:23:05'),(4090,1,'vi','plugins/ecommerce/product-attributes','create','Tạo','2023-01-02 21:23:05','2023-01-02 21:23:05'),(4091,1,'vi','plugins/ecommerce/product-attributes','edit','Sửa','2023-01-02 21:23:05','2023-01-02 21:23:05'),(4092,1,'vi','plugins/ecommerce/product-attributes','intro.title','Quản lý danh sách thuộc tính sản phẩm','2023-01-02 21:23:05','2023-01-02 21:23:05'),(4093,1,'vi','plugins/ecommerce/product-attributes','intro.description','Các thuộc tính của sản phẩm như màu sắc, kích thước ...','2023-01-02 21:23:05','2023-01-02 21:23:05'),(4094,1,'vi','plugins/ecommerce/product-attributes','intro.button_text','Tạo thuộc tính sản phẩm','2023-01-02 21:23:05','2023-01-02 21:23:05'),(4095,1,'vi','plugins/ecommerce/product-categories','create','Create new product category','2023-01-02 21:23:05','2023-01-02 21:23:05'),(4096,1,'vi','plugins/ecommerce/product-categories','edit','Edit product category','2023-01-02 21:23:05','2023-01-02 21:23:05'),(4097,1,'vi','plugins/ecommerce/product-categories','name','Danh mục sản phẩm','2023-01-02 21:23:05','2023-01-02 21:23:05'),(4098,1,'vi','plugins/ecommerce/product-categories','none','Không có','2023-01-02 21:23:05','2023-01-02 21:23:05'),(4099,1,'vi','plugins/ecommerce/product-categories','menu','Danh mục sản phẩm','2023-01-02 21:23:05','2023-01-02 21:23:05'),(4100,1,'vi','plugins/ecommerce/product-categories','intro.title','Quản lý danh sách danh mục sản phẩm','2023-01-02 21:23:05','2023-01-02 21:23:05'),(4101,1,'vi','plugins/ecommerce/product-categories','intro.description','Danh mục sản phẩm như quần áo, giày dép, linh kiện điện tử ...','2023-01-02 21:23:05','2023-01-02 21:23:05'),(4102,1,'vi','plugins/ecommerce/product-categories','intro.button_text','Tạo danh mục sản phẩm','2023-01-02 21:23:05','2023-01-02 21:23:05'),(4103,1,'vi','plugins/ecommerce/product-categories','total_products','Tổng sản phẩm: :total','2023-01-02 21:23:05','2023-01-02 21:23:05'),(4104,1,'vi','plugins/ecommerce/product-collections','name','Nhóm sản phẩm','2023-01-02 21:23:05','2023-01-02 21:23:05'),(4105,1,'vi','plugins/ecommerce/product-collections','create','Thêm nhóm sản phẩm','2023-01-02 21:23:05','2023-01-02 21:23:05'),(4106,1,'vi','plugins/ecommerce/product-collections','edit','Sửa nhóm sản phẩm','2023-01-02 21:23:05','2023-01-02 21:23:05'),(4107,1,'vi','plugins/ecommerce/product-collections','slug_help_block','Label key: <code>:slug</code>. We will use this key for filter.','2023-01-02 21:23:05','2023-01-02 21:23:05'),(4108,1,'vi','plugins/ecommerce/product-collections','intro.title','Quản lý nhóm sản phẩm','2023-01-02 21:23:05','2023-01-02 21:23:05'),(4109,1,'vi','plugins/ecommerce/product-collections','intro.description','Nhóm sản phẩm giúp quản lý sản phẩm và khách hàng tìm kiếm sản phẩm một cách dễ dàng.','2023-01-02 21:23:05','2023-01-02 21:23:05'),(4110,1,'vi','plugins/ecommerce/product-collections','intro.button_text','Tạo nhóm sản phẩm','2023-01-02 21:23:05','2023-01-02 21:23:05'),(4111,1,'vi','plugins/ecommerce/products','name','Sản phẩm','2023-01-02 21:23:05','2023-01-02 21:23:05'),(4112,1,'vi','plugins/ecommerce/products','create','Thêm sản phẩm mới','2023-01-02 21:23:05','2023-01-02 21:23:05'),(4113,1,'vi','plugins/ecommerce/products','edit','Sửa sản phẩm - :name','2023-01-02 21:23:05','2023-01-02 21:23:05'),(4114,1,'vi','plugins/ecommerce/products','form.name','Tên sản phẩm','2023-01-02 21:23:05','2023-01-02 21:23:05'),(4115,1,'vi','plugins/ecommerce/products','form.name_placeholder','Tên sản phẩm (Tối đa 120 chữ cái)','2023-01-02 21:23:05','2023-01-02 21:23:05'),(4116,1,'vi','plugins/ecommerce/products','form.description','Mô tả ngắn','2023-01-02 21:23:05','2023-01-02 21:23:05'),(4117,1,'vi','plugins/ecommerce/products','form.description_placeholder','Mô tả ngắn gọn cho sản phẩm (Tối đa 400 chữ cái)','2023-01-02 21:23:05','2023-01-02 21:23:05'),(4118,1,'vi','plugins/ecommerce/products','form.categories','Danh mục','2023-01-02 21:23:05','2023-01-02 21:23:05'),(4119,1,'vi','plugins/ecommerce/products','form.content','Chi tiết sản phẩm','2023-01-02 21:23:05','2023-01-02 21:23:05'),(4120,1,'vi','plugins/ecommerce/products','form.price','Giá cơ bản','2023-01-02 21:23:05','2023-01-02 21:23:05'),(4121,1,'vi','plugins/ecommerce/products','form.price_sale','Giá giảm','2023-01-02 21:23:05','2023-01-02 21:23:05'),(4122,1,'vi','plugins/ecommerce/products','form.quantity','Số lượng','2023-01-02 21:23:05','2023-01-02 21:23:05'),(4123,1,'vi','plugins/ecommerce/products','form.brand','Thương hiệu','2023-01-02 21:23:05','2023-01-02 21:23:05'),(4124,1,'vi','plugins/ecommerce/products','form.width','Rộng','2023-01-02 21:23:05','2023-01-02 21:23:05'),(4125,1,'vi','plugins/ecommerce/products','form.height','Cao','2023-01-02 21:23:05','2023-01-02 21:23:05'),(4126,1,'vi','plugins/ecommerce/products','form.weight','Cân nặng','2023-01-02 21:23:05','2023-01-02 21:23:05'),(4127,1,'vi','plugins/ecommerce/products','form.image','Hình ảnh','2023-01-02 21:23:05','2023-01-02 21:23:05'),(4128,1,'vi','plugins/ecommerce/products','form.product_type.title','Loại sản phẩm','2023-01-02 21:23:05','2023-01-02 21:23:05'),(4129,1,'vi','plugins/ecommerce/products','form.stock.title','Tình trạng kho','2023-01-02 21:23:05','2023-01-02 21:23:05'),(4130,1,'vi','plugins/ecommerce/products','form.stock.in_stock','Còn hàng','2023-01-02 21:23:05','2023-01-02 21:23:05'),(4131,1,'vi','plugins/ecommerce/products','form.stock.out_stock','Hết hàng','2023-01-02 21:23:05','2023-01-02 21:23:05'),(4132,1,'vi','plugins/ecommerce/products','form.stock.allow_order_when_out','Cho phép đặt hàng khi hết','2023-01-02 21:23:05','2023-01-02 21:23:05'),(4133,1,'vi','plugins/ecommerce/products','form.storehouse.title','Quản lý kho','2023-01-02 21:23:05','2023-01-02 21:23:05'),(4134,1,'vi','plugins/ecommerce/products','form.storehouse.no_storehouse','Không quản lý kho','2023-01-02 21:23:05','2023-01-02 21:23:05'),(4135,1,'vi','plugins/ecommerce/products','form.storehouse.storehouse','Quản lý kho','2023-01-02 21:23:05','2023-01-02 21:23:05'),(4136,1,'vi','plugins/ecommerce/products','form.storehouse.quantity','Số lượng','2023-01-02 21:23:05','2023-01-02 21:23:05'),(4137,1,'vi','plugins/ecommerce/products','form.shipping.title','Giao hàng','2023-01-02 21:23:05','2023-01-02 21:23:05'),(4138,1,'vi','plugins/ecommerce/products','form.shipping.length','Chiều dài','2023-01-02 21:23:05','2023-01-02 21:23:05'),(4139,1,'vi','plugins/ecommerce/products','form.shipping.wide','Chiều rộng','2023-01-02 21:23:05','2023-01-02 21:23:05'),(4140,1,'vi','plugins/ecommerce/products','form.shipping.height','Chiều cao','2023-01-02 21:23:05','2023-01-02 21:23:05'),(4141,1,'vi','plugins/ecommerce/products','form.shipping.weight','Cân nặng','2023-01-02 21:23:05','2023-01-02 21:23:05'),(4142,1,'vi','plugins/ecommerce/products','form.date.start','Ngày bắt đầu','2023-01-02 21:23:05','2023-01-02 21:23:05'),(4143,1,'vi','plugins/ecommerce/products','form.date.end','Ngày kết thúc','2023-01-02 21:23:05','2023-01-02 21:23:05'),(4144,1,'vi','plugins/ecommerce/products','form.tags','Nhãn','2023-01-02 21:23:05','2023-01-02 21:23:05'),(4145,1,'vi','plugins/ecommerce/products','form.tax','Thuế','2023-01-02 21:23:05','2023-01-02 21:23:05'),(4146,1,'vi','plugins/ecommerce/products','form.taxes','Thuế','2023-01-02 21:23:05','2023-01-02 21:23:05'),(4147,1,'vi','plugins/ecommerce/products','price','Giá cơ bản','2023-01-02 21:23:05','2023-01-02 21:23:05'),(4148,1,'vi','plugins/ecommerce/products','price_sale','Giá giảm','2023-01-02 21:23:05','2023-01-02 21:23:05'),(4149,1,'vi','plugins/ecommerce/products','quantity','Số lượng','2023-01-02 21:23:05','2023-01-02 21:23:05'),(4150,1,'vi','plugins/ecommerce/products','type','Loại sản phẩm','2023-01-02 21:23:05','2023-01-02 21:23:05'),(4151,1,'vi','plugins/ecommerce/products','image','Ảnh','2023-01-02 21:23:05','2023-01-02 21:23:05'),(4152,1,'vi','plugins/ecommerce/products','sku','Mã sản phẩm','2023-01-02 21:23:05','2023-01-02 21:23:05'),(4153,1,'vi','plugins/ecommerce/products','brand','Thương hiệu','2023-01-02 21:23:05','2023-01-02 21:23:05'),(4154,1,'vi','plugins/ecommerce/products','cannot_delete','Product could not be deleted','2023-01-02 21:23:05','2023-01-02 21:23:05'),(4155,1,'vi','plugins/ecommerce/products','product_deleted','Product deleted','2023-01-02 21:23:05','2023-01-02 21:23:05'),(4156,1,'vi','plugins/ecommerce/products','products','Sản phẩm','2023-01-02 21:23:05','2023-01-02 21:23:05'),(4157,1,'vi','plugins/ecommerce/products','menu','Sản phẩm','2023-01-02 21:23:05','2023-01-02 21:23:05'),(4158,1,'vi','plugins/ecommerce/products','control.button_add_image','Thêm hình ảnh','2023-01-02 21:23:05','2023-01-02 21:23:05'),(4159,1,'vi','plugins/ecommerce/products','overview','Tổng quan','2023-01-02 21:23:05','2023-01-02 21:23:05'),(4160,1,'vi','plugins/ecommerce/products','attributes','Thuộc tính','2023-01-02 21:23:05','2023-01-02 21:23:05'),(4161,1,'vi','plugins/ecommerce/products','product_has_variations','Sản phẩm có nhiều phiên bản','2023-01-02 21:23:05','2023-01-02 21:23:05'),(4162,1,'vi','plugins/ecommerce/products','manage_products','Quản lý danh sách sản phẩm','2023-01-02 21:23:05','2023-01-02 21:23:05'),(4163,1,'vi','plugins/ecommerce/products','add_new_product','Tạo sản phẩm','2023-01-02 21:23:05','2023-01-02 21:23:05'),(4164,1,'vi','plugins/ecommerce/products','start_by_adding_new_product','Bắt đầu bán hàng bằng việc thêm sản phẩm.','2023-01-02 21:23:05','2023-01-02 21:23:05'),(4165,1,'vi','plugins/ecommerce/reports','name','Báo cáo','2023-01-02 21:23:05','2023-01-02 21:23:05'),(4166,1,'vi','plugins/ecommerce/reports','widget.order.title','Đơn hàng','2023-01-02 21:23:05','2023-01-02 21:23:05'),(4167,1,'vi','plugins/ecommerce/reports','count.revenue','Doanh thu hôm nay','2023-01-02 21:23:05','2023-01-02 21:23:05'),(4168,1,'vi','plugins/ecommerce/reports','count.orders','Đơn hàng hôm nay','2023-01-02 21:23:05','2023-01-02 21:23:05'),(4169,1,'vi','plugins/ecommerce/reports','count.products','Sản phẩm','2023-01-02 21:23:05','2023-01-02 21:23:05'),(4170,1,'vi','plugins/ecommerce/reports','count.customers','Khách hàng','2023-01-02 21:23:05','2023-01-02 21:23:05'),(4171,1,'vi','plugins/ecommerce/reports','product_name','Tên sản phẩm','2023-01-02 21:23:05','2023-01-02 21:23:05'),(4172,1,'vi','plugins/ecommerce/reports','quantity','Số lượng','2023-01-02 21:23:05','2023-01-02 21:23:05'),(4173,1,'vi','plugins/ecommerce/reports','revenue_statistics','Thống kê doanh thu','2023-01-02 21:23:05','2023-01-02 21:23:05'),(4174,1,'vi','plugins/ecommerce/reports','top_selling_products','Sản phẩm bán chạy trong tháng','2023-01-02 21:23:05','2023-01-02 21:23:05'),(4175,1,'vi','plugins/ecommerce/review','name','Đánh giá','2023-01-02 21:23:05','2023-01-02 21:23:05'),(4176,1,'vi','plugins/ecommerce/review','list_review','Khách hàng đánh giá','2023-01-02 21:23:05','2023-01-02 21:23:05'),(4177,1,'vi','plugins/ecommerce/review','add_review','Thêm đánh giá','2023-01-02 21:23:05','2023-01-02 21:23:05'),(4178,1,'vi','plugins/ecommerce/review','delete_review','Xóa đánh giá','2023-01-02 21:23:05','2023-01-02 21:23:05'),(4179,1,'vi','plugins/ecommerce/review','create_review','Tạo đánh giá','2023-01-02 21:23:05','2023-01-02 21:23:05'),(4180,1,'vi','plugins/ecommerce/review','please_select_rating','Chọn đánh giá','2023-01-02 21:23:05','2023-01-02 21:23:05'),(4181,1,'vi','plugins/ecommerce/review','comment','Bình luận','2023-01-02 21:23:05','2023-01-02 21:23:05'),(4182,1,'vi','plugins/ecommerce/review','approve','Chấp thuận','2023-01-02 21:23:05','2023-01-02 21:23:05'),(4183,1,'vi','plugins/ecommerce/review','approved','Đã chấp thuận','2023-01-02 21:23:05','2023-01-02 21:23:05'),(4184,1,'vi','plugins/ecommerce/review','disapprove','Không chấp thuận','2023-01-02 21:23:05','2023-01-02 21:23:05'),(4185,1,'vi','plugins/ecommerce/review','disapproved','Đã không chấp thuận','2023-01-02 21:23:05','2023-01-02 21:23:05'),(4186,1,'vi','plugins/ecommerce/review','product','Sản phẩm','2023-01-02 21:23:05','2023-01-02 21:23:05'),(4187,1,'vi','plugins/ecommerce/review','user','Người dùng','2023-01-02 21:23:05','2023-01-02 21:23:05'),(4188,1,'vi','plugins/ecommerce/review','star','Sao','2023-01-02 21:23:05','2023-01-02 21:23:05'),(4189,1,'vi','plugins/ecommerce/review','status','Trạng thái','2023-01-02 21:23:05','2023-01-02 21:23:05'),(4190,1,'vi','plugins/ecommerce/review','intro.title','Quản lý danh sách nhận xét của khách hàng','2023-01-02 21:23:05','2023-01-02 21:23:05'),(4191,1,'vi','plugins/ecommerce/review','intro.description','Lưu trữ các nhận xét, đánh giá của khách hàng','2023-01-02 21:23:05','2023-01-02 21:23:05'),(4192,1,'vi','plugins/ecommerce/shipping','name','Phí vận chuyển','2023-01-02 21:23:05','2023-01-02 21:23:05'),(4193,1,'vi','plugins/ecommerce/shipping','shipping','Vận chuyển','2023-01-02 21:23:05','2023-01-02 21:23:05'),(4194,1,'vi','plugins/ecommerce/shipping','title','Title','2023-01-02 21:23:05','2023-01-02 21:23:05'),(4195,1,'vi','plugins/ecommerce/shipping','country','Quốc gia','2023-01-02 21:23:05','2023-01-02 21:23:05'),(4196,1,'vi','plugins/ecommerce/shipping','state','State','2023-01-02 21:23:05','2023-01-02 21:23:05'),(4197,1,'vi','plugins/ecommerce/shipping','city','City','2023-01-02 21:23:05','2023-01-02 21:23:05'),(4198,1,'vi','plugins/ecommerce/shipping','amount','Amount','2023-01-02 21:23:05','2023-01-02 21:23:05'),(4199,1,'vi','plugins/ecommerce/shipping','enable','Enable','2023-01-02 21:23:05','2023-01-02 21:23:05'),(4200,1,'vi','plugins/ecommerce/shipping','enabled','Enabled','2023-01-02 21:23:05','2023-01-02 21:23:05'),(4201,1,'vi','plugins/ecommerce/shipping','disable','Disable','2023-01-02 21:23:05','2023-01-02 21:23:05'),(4202,1,'vi','plugins/ecommerce/shipping','disabled','Disabled','2023-01-02 21:23:05','2023-01-02 21:23:05'),(4203,1,'vi','plugins/ecommerce/shipping','create_shipping','Create a shipping','2023-01-02 21:23:05','2023-01-02 21:23:05'),(4204,1,'vi','plugins/ecommerce/shipping','edit_shipping','Edit shipping #','2023-01-02 21:23:05','2023-01-02 21:23:05'),(4205,1,'vi','plugins/ecommerce/shipping','status','Status','2023-01-02 21:23:05','2023-01-02 21:23:05'),(4206,1,'vi','plugins/ecommerce/shipping','shipping_methods','Phương thức vận chuyển','2023-01-02 21:23:05','2023-01-02 21:23:05'),(4207,1,'vi','plugins/ecommerce/shipping','create_shipping_method','Tạo phương thức vận chuyển','2023-01-02 21:23:05','2023-01-02 21:23:05'),(4208,1,'vi','plugins/ecommerce/shipping','edit_shipping_method','Sửa phương thức vận chuyển','2023-01-02 21:23:05','2023-01-02 21:23:05'),(4209,1,'vi','plugins/ecommerce/shipping','add_shipping_region','Thêm khu vực vận chuyển','2023-01-02 21:23:05','2023-01-02 21:23:05'),(4210,1,'vi','plugins/ecommerce/shipping','methods.default','Default','2023-01-02 21:23:05','2023-01-02 21:23:05'),(4211,1,'vi','plugins/ecommerce/shipping','statuses.not_approved','Not approved','2023-01-02 21:23:05','2023-01-02 21:23:05'),(4212,1,'vi','plugins/ecommerce/shipping','statuses.approved','Approved','2023-01-02 21:23:05','2023-01-02 21:23:05'),(4213,1,'vi','plugins/ecommerce/shipping','statuses.picking','Picking','2023-01-02 21:23:05','2023-01-02 21:23:05'),(4214,1,'vi','plugins/ecommerce/shipping','statuses.delay_picking','Delay picking','2023-01-02 21:23:05','2023-01-02 21:23:05'),(4215,1,'vi','plugins/ecommerce/shipping','statuses.picked','Picked','2023-01-02 21:23:05','2023-01-02 21:23:05'),(4216,1,'vi','plugins/ecommerce/shipping','statuses.not_picked','Not picked','2023-01-02 21:23:05','2023-01-02 21:23:05'),(4217,1,'vi','plugins/ecommerce/shipping','statuses.delivering','Delivering','2023-01-02 21:23:06','2023-01-02 21:23:06'),(4218,1,'vi','plugins/ecommerce/shipping','statuses.delivered','Delivered','2023-01-02 21:23:06','2023-01-02 21:23:06'),(4219,1,'vi','plugins/ecommerce/shipping','statuses.not_delivered','Not delivered','2023-01-02 21:23:06','2023-01-02 21:23:06'),(4220,1,'vi','plugins/ecommerce/shipping','statuses.audited','Audited','2023-01-02 21:23:06','2023-01-02 21:23:06'),(4221,1,'vi','plugins/ecommerce/shipping','statuses.canceled','Canceled','2023-01-02 21:23:06','2023-01-02 21:23:06'),(4222,1,'vi','plugins/ecommerce/shipping','cod_statuses.pending','Pending','2023-01-02 21:23:06','2023-01-02 21:23:06'),(4223,1,'vi','plugins/ecommerce/shipping','cod_statuses.completed','Completed','2023-01-02 21:23:06','2023-01-02 21:23:06'),(4224,1,'vi','plugins/ecommerce/store-locator','name','Địa chỉ cửa hàng','2023-01-02 21:23:06','2023-01-02 21:23:06'),(4225,1,'vi','plugins/ecommerce/store-locator','description','Địa chỉ này sẽ xuất hiện trên hoá đơn của bạn và sẽ được sử dụng để tính toán mức giá vận chuyển của bạn.','2023-01-02 21:23:06','2023-01-02 21:23:06'),(4226,1,'vi','plugins/ecommerce/store-locator','shop_name','Tên cửa hàng','2023-01-02 21:23:06','2023-01-02 21:23:06'),(4227,1,'vi','plugins/ecommerce/store-locator','phone','Điện thoại','2023-01-02 21:23:06','2023-01-02 21:23:06'),(4228,1,'vi','plugins/ecommerce/store-locator','address','Địa chỉ','2023-01-02 21:23:06','2023-01-02 21:23:06'),(4229,1,'vi','plugins/ecommerce/tax','name','Thuế','2023-01-02 21:23:06','2023-01-02 21:23:06'),(4230,1,'vi','plugins/ecommerce/tax','create','Tạo thuế','2023-01-02 21:23:06','2023-01-02 21:23:06'),(4231,1,'vi','plugins/ecommerce/tax','edit','Chỉnh sửa thuế :title','2023-01-02 21:23:06','2023-01-02 21:23:06'),(4232,1,'vi','plugins/ecommerce/tax','title','Tiêu đề','2023-01-02 21:23:06','2023-01-02 21:23:06'),(4233,1,'vi','plugins/ecommerce/tax','percentage','Tỉ lệ phần trăm %','2023-01-02 21:23:06','2023-01-02 21:23:06'),(4234,1,'vi','plugins/ecommerce/tax','priority','Thứ tự ưu tiên','2023-01-02 21:23:06','2023-01-02 21:23:06'),(4235,1,'vi','plugins/ecommerce/tax','select_tax','-- lựa chọn --','2023-01-02 21:23:06','2023-01-02 21:23:06'),(4236,1,'en','plugins/faq/faq-category','name','Categories','2023-01-02 21:23:06','2023-01-02 21:23:06'),(4237,1,'en','plugins/faq/faq-category','create','New category','2023-01-02 21:23:06','2023-01-02 21:23:06'),(4238,1,'en','plugins/faq/faq-category','edit','Edit category','2023-01-02 21:23:06','2023-01-02 21:23:06'),(4239,1,'en','plugins/faq/faq','name','FAQ','2023-01-02 21:23:06','2023-01-02 21:23:06'),(4240,1,'en','plugins/faq/faq','create','New faq','2023-01-02 21:23:06','2023-01-02 21:23:06'),(4241,1,'en','plugins/faq/faq','edit','Edit faq','2023-01-02 21:23:06','2023-01-02 21:23:06'),(4242,1,'en','plugins/faq/faq','question','Question','2023-01-02 21:23:06','2023-01-02 21:23:06'),(4243,1,'en','plugins/faq/faq','answer','Answer','2023-01-02 21:23:06','2023-01-02 21:23:06'),(4244,1,'en','plugins/faq/faq','category','Category','2023-01-02 21:23:06','2023-01-02 21:23:06'),(4245,1,'en','plugins/faq/faq','all','All','2023-01-02 21:23:06','2023-01-02 21:23:06'),(4246,1,'en','plugins/faq/faq','faq_schema_config','FAQ schema configuration (:link)','2023-01-02 21:23:06','2023-01-02 21:23:06'),(4247,1,'en','plugins/faq/faq','learn_more','Learn more','2023-01-02 21:23:06','2023-01-02 21:23:06'),(4248,1,'en','plugins/faq/faq','settings.title','FAQ','2023-01-02 21:23:06','2023-01-02 21:23:06'),(4249,1,'en','plugins/faq/faq','settings.description','Settings for FAQ','2023-01-02 21:23:06','2023-01-02 21:23:06'),(4250,1,'en','plugins/faq/faq','settings.enable_faq_schema','Enable FAQ Schema?','2023-01-02 21:23:06','2023-01-02 21:23:06'),(4251,1,'en','plugins/faq/faq','settings.enable_faq_schema_description','Learn more: https://developers.google.com/search/docs/data-types/faqpage','2023-01-02 21:23:06','2023-01-02 21:23:06'),(4252,1,'en','plugins/faq/faq','select_category','Select a category','2023-01-02 21:23:06','2023-01-02 21:23:06'),(4253,1,'en','plugins/faq/faq','add_item','Add item','2023-01-02 21:23:06','2023-01-02 21:23:06'),(4254,1,'vi','plugins/faq/faq-category','create','Thêm danh mục','2023-01-02 21:23:06','2023-01-02 21:23:06'),(4255,1,'vi','plugins/faq/faq-category','edit','Sửa danh mục','2023-01-02 21:23:06','2023-01-02 21:23:06'),(4256,1,'vi','plugins/faq/faq-category','name','Danh mục','2023-01-02 21:23:06','2023-01-02 21:23:06'),(4257,1,'vi','plugins/faq/faq','name','Câu hỏi thường gặp','2023-01-02 21:23:06','2023-01-02 21:23:06'),(4258,1,'vi','plugins/faq/faq','create','Thêm câu hỏi','2023-01-02 21:23:06','2023-01-02 21:23:06'),(4259,1,'vi','plugins/faq/faq','edit','Sửa câu hỏi','2023-01-02 21:23:06','2023-01-02 21:23:06'),(4260,1,'vi','plugins/faq/faq','question','Câu hỏi','2023-01-02 21:23:06','2023-01-02 21:23:06'),(4261,1,'vi','plugins/faq/faq','answer','Trả lời','2023-01-02 21:23:06','2023-01-02 21:23:06'),(4262,1,'en','plugins/language/language','name','Languages','2023-01-02 21:23:06','2023-01-02 21:23:06'),(4263,1,'en','plugins/language/language','choose_language','Choose a language','2023-01-02 21:23:06','2023-01-02 21:23:06'),(4264,1,'en','plugins/language/language','select_language','Select language','2023-01-02 21:23:06','2023-01-02 21:23:06'),(4265,1,'en','plugins/language/language','choose_language_helper','You can choose a language in the list or directly edit it below.','2023-01-02 21:23:06','2023-01-02 21:23:06'),(4266,1,'en','plugins/language/language','language_name','Language name','2023-01-02 21:23:06','2023-01-02 21:23:06'),(4267,1,'en','plugins/language/language','language_name_helper','The name is how it is displayed on your site (for example: English).','2023-01-02 21:23:06','2023-01-02 21:23:06'),(4268,1,'en','plugins/language/language','locale','Locale','2023-01-02 21:23:06','2023-01-02 21:23:06'),(4269,1,'en','plugins/language/language','locale_helper','Laravel Locale for the language (for example: <code>en</code>).','2023-01-02 21:23:06','2023-01-02 21:23:06'),(4270,1,'en','plugins/language/language','language_code','Language code','2023-01-02 21:23:06','2023-01-02 21:23:06'),(4271,1,'en','plugins/language/language','language_code_helper','Language code - preferably 2-letters ISO 639-1 (for example: en)','2023-01-02 21:23:06','2023-01-02 21:23:06'),(4272,1,'en','plugins/language/language','text_direction','Text direction','2023-01-02 21:23:06','2023-01-02 21:23:06'),(4273,1,'en','plugins/language/language','text_direction_helper','Choose the text direction for the language','2023-01-02 21:23:06','2023-01-02 21:23:06'),(4274,1,'en','plugins/language/language','left_to_right','Left to right','2023-01-02 21:23:06','2023-01-02 21:23:06'),(4275,1,'en','plugins/language/language','right_to_left','Right to left','2023-01-02 21:23:06','2023-01-02 21:23:06'),(4276,1,'en','plugins/language/language','flag','Flag','2023-01-02 21:23:06','2023-01-02 21:23:06'),(4277,1,'en','plugins/language/language','flag_helper','Choose a flag for the language.','2023-01-02 21:23:06','2023-01-02 21:23:06'),(4278,1,'en','plugins/language/language','order','Order','2023-01-02 21:23:06','2023-01-02 21:23:06'),(4279,1,'en','plugins/language/language','order_helper','Position of the language in the language switcher','2023-01-02 21:23:06','2023-01-02 21:23:06'),(4280,1,'en','plugins/language/language','add_new_language','Add new language','2023-01-02 21:23:06','2023-01-02 21:23:06'),(4281,1,'en','plugins/language/language','code','Code','2023-01-02 21:23:06','2023-01-02 21:23:06'),(4282,1,'en','plugins/language/language','default_language','Is default?','2023-01-02 21:23:06','2023-01-02 21:23:06'),(4283,1,'en','plugins/language/language','actions','Actions','2023-01-02 21:23:06','2023-01-02 21:23:06'),(4284,1,'en','plugins/language/language','translations','Translations','2023-01-02 21:23:06','2023-01-02 21:23:06'),(4285,1,'en','plugins/language/language','edit','Edit','2023-01-02 21:23:06','2023-01-02 21:23:06'),(4286,1,'en','plugins/language/language','edit_tooltip','Edit this language','2023-01-02 21:23:06','2023-01-02 21:23:06'),(4287,1,'en','plugins/language/language','delete','Delete','2023-01-02 21:23:06','2023-01-02 21:23:06'),(4288,1,'en','plugins/language/language','delete_tooltip','Delete this language and all its associated data','2023-01-02 21:23:06','2023-01-02 21:23:06'),(4289,1,'en','plugins/language/language','choose_default_language','Choose :language as default language','2023-01-02 21:23:06','2023-01-02 21:23:06'),(4290,1,'en','plugins/language/language','current_language','Current record\'s language','2023-01-02 21:23:06','2023-01-02 21:23:06'),(4291,1,'en','plugins/language/language','edit_related','Edit related language for this record','2023-01-02 21:23:06','2023-01-02 21:23:06'),(4292,1,'en','plugins/language/language','add_language_for_item','Add other language version for this record','2023-01-02 21:23:06','2023-01-02 21:23:06'),(4293,1,'en','plugins/language/language','settings','Settings','2023-01-02 21:23:06','2023-01-02 21:23:06'),(4294,1,'en','plugins/language/language','language_hide_default','Hide default language from URL?','2023-01-02 21:23:06','2023-01-02 21:23:06'),(4295,1,'en','plugins/language/language','language_display_flag_only','Flag only','2023-01-02 21:23:06','2023-01-02 21:23:06'),(4296,1,'en','plugins/language/language','language_display_name_only','Name only','2023-01-02 21:23:06','2023-01-02 21:23:06'),(4297,1,'en','plugins/language/language','language_display_all','Display all flag and name','2023-01-02 21:23:06','2023-01-02 21:23:06'),(4298,1,'en','plugins/language/language','language_display','Language display','2023-01-02 21:23:06','2023-01-02 21:23:06'),(4299,1,'en','plugins/language/language','switcher_display','Switcher language display','2023-01-02 21:23:06','2023-01-02 21:23:06'),(4300,1,'en','plugins/language/language','language_switcher_display_dropdown','Dropdown','2023-01-02 21:23:06','2023-01-02 21:23:06'),(4301,1,'en','plugins/language/language','language_switcher_display_list','List','2023-01-02 21:23:06','2023-01-02 21:23:06'),(4302,1,'en','plugins/language/language','current_language_edit_notification','You are editing \"<strong class=\"current_language_text\">:language</strong>\" version','2023-01-02 21:23:06','2023-01-02 21:23:06'),(4303,1,'en','plugins/language/language','confirm-change-language','Confirm change language','2023-01-02 21:23:06','2023-01-02 21:23:06'),(4304,1,'en','plugins/language/language','confirm-change-language-message','Do you really want to change language to \"<strong class=\"change_to_language_text\"></strong>\" ? This action will be override \"<strong class=\"change_to_language_text\"></strong>\" version if it\'s existed!','2023-01-02 21:23:06','2023-01-02 21:23:06'),(4305,1,'en','plugins/language/language','confirm-change-language-btn','Confirm change','2023-01-02 21:23:06','2023-01-02 21:23:06'),(4306,1,'en','plugins/language/language','hide_languages','Hide languages','2023-01-02 21:23:06','2023-01-02 21:23:06'),(4307,1,'en','plugins/language/language','hide_languages_description','You can completely hide content in specific languages from visitors and search engines, but still view it yourself. This allows reviewing translations that are in progress.','2023-01-02 21:23:06','2023-01-02 21:23:06'),(4308,1,'en','plugins/language/language','hide_languages_helper_display_hidden','{0} All languages are currently displayed.|{1} :language is currently hidden to visitors.|[2, Inf] :language are currently hidden to visitors.','2023-01-02 21:23:06','2023-01-02 21:23:06'),(4309,1,'en','plugins/language/language','show_all','Show all','2023-01-02 21:23:06','2023-01-02 21:23:06'),(4310,1,'en','plugins/language/language','change_language','Language','2023-01-02 21:23:06','2023-01-02 21:23:06'),(4311,1,'en','plugins/language/language','language_show_default_item_if_current_version_not_existed','Show item in default language if it is not existed in current language','2023-01-02 21:23:06','2023-01-02 21:23:06'),(4312,1,'en','plugins/language/language','select_flag','Select a flag...','2023-01-02 21:23:06','2023-01-02 21:23:06'),(4313,1,'en','plugins/language/language','delete_confirmation_message','Do you really want to delete this language? It also deletes all items in this language and cannot rollback!','2023-01-02 21:23:06','2023-01-02 21:23:06'),(4314,1,'en','plugins/language/language','added_already','This language was added already!','2023-01-02 21:23:06','2023-01-02 21:23:06'),(4315,1,'en','plugins/language/language','language_auto_detect_user_language','Auto detect user language?','2023-01-02 21:23:06','2023-01-02 21:23:06'),(4316,1,'vi','plugins/language/language','name','Ngôn ngữ','2023-01-02 21:23:06','2023-01-02 21:23:06'),(4317,1,'vi','plugins/language/language','choose_language','Chọn một ngôn ngữ','2023-01-02 21:23:06','2023-01-02 21:23:06'),(4318,1,'vi','plugins/language/language','select_language','Chọn ngôn ngữ','2023-01-02 21:23:06','2023-01-02 21:23:06'),(4319,1,'vi','plugins/language/language','choose_language_helper','Bạn có thể chọn 1 ngôn ngữ trong danh sách hoặc nhập trực tiếp nội dung xuống các mục dưới','2023-01-02 21:23:06','2023-01-02 21:23:06'),(4320,1,'vi','plugins/language/language','language_name','Tên đầy đủ','2023-01-02 21:23:06','2023-01-02 21:23:06'),(4321,1,'vi','plugins/language/language','language_name_helper','Tên ngôn ngữ sẽ được hiển thị trên website (ví dụ: Tiếng Anh).','2023-01-02 21:23:06','2023-01-02 21:23:06'),(4322,1,'vi','plugins/language/language','locale','Locale','2023-01-02 21:23:06','2023-01-02 21:23:06'),(4323,1,'vi','plugins/language/language','locale_helper','Laravel Locale cho ngôn ngữ này (ví dụ: <code>en</code>).','2023-01-02 21:23:06','2023-01-02 21:23:06'),(4324,1,'vi','plugins/language/language','language_code','Mã ngôn ngữ','2023-01-02 21:23:06','2023-01-02 21:23:06'),(4325,1,'vi','plugins/language/language','language_code_helper','Mã ngôn ngữ - ưu tiên dạng 2-kí tự theo chuẩn ISO 639-1 (ví dụ: en)','2023-01-02 21:23:07','2023-01-02 21:23:07'),(4326,1,'vi','plugins/language/language','text_direction','Hướng viết chữ','2023-01-02 21:23:07','2023-01-02 21:23:07'),(4327,1,'vi','plugins/language/language','text_direction_helper','Chọn hướng viết chữ cho ngôn ngữ này','2023-01-02 21:23:07','2023-01-02 21:23:07'),(4328,1,'vi','plugins/language/language','left_to_right','Trái qua phải','2023-01-02 21:23:07','2023-01-02 21:23:07'),(4329,1,'vi','plugins/language/language','right_to_left','Phải qua trái','2023-01-02 21:23:07','2023-01-02 21:23:07'),(4330,1,'vi','plugins/language/language','flag','Cờ','2023-01-02 21:23:07','2023-01-02 21:23:07'),(4331,1,'vi','plugins/language/language','flag_helper','Chọn 1 cờ cho ngôn ngữ này','2023-01-02 21:23:07','2023-01-02 21:23:07'),(4332,1,'vi','plugins/language/language','order','Sắp xếp','2023-01-02 21:23:07','2023-01-02 21:23:07'),(4333,1,'vi','plugins/language/language','order_helper','Vị trí của ngôn ngữ hiển thị trong mục chuyển đổi ngôn ngữ','2023-01-02 21:23:07','2023-01-02 21:23:07'),(4334,1,'vi','plugins/language/language','add_new_language','Thêm ngôn ngữ mới','2023-01-02 21:23:07','2023-01-02 21:23:07'),(4335,1,'vi','plugins/language/language','code','Mã','2023-01-02 21:23:07','2023-01-02 21:23:07'),(4336,1,'vi','plugins/language/language','default_language','Ngôn ngữ mặc định','2023-01-02 21:23:07','2023-01-02 21:23:07'),(4337,1,'vi','plugins/language/language','actions','Hành động','2023-01-02 21:23:07','2023-01-02 21:23:07'),(4338,1,'vi','plugins/language/language','translations','Dịch','2023-01-02 21:23:07','2023-01-02 21:23:07'),(4339,1,'vi','plugins/language/language','edit','Sửa','2023-01-02 21:23:07','2023-01-02 21:23:07'),(4340,1,'vi','plugins/language/language','edit_tooltip','Sửa ngôn ngữ này','2023-01-02 21:23:07','2023-01-02 21:23:07'),(4341,1,'vi','plugins/language/language','delete','Xóa','2023-01-02 21:23:07','2023-01-02 21:23:07'),(4342,1,'vi','plugins/language/language','delete_tooltip','Xóa ngôn ngữ này và các dữ liệu liên quan','2023-01-02 21:23:07','2023-01-02 21:23:07'),(4343,1,'vi','plugins/language/language','choose_default_language','Chọn :language làm ngôn ngữ mặc định','2023-01-02 21:23:07','2023-01-02 21:23:07'),(4344,1,'vi','plugins/language/language','add_language_for_item','Thêm ngôn ngữ khác cho bản ghi này','2023-01-02 21:23:07','2023-01-02 21:23:07'),(4345,1,'vi','plugins/language/language','current_language','Ngôn ngữ hiện tại của bản ghi','2023-01-02 21:23:07','2023-01-02 21:23:07'),(4346,1,'vi','plugins/language/language','edit_related','Sửa bản ngôn ngữ khác của bản ghi này','2023-01-02 21:23:07','2023-01-02 21:23:07'),(4347,1,'vi','plugins/language/language','confirm-change-language','Xác nhận thay đổi ngôn ngữ','2023-01-02 21:23:07','2023-01-02 21:23:07'),(4348,1,'vi','plugins/language/language','confirm-change-language-btn','Xác nhận thay đổi','2023-01-02 21:23:07','2023-01-02 21:23:07'),(4349,1,'vi','plugins/language/language','confirm-change-language-message','Bạn có chắc chắn muốn thay đổi ngôn ngữ sang tiếng \"<strong class=\"change_to_language_text\"></strong>\" ? Điều này sẽ ghi đè bản ghi tiếng \"<strong class=\"change_to_language_text\"></strong>\" nếu nó đã tồn tại!','2023-01-02 21:23:07','2023-01-02 21:23:07'),(4350,1,'vi','plugins/language/language','current_language_edit_notification','Bạn đang chỉnh sửa phiên bản tiếng \"<strong class=\"current_language_text\">:language</strong>\"','2023-01-02 21:23:07','2023-01-02 21:23:07'),(4351,1,'vi','plugins/language/language','hide_languages','Ẩn ngôn ngữ','2023-01-02 21:23:07','2023-01-02 21:23:07'),(4352,1,'vi','plugins/language/language','hide_languages_description','Bạn có thể hoàn toàn ẩn ngôn ngữ cụ thể đối với người truy cập và công cụ tìm kiếm, nhưng sẽ vẫn hiển thị trong trang quản trị. Điều này cho phép bạn biết những ngôn ngữ nào đang được xử lý.','2023-01-02 21:23:07','2023-01-02 21:23:07'),(4353,1,'vi','plugins/language/language','hide_languages_helper_display_hidden','{0} Tất cả ngôn ngữ đang được hiển thị.|{1} :language đang bị ẩn đối với người truy cập.|[2, Inf]  :language đang bị ẩn đối với người truy cập.','2023-01-02 21:23:07','2023-01-02 21:23:07'),(4354,1,'vi','plugins/language/language','language_display','Hiển thị ngôn ngữ','2023-01-02 21:23:07','2023-01-02 21:23:07'),(4355,1,'vi','plugins/language/language','language_display_all','Hiển thị cả cờ và tên ngôn ngữ','2023-01-02 21:23:07','2023-01-02 21:23:07'),(4356,1,'vi','plugins/language/language','language_display_flag_only','Chỉ hiển thị cờ','2023-01-02 21:23:07','2023-01-02 21:23:07'),(4357,1,'vi','plugins/language/language','language_display_name_only','Chỉ hiển thị tên','2023-01-02 21:23:07','2023-01-02 21:23:07'),(4358,1,'vi','plugins/language/language','language_hide_default','Ẩn ngôn ngữ mặc định trên URL','2023-01-02 21:23:07','2023-01-02 21:23:07'),(4359,1,'vi','plugins/language/language','language_switcher_display_dropdown','Dropdown','2023-01-02 21:23:07','2023-01-02 21:23:07'),(4360,1,'vi','plugins/language/language','language_switcher_display_list','Danh sách','2023-01-02 21:23:07','2023-01-02 21:23:07'),(4361,1,'vi','plugins/language/language','settings','Cài đặt','2023-01-02 21:23:07','2023-01-02 21:23:07'),(4362,1,'vi','plugins/language/language','switcher_display','Hiển thị bộ chuyển đổi ngôn ngữ','2023-01-02 21:23:07','2023-01-02 21:23:07'),(4363,1,'vi','plugins/language/language','change_language','Ngôn ngữ','2023-01-02 21:23:07','2023-01-02 21:23:07'),(4364,1,'vi','plugins/language/language','show_all','Hiển thị tất cả','2023-01-02 21:23:07','2023-01-02 21:23:07'),(4365,1,'vi','plugins/language/language','language_show_default_item_if_current_version_not_existed','Hiển thị bản ghi ở ngôn ngữ mặc định nếu phiên bản cho ngôn ngữ hiện tại chưa có','2023-01-02 21:23:07','2023-01-02 21:23:07'),(4366,1,'en','plugins/location/bulk-import','name','Bulk Import','2023-01-02 21:23:07','2023-01-02 21:23:07'),(4367,1,'en','plugins/location/bulk-import','loading_text','Importing','2023-01-02 21:23:07','2023-01-02 21:23:07'),(4368,1,'en','plugins/location/bulk-import','imported_successfully','Imported successfully.','2023-01-02 21:23:07','2023-01-02 21:23:07'),(4369,1,'en','plugins/location/bulk-import','please_choose_the_file_mime','Please choose the file mime :types','2023-01-02 21:23:07','2023-01-02 21:23:07'),(4370,1,'en','plugins/location/bulk-import','please_choose_the_file','Please choose the file','2023-01-02 21:23:07','2023-01-02 21:23:07'),(4371,1,'en','plugins/location/bulk-import','start_import','Start Import','2023-01-02 21:23:07','2023-01-02 21:23:07'),(4372,1,'en','plugins/location/bulk-import','note','Note!','2023-01-02 21:23:07','2023-01-02 21:23:07'),(4373,1,'en','plugins/location/bulk-import','warning_before_importing','If this is your first time using this feature, please read the documentation or contact the Administrator for access to the correct functionality!','2023-01-02 21:23:07','2023-01-02 21:23:07'),(4374,1,'en','plugins/location/bulk-import','results','Result: :success successes, :failed failures','2023-01-02 21:23:07','2023-01-02 21:23:07'),(4375,1,'en','plugins/location/bulk-import','failures','Failures','2023-01-02 21:23:07','2023-01-02 21:23:07'),(4376,1,'en','plugins/location/bulk-import','tables.import','Import','2023-01-02 21:23:07','2023-01-02 21:23:07'),(4377,1,'en','plugins/location/bulk-import','template','Template','2023-01-02 21:23:07','2023-01-02 21:23:07'),(4378,1,'en','plugins/location/bulk-import','rules','Rules','2023-01-02 21:23:07','2023-01-02 21:23:07'),(4379,1,'en','plugins/location/bulk-import','choose_file_with_mime','Choose file with mime: (:types)','2023-01-02 21:23:07','2023-01-02 21:23:07'),(4380,1,'en','plugins/location/bulk-import','choose_file','Choose file','2023-01-02 21:23:07','2023-01-02 21:23:07'),(4381,1,'en','plugins/location/bulk-import','menu','Import locations','2023-01-02 21:23:07','2023-01-02 21:23:07'),(4382,1,'en','plugins/location/bulk-import','download-csv-file','Download CSV template','2023-01-02 21:23:07','2023-01-02 21:23:07'),(4383,1,'en','plugins/location/bulk-import','download-excel-file','Download Excel template','2023-01-02 21:23:07','2023-01-02 21:23:07'),(4384,1,'en','plugins/location/bulk-import','downloading','Downloading...','2023-01-02 21:23:07','2023-01-02 21:23:07'),(4385,1,'en','plugins/location/bulk-import','export.template.input_error','Input error','2023-01-02 21:23:07','2023-01-02 21:23:07'),(4386,1,'en','plugins/location/bulk-import','export.template.number_not_allowed','Number is not allowed!','2023-01-02 21:23:07','2023-01-02 21:23:07'),(4387,1,'en','plugins/location/bulk-import','export.template.allowed_input','Allowed input','2023-01-02 21:23:07','2023-01-02 21:23:07'),(4388,1,'en','plugins/location/bulk-import','export.template.prompt_decimal','Only numbers or decimals are accepted and greater than or equal to :min.','2023-01-02 21:23:07','2023-01-02 21:23:07'),(4389,1,'en','plugins/location/bulk-import','export.template.prompt_whole_number','Only numbers are accepted and greater than or equal to :min.','2023-01-02 21:23:07','2023-01-02 21:23:07'),(4390,1,'en','plugins/location/bulk-import','export.template.prompt_list','Please pick a value from the drop-down list.','2023-01-02 21:23:07','2023-01-02 21:23:07'),(4391,1,'en','plugins/location/bulk-import','export.template.pick_from_list','Pick from list','2023-01-02 21:23:07','2023-01-02 21:23:07'),(4392,1,'en','plugins/location/bulk-import','export.template.value_not_in_list','Value is not in list.','2023-01-02 21:23:07','2023-01-02 21:23:07'),(4393,1,'en','plugins/location/bulk-import','export.template.max_text_length','Max text length','2023-01-02 21:23:07','2023-01-02 21:23:07'),(4394,1,'en','plugins/location/bulk-import','export.template.prompt_max_text_length','Only accept text with length less than or equal to :max.','2023-01-02 21:23:07','2023-01-02 21:23:07'),(4395,1,'en','plugins/location/bulk-import','import_failed_description','Import failed, please check the errors below!','2023-01-02 21:23:07','2023-01-02 21:23:07'),(4396,1,'en','plugins/location/bulk-import','available_enable_multi_language','Only available when you enable \"Is Multi Language?\"','2023-01-02 21:23:07','2023-01-02 21:23:07'),(4397,1,'en','plugins/location/bulk-import','import_type_required_if','The :attribute field is required when \"Import Type\" is :value.','2023-01-02 21:23:07','2023-01-02 21:23:07'),(4398,1,'en','plugins/location/bulk-import','import_available_data','Import available data','2023-01-02 21:23:07','2023-01-02 21:23:07'),(4399,1,'en','plugins/location/bulk-import','import','Import','2023-01-02 21:23:07','2023-01-02 21:23:07'),(4400,1,'en','plugins/location/bulk-import','import_available_data_confirmation','Import available data confirmation','2023-01-02 21:23:07','2023-01-02 21:23:07'),(4401,1,'en','plugins/location/bulk-import','import_available_data_confirmation_content','Do you really want to import states/cities for this country?','2023-01-02 21:23:07','2023-01-02 21:23:07'),(4402,1,'en','plugins/location/city','name','Cities','2023-01-02 21:23:07','2023-01-02 21:23:07'),(4403,1,'en','plugins/location/city','create','New city','2023-01-02 21:23:07','2023-01-02 21:23:07'),(4404,1,'en','plugins/location/city','edit','Edit city','2023-01-02 21:23:07','2023-01-02 21:23:07'),(4405,1,'en','plugins/location/city','state','State','2023-01-02 21:23:07','2023-01-02 21:23:07'),(4406,1,'en','plugins/location/city','select_state','Select state...','2023-01-02 21:23:07','2023-01-02 21:23:07'),(4407,1,'en','plugins/location/city','select_city','Select city...','2023-01-02 21:23:07','2023-01-02 21:23:07'),(4408,1,'en','plugins/location/city','country','Country','2023-01-02 21:23:07','2023-01-02 21:23:07'),(4409,1,'en','plugins/location/city','select_country','Select country...','2023-01-02 21:23:07','2023-01-02 21:23:07'),(4410,1,'en','plugins/location/city','city','City','2023-01-02 21:23:07','2023-01-02 21:23:07'),(4411,1,'en','plugins/location/country','name','Countries','2023-01-02 21:23:07','2023-01-02 21:23:07'),(4412,1,'en','plugins/location/country','create','New country','2023-01-02 21:23:07','2023-01-02 21:23:07'),(4413,1,'en','plugins/location/country','edit','Edit country','2023-01-02 21:23:07','2023-01-02 21:23:07'),(4414,1,'en','plugins/location/country','nationality','Nationality','2023-01-02 21:23:07','2023-01-02 21:23:07'),(4415,1,'en','plugins/location/country','code','Country ISO code','2023-01-02 21:23:07','2023-01-02 21:23:07'),(4416,1,'en','plugins/location/country','code_placeholder','ISO country code, uppercase. Ex: US.','2023-01-02 21:23:07','2023-01-02 21:23:07'),(4417,1,'en','plugins/location/country','code_helper','Find country ISO code from here: https://en.wikipedia.org/wiki/List_of_ISO_3166_country_codes','2023-01-02 21:23:07','2023-01-02 21:23:07'),(4418,1,'en','plugins/location/location','name','Locations','2023-01-02 21:23:07','2023-01-02 21:23:07'),(4419,1,'en','plugins/location/location','create','New location','2023-01-02 21:23:07','2023-01-02 21:23:07'),(4420,1,'en','plugins/location/location','edit','Edit location','2023-01-02 21:23:07','2023-01-02 21:23:07'),(4421,1,'en','plugins/location/location','all_states','All states','2023-01-02 21:23:07','2023-01-02 21:23:07'),(4422,1,'en','plugins/location/location','abbreviation','Abbreviation','2023-01-02 21:23:07','2023-01-02 21:23:07'),(4423,1,'en','plugins/location/location','abbreviation_placeholder','E.g: CA','2023-01-02 21:23:07','2023-01-02 21:23:07'),(4424,1,'en','plugins/location/location','exporting','Exporting','2023-01-02 21:23:07','2023-01-02 21:23:07'),(4425,1,'en','plugins/location/location','total_country','Total countries','2023-01-02 21:23:08','2023-01-02 21:23:08'),(4426,1,'en','plugins/location/location','total_state','Total states','2023-01-02 21:23:08','2023-01-02 21:23:08'),(4427,1,'en','plugins/location/location','total_city','Total cities','2023-01-02 21:23:08','2023-01-02 21:23:08'),(4428,1,'en','plugins/location/location','export_location','Export location','2023-01-02 21:23:08','2023-01-02 21:23:08'),(4429,1,'en','plugins/location/location','start_export','Start exporting','2023-01-02 21:23:08','2023-01-02 21:23:08'),(4430,1,'en','plugins/location/state','name','States','2023-01-02 21:23:08','2023-01-02 21:23:08'),(4431,1,'en','plugins/location/state','create','New state','2023-01-02 21:23:08','2023-01-02 21:23:08'),(4432,1,'en','plugins/location/state','edit','Edit state','2023-01-02 21:23:08','2023-01-02 21:23:08'),(4433,1,'en','plugins/location/state','country','Country','2023-01-02 21:23:08','2023-01-02 21:23:08'),(4434,1,'en','plugins/location/state','select_country','Select a country...','2023-01-02 21:23:08','2023-01-02 21:23:08'),(4435,1,'en','plugins/location/state','state','State','2023-01-02 21:23:08','2023-01-02 21:23:08'),(4436,1,'vi','plugins/location/city','name','Quận/huyện','2023-01-02 21:23:08','2023-01-02 21:23:08'),(4437,1,'vi','plugins/location/city','create','Thêm quận/huyện','2023-01-02 21:23:08','2023-01-02 21:23:08'),(4438,1,'vi','plugins/location/city','edit','Sửa quận/huyện','2023-01-02 21:23:08','2023-01-02 21:23:08'),(4439,1,'vi','plugins/location/city','state','Tỉnh','2023-01-02 21:23:08','2023-01-02 21:23:08'),(4440,1,'vi','plugins/location/city','select_state','Lựa chọn tỉnh/thành phố...','2023-01-02 21:23:08','2023-01-02 21:23:08'),(4441,1,'vi','plugins/location/city','select_city','Lựa chọn quận/huyện...','2023-01-02 21:23:08','2023-01-02 21:23:08'),(4442,1,'vi','plugins/location/city','country','Quốc gia','2023-01-02 21:23:08','2023-01-02 21:23:08'),(4443,1,'vi','plugins/location/city','select_country','Lựa chọn quốc gia...','2023-01-02 21:23:08','2023-01-02 21:23:08'),(4444,1,'vi','plugins/location/city','city','Quận/huyện','2023-01-02 21:23:08','2023-01-02 21:23:08'),(4445,1,'vi','plugins/location/country','name','Quốc gia','2023-01-02 21:23:08','2023-01-02 21:23:08'),(4446,1,'vi','plugins/location/country','create','Thêm quốc gia','2023-01-02 21:23:08','2023-01-02 21:23:08'),(4447,1,'vi','plugins/location/country','edit','Sửa quốc gia','2023-01-02 21:23:08','2023-01-02 21:23:08'),(4448,1,'vi','plugins/location/country','nationality','Quốc tịch','2023-01-02 21:23:08','2023-01-02 21:23:08'),(4449,1,'vi','plugins/location/location','name','Địa điểm','2023-01-02 21:23:08','2023-01-02 21:23:08'),(4450,1,'vi','plugins/location/location','create','Thêm địa điểm','2023-01-02 21:23:08','2023-01-02 21:23:08'),(4451,1,'vi','plugins/location/location','edit','Sửa địa điểm','2023-01-02 21:23:08','2023-01-02 21:23:08'),(4452,1,'vi','plugins/location/location','all_states','Tất cả tỉnh thành','2023-01-02 21:23:08','2023-01-02 21:23:08'),(4453,1,'vi','plugins/location/state','name','Tỉnh/thành phố','2023-01-02 21:23:08','2023-01-02 21:23:08'),(4454,1,'vi','plugins/location/state','create','Thêm tỉnh/thành phố','2023-01-02 21:23:08','2023-01-02 21:23:08'),(4455,1,'vi','plugins/location/state','edit','Sửa tỉnh/thành phố','2023-01-02 21:23:08','2023-01-02 21:23:08'),(4456,1,'vi','plugins/location/state','country','Quốc gia','2023-01-02 21:23:08','2023-01-02 21:23:08'),(4457,1,'vi','plugins/location/state','select_country','Lựa chọn quốc gia...','2023-01-02 21:23:08','2023-01-02 21:23:08'),(4458,1,'vi','plugins/location/state','state','Tỉnh/thành phố','2023-01-02 21:23:08','2023-01-02 21:23:08'),(4459,1,'en','plugins/newsletter/newsletter','name','Newsletters','2023-01-02 21:23:08','2023-01-02 21:23:08'),(4460,1,'en','plugins/newsletter/newsletter','settings.email.templates.title','Newsletter','2023-01-02 21:23:08','2023-01-02 21:23:08'),(4461,1,'en','plugins/newsletter/newsletter','settings.email.templates.description','Config newsletter email templates','2023-01-02 21:23:08','2023-01-02 21:23:08'),(4462,1,'en','plugins/newsletter/newsletter','settings.email.templates.to_admin.title','Email send to admin','2023-01-02 21:23:08','2023-01-02 21:23:08'),(4463,1,'en','plugins/newsletter/newsletter','settings.email.templates.to_admin.description','Template for sending email to admin','2023-01-02 21:23:08','2023-01-02 21:23:08'),(4464,1,'en','plugins/newsletter/newsletter','settings.email.templates.to_user.title','Email send to user','2023-01-02 21:23:08','2023-01-02 21:23:08'),(4465,1,'en','plugins/newsletter/newsletter','settings.email.templates.to_user.description','Template for sending email to subscriber','2023-01-02 21:23:08','2023-01-02 21:23:08'),(4466,1,'en','plugins/newsletter/newsletter','settings.title','Newsletter','2023-01-02 21:23:08','2023-01-02 21:23:08'),(4467,1,'en','plugins/newsletter/newsletter','settings.description','Settings for newsletter','2023-01-02 21:23:08','2023-01-02 21:23:08'),(4468,1,'en','plugins/newsletter/newsletter','settings.mailchimp_api_key','Mailchimp API Key','2023-01-02 21:23:08','2023-01-02 21:23:08'),(4469,1,'en','plugins/newsletter/newsletter','settings.mailchimp_list_id','Mailchimp List ID','2023-01-02 21:23:08','2023-01-02 21:23:08'),(4470,1,'en','plugins/newsletter/newsletter','settings.mailchimp_list','Mailchimp List','2023-01-02 21:23:08','2023-01-02 21:23:08'),(4471,1,'en','plugins/newsletter/newsletter','settings.sendgrid_api_key','Sendgrid API Key','2023-01-02 21:23:08','2023-01-02 21:23:08'),(4472,1,'en','plugins/newsletter/newsletter','settings.sendgrid_list_id','Sendgrid List ID','2023-01-02 21:23:08','2023-01-02 21:23:08'),(4473,1,'en','plugins/newsletter/newsletter','settings.sendgrid_list','Sendgrid List','2023-01-02 21:23:08','2023-01-02 21:23:08'),(4474,1,'en','plugins/newsletter/newsletter','statuses.subscribed','Subscribed','2023-01-02 21:23:08','2023-01-02 21:23:08'),(4475,1,'en','plugins/newsletter/newsletter','statuses.unsubscribed','Unsubscribed','2023-01-02 21:23:08','2023-01-02 21:23:08'),(4476,1,'vi','plugins/newsletter/newsletter','name','Đăng ký nhận bản tin','2023-01-02 21:23:08','2023-01-02 21:23:08'),(4477,1,'vi','plugins/newsletter/newsletter','settings.email.templates.title','Đăng ký nhận bản tin','2023-01-02 21:23:08','2023-01-02 21:23:08'),(4478,1,'vi','plugins/newsletter/newsletter','settings.email.templates.description','Cấu hình email xác nhận đăng ký nhận bản tin','2023-01-02 21:23:08','2023-01-02 21:23:08'),(4479,1,'vi','plugins/newsletter/newsletter','settings.email.templates.to_admin.title','Email gửi tới cho quản trị viên','2023-01-02 21:23:08','2023-01-02 21:23:08'),(4480,1,'vi','plugins/newsletter/newsletter','settings.email.templates.to_admin.description','Mẫu email gửi tới cho quản trị viên','2023-01-02 21:23:08','2023-01-02 21:23:08'),(4481,1,'vi','plugins/newsletter/newsletter','settings.email.templates.to_user.title','Email gửi tới cho người đăng ký','2023-01-02 21:23:08','2023-01-02 21:23:08'),(4482,1,'vi','plugins/newsletter/newsletter','settings.email.templates.to_user.description','Mẫu email gửi tới cho người đăng ký','2023-01-02 21:23:08','2023-01-02 21:23:08'),(4483,1,'vi','plugins/newsletter/newsletter','statuses.subscribed','Theo dõi','2023-01-02 21:23:08','2023-01-02 21:23:08'),(4484,1,'vi','plugins/newsletter/newsletter','statuses.unsubscribed','Hủy theo dõi','2023-01-02 21:23:08','2023-01-02 21:23:08'),(4485,1,'en','plugins/payment/payment','payments','Payments','2023-01-02 21:23:08','2023-01-02 21:23:08'),(4486,1,'en','plugins/payment/payment','checkout_success','Checkout successfully!','2023-01-02 21:23:08','2023-01-02 21:23:08'),(4487,1,'en','plugins/payment/payment','view_payment','View payment #','2023-01-02 21:23:08','2023-01-02 21:23:08'),(4488,1,'en','plugins/payment/payment','charge_id','Charge ID','2023-01-02 21:23:08','2023-01-02 21:23:08'),(4489,1,'en','plugins/payment/payment','amount','Amount','2023-01-02 21:23:08','2023-01-02 21:23:08'),(4490,1,'en','plugins/payment/payment','currency','Currency','2023-01-02 21:23:08','2023-01-02 21:23:08'),(4491,1,'en','plugins/payment/payment','user','User','2023-01-02 21:23:08','2023-01-02 21:23:08'),(4492,1,'en','plugins/payment/payment','stripe','Stripe','2023-01-02 21:23:08','2023-01-02 21:23:08'),(4493,1,'en','plugins/payment/payment','paypal','PayPal','2023-01-02 21:23:08','2023-01-02 21:23:08'),(4494,1,'en','plugins/payment/payment','action','Action','2023-01-02 21:23:08','2023-01-02 21:23:08'),(4495,1,'en','plugins/payment/payment','payment_via_card','Payment via card','2023-01-02 21:23:08','2023-01-02 21:23:08'),(4496,1,'en','plugins/payment/payment','card_number','Card number','2023-01-02 21:23:08','2023-01-02 21:23:08'),(4497,1,'en','plugins/payment/payment','full_name','Full name','2023-01-02 21:23:08','2023-01-02 21:23:08'),(4498,1,'en','plugins/payment/payment','payment_via_paypal','Fast and safe online payment via PayPal.','2023-01-02 21:23:08','2023-01-02 21:23:08'),(4499,1,'en','plugins/payment/payment','mm_yy','MM/YY','2023-01-02 21:23:08','2023-01-02 21:23:08'),(4500,1,'en','plugins/payment/payment','cvc','CVC','2023-01-02 21:23:08','2023-01-02 21:23:08'),(4501,1,'en','plugins/payment/payment','details','Details','2023-01-02 21:23:08','2023-01-02 21:23:08'),(4502,1,'en','plugins/payment/payment','payer_name','Payer Name','2023-01-02 21:23:08','2023-01-02 21:23:08'),(4503,1,'en','plugins/payment/payment','email','Email','2023-01-02 21:23:08','2023-01-02 21:23:08'),(4504,1,'en','plugins/payment/payment','phone','Phone','2023-01-02 21:23:08','2023-01-02 21:23:08'),(4505,1,'en','plugins/payment/payment','country','Country','2023-01-02 21:23:08','2023-01-02 21:23:08'),(4506,1,'en','plugins/payment/payment','shipping_address','Shipping Address','2023-01-02 21:23:08','2023-01-02 21:23:08'),(4507,1,'en','plugins/payment/payment','payment_details','Payment Details','2023-01-02 21:23:08','2023-01-02 21:23:08'),(4508,1,'en','plugins/payment/payment','card','Card','2023-01-02 21:23:08','2023-01-02 21:23:08'),(4509,1,'en','plugins/payment/payment','address','Address','2023-01-02 21:23:08','2023-01-02 21:23:08'),(4510,1,'en','plugins/payment/payment','could_not_get_stripe_token','Could not get Stripe token to make a charge.','2023-01-02 21:23:08','2023-01-02 21:23:08'),(4511,1,'en','plugins/payment/payment','payment_id','Payment ID','2023-01-02 21:23:08','2023-01-02 21:23:08'),(4512,1,'en','plugins/payment/payment','payment_methods','Payment methods','2023-01-02 21:23:08','2023-01-02 21:23:08'),(4513,1,'en','plugins/payment/payment','transactions','Transactions','2023-01-02 21:23:08','2023-01-02 21:23:08'),(4514,1,'en','plugins/payment/payment','payment_methods_description','Setup payment methods for website','2023-01-02 21:23:08','2023-01-02 21:23:08'),(4515,1,'en','plugins/payment/payment','paypal_description','Customer can buy product and pay directly via PayPal','2023-01-02 21:23:09','2023-01-02 21:23:09'),(4516,1,'en','plugins/payment/payment','use','Use','2023-01-02 21:23:09','2023-01-02 21:23:09'),(4517,1,'en','plugins/payment/payment','stripe_description','Customer can buy product and pay directly using Visa, Credit card via Stripe','2023-01-02 21:23:09','2023-01-02 21:23:09'),(4518,1,'en','plugins/payment/payment','edit','Edit','2023-01-02 21:23:09','2023-01-02 21:23:09'),(4519,1,'en','plugins/payment/payment','settings','Settings','2023-01-02 21:23:09','2023-01-02 21:23:09'),(4520,1,'en','plugins/payment/payment','activate','Activate','2023-01-02 21:23:09','2023-01-02 21:23:09'),(4521,1,'en','plugins/payment/payment','deactivate','Deactivate','2023-01-02 21:23:09','2023-01-02 21:23:09'),(4522,1,'en','plugins/payment/payment','update','Update','2023-01-02 21:23:09','2023-01-02 21:23:09'),(4523,1,'en','plugins/payment/payment','configuration_instruction','Configuration instruction for :name','2023-01-02 21:23:09','2023-01-02 21:23:09'),(4524,1,'en','plugins/payment/payment','configuration_requirement','To use :name, you need','2023-01-02 21:23:09','2023-01-02 21:23:09'),(4525,1,'en','plugins/payment/payment','service_registration','Register with :name','2023-01-02 21:23:09','2023-01-02 21:23:09'),(4526,1,'en','plugins/payment/payment','after_service_registration_msg','After registration at :name, you will have Client ID, Client Secret','2023-01-02 21:23:09','2023-01-02 21:23:09'),(4527,1,'en','plugins/payment/payment','enter_client_id_and_secret','Enter Client ID, Secret into the box in right hand','2023-01-02 21:23:09','2023-01-02 21:23:09'),(4528,1,'en','plugins/payment/payment','method_name','Method name','2023-01-02 21:23:09','2023-01-02 21:23:09'),(4529,1,'en','plugins/payment/payment','please_provide_information','Please provide information','2023-01-02 21:23:09','2023-01-02 21:23:09'),(4530,1,'en','plugins/payment/payment','client_id','Client ID','2023-01-02 21:23:09','2023-01-02 21:23:09'),(4531,1,'en','plugins/payment/payment','client_secret','Client Secret','2023-01-02 21:23:09','2023-01-02 21:23:09'),(4532,1,'en','plugins/payment/payment','secret','Secret','2023-01-02 21:23:09','2023-01-02 21:23:09'),(4533,1,'en','plugins/payment/payment','stripe_key','Stripe Public Key','2023-01-02 21:23:09','2023-01-02 21:23:09'),(4534,1,'en','plugins/payment/payment','stripe_secret','Stripe Private Key','2023-01-02 21:23:09','2023-01-02 21:23:09'),(4535,1,'en','plugins/payment/payment','stripe_after_service_registration_msg','After registration at :name, you will have Public, Secret keys','2023-01-02 21:23:09','2023-01-02 21:23:09'),(4536,1,'en','plugins/payment/payment','stripe_enter_client_id_and_secret','Enter Public, Secret keys into the box in right hand','2023-01-02 21:23:09','2023-01-02 21:23:09'),(4537,1,'en','plugins/payment/payment','pay_online_via','Pay online via :name','2023-01-02 21:23:09','2023-01-02 21:23:09'),(4538,1,'en','plugins/payment/payment','sandbox_mode','Sandbox mode','2023-01-02 21:23:09','2023-01-02 21:23:09'),(4539,1,'en','plugins/payment/payment','deactivate_payment_method','Deactivate payment method','2023-01-02 21:23:09','2023-01-02 21:23:09'),(4540,1,'en','plugins/payment/payment','deactivate_payment_method_description','Do you really want to deactivate this payment method?','2023-01-02 21:23:09','2023-01-02 21:23:09'),(4541,1,'en','plugins/payment/payment','agree','Agree','2023-01-02 21:23:09','2023-01-02 21:23:09'),(4542,1,'en','plugins/payment/payment','name','Payments','2023-01-02 21:23:09','2023-01-02 21:23:09'),(4543,1,'en','plugins/payment/payment','create','New payment','2023-01-02 21:23:09','2023-01-02 21:23:09'),(4544,1,'en','plugins/payment/payment','go_back','Go back','2023-01-02 21:23:09','2023-01-02 21:23:09'),(4545,1,'en','plugins/payment/payment','information','Information','2023-01-02 21:23:09','2023-01-02 21:23:09'),(4546,1,'en','plugins/payment/payment','methods.paypal','PayPal','2023-01-02 21:23:09','2023-01-02 21:23:09'),(4547,1,'en','plugins/payment/payment','methods.cod','Cash on delivery (COD)','2023-01-02 21:23:09','2023-01-02 21:23:09'),(4548,1,'en','plugins/payment/payment','methods.bank_transfer','Bank transfer','2023-01-02 21:23:09','2023-01-02 21:23:09'),(4549,1,'en','plugins/payment/payment','statuses.pending','Pending','2023-01-02 21:23:09','2023-01-02 21:23:09'),(4550,1,'en','plugins/payment/payment','statuses.completed','Completed','2023-01-02 21:23:09','2023-01-02 21:23:09'),(4551,1,'en','plugins/payment/payment','statuses.refunding','Refunding','2023-01-02 21:23:09','2023-01-02 21:23:09'),(4552,1,'en','plugins/payment/payment','statuses.refunded','Refunded','2023-01-02 21:23:09','2023-01-02 21:23:09'),(4553,1,'en','plugins/payment/payment','statuses.fraud','Fraud','2023-01-02 21:23:09','2023-01-02 21:23:09'),(4554,1,'en','plugins/payment/payment','statuses.failed','Failed','2023-01-02 21:23:09','2023-01-02 21:23:09'),(4555,1,'en','plugins/payment/payment','payment_methods_instruction','Guide customers to pay directly. You can choose to pay by delivery or bank transfer','2023-01-02 21:23:09','2023-01-02 21:23:09'),(4556,1,'en','plugins/payment/payment','payment_method_description','Payment guide - (Displayed on the notice of successful purchase and payment page)','2023-01-02 21:23:09','2023-01-02 21:23:09'),(4557,1,'en','plugins/payment/payment','payment_via_cod','Cash on delivery (COD)','2023-01-02 21:23:09','2023-01-02 21:23:09'),(4558,1,'en','plugins/payment/payment','payment_via_bank_transfer','Bank transfer','2023-01-02 21:23:09','2023-01-02 21:23:09'),(4559,1,'en','plugins/payment/payment','payment_pending','Checkout successfully. Your payment is pending and will be checked by our staff.','2023-01-02 21:23:09','2023-01-02 21:23:09'),(4560,1,'en','plugins/payment/payment','created_at','Created At','2023-01-02 21:23:09','2023-01-02 21:23:09'),(4561,1,'en','plugins/payment/payment','payment_channel','Payment Channel','2023-01-02 21:23:09','2023-01-02 21:23:09'),(4562,1,'en','plugins/payment/payment','total','Total','2023-01-02 21:23:09','2023-01-02 21:23:09'),(4563,1,'en','plugins/payment/payment','status','Status','2023-01-02 21:23:09','2023-01-02 21:23:09'),(4564,1,'en','plugins/payment/payment','default_payment_method','Default payment method','2023-01-02 21:23:09','2023-01-02 21:23:09'),(4565,1,'en','plugins/payment/payment','turn_off_success','Turn off payment method successfully!','2023-01-02 21:23:09','2023-01-02 21:23:09'),(4566,1,'en','plugins/payment/payment','saved_payment_method_success','Saved payment method successfully!','2023-01-02 21:23:09','2023-01-02 21:23:09'),(4567,1,'en','plugins/payment/payment','saved_payment_settings_success','Saved payment settings successfully!','2023-01-02 21:23:09','2023-01-02 21:23:09'),(4568,1,'en','plugins/payment/payment','payment_name','Name','2023-01-02 21:23:09','2023-01-02 21:23:09'),(4569,1,'en','plugins/payment/payment','payment_not_found','Payment not found!','2023-01-02 21:23:09','2023-01-02 21:23:09'),(4570,1,'en','plugins/payment/payment','refunds.title','Refunds','2023-01-02 21:23:09','2023-01-02 21:23:09'),(4571,1,'en','plugins/payment/payment','refunds.id','ID','2023-01-02 21:23:09','2023-01-02 21:23:09'),(4572,1,'en','plugins/payment/payment','refunds.breakdowns','Breakdowns','2023-01-02 21:23:09','2023-01-02 21:23:09'),(4573,1,'en','plugins/payment/payment','refunds.gross_amount','Gross amount','2023-01-02 21:23:09','2023-01-02 21:23:09'),(4574,1,'en','plugins/payment/payment','refunds.paypal_fee','PayPal fee','2023-01-02 21:23:09','2023-01-02 21:23:09'),(4575,1,'en','plugins/payment/payment','refunds.net_amount','Net amount','2023-01-02 21:23:09','2023-01-02 21:23:09'),(4576,1,'en','plugins/payment/payment','refunds.total_refunded_amount','Total refunded amount','2023-01-02 21:23:09','2023-01-02 21:23:09'),(4577,1,'en','plugins/payment/payment','refunds.create_time','Create time','2023-01-02 21:23:09','2023-01-02 21:23:09'),(4578,1,'en','plugins/payment/payment','refunds.update_time','Update time','2023-01-02 21:23:09','2023-01-02 21:23:09'),(4579,1,'en','plugins/payment/payment','refunds.status','Status','2023-01-02 21:23:09','2023-01-02 21:23:09'),(4580,1,'en','plugins/payment/payment','refunds.description','Description','2023-01-02 21:23:09','2023-01-02 21:23:09'),(4581,1,'en','plugins/payment/payment','refunds.refunded_at','Refunded at','2023-01-02 21:23:09','2023-01-02 21:23:09'),(4582,1,'en','plugins/payment/payment','refunds.error_message','Error message','2023-01-02 21:23:09','2023-01-02 21:23:09'),(4583,1,'en','plugins/payment/payment','view_response_source','View response source','2023-01-02 21:23:09','2023-01-02 21:23:09'),(4584,1,'en','plugins/payment/payment','status_is_not_completed','Status is not COMPLETED','2023-01-02 21:23:09','2023-01-02 21:23:09'),(4585,1,'en','plugins/payment/payment','cannot_found_capture_id','Can not found capture id with payment detail','2023-01-02 21:23:09','2023-01-02 21:23:09'),(4586,1,'en','plugins/payment/payment','amount_refunded','Amount refunded','2023-01-02 21:23:09','2023-01-02 21:23:09'),(4587,1,'en','plugins/payment/payment','amount_remaining','Amount remaining','2023-01-02 21:23:09','2023-01-02 21:23:09'),(4588,1,'en','plugins/payment/payment','paid_at','Paid At','2023-01-02 21:23:09','2023-01-02 21:23:09'),(4589,1,'en','plugins/payment/payment','invalid_settings','Settings for :name are invalid!','2023-01-02 21:23:09','2023-01-02 21:23:09'),(4590,1,'en','plugins/payment/payment','view_transaction','Transaction \":charge_id\"','2023-01-02 21:23:09','2023-01-02 21:23:09'),(4591,1,'en','plugins/payment/payment','payment_description','Pay for your order #:order_id at :site_url','2023-01-02 21:23:09','2023-01-02 21:23:09'),(4592,1,'vi','plugins/payment/payment','payments','Thanh toán','2023-01-02 21:23:09','2023-01-02 21:23:09'),(4593,1,'vi','plugins/payment/payment','checkout_success','Thanh toán thành công!','2023-01-02 21:23:09','2023-01-02 21:23:09'),(4594,1,'vi','plugins/payment/payment','view_payment','Xem thanh toán #','2023-01-02 21:23:09','2023-01-02 21:23:09'),(4595,1,'vi','plugins/payment/payment','charge_id','Mã thanh toán','2023-01-02 21:23:09','2023-01-02 21:23:09'),(4596,1,'vi','plugins/payment/payment','amount','Số tiền','2023-01-02 21:23:09','2023-01-02 21:23:09'),(4597,1,'vi','plugins/payment/payment','currency','Loại tiền tệ','2023-01-02 21:23:09','2023-01-02 21:23:09'),(4598,1,'vi','plugins/payment/payment','user','Người dùng','2023-01-02 21:23:09','2023-01-02 21:23:09'),(4599,1,'vi','plugins/payment/payment','stripe','Stripe','2023-01-02 21:23:09','2023-01-02 21:23:09'),(4600,1,'vi','plugins/payment/payment','paypal','PayPal','2023-01-02 21:23:09','2023-01-02 21:23:09'),(4601,1,'vi','plugins/payment/payment','action','Hành động','2023-01-02 21:23:09','2023-01-02 21:23:09'),(4602,1,'vi','plugins/payment/payment','payment_via_card','Thanh toán qua thẻ','2023-01-02 21:23:09','2023-01-02 21:23:09'),(4603,1,'vi','plugins/payment/payment','card_number','Số thẻ','2023-01-02 21:23:09','2023-01-02 21:23:09'),(4604,1,'vi','plugins/payment/payment','full_name','Họ tên','2023-01-02 21:23:09','2023-01-02 21:23:09'),(4605,1,'vi','plugins/payment/payment','payment_via_paypal','Thanh toán qua PayPal','2023-01-02 21:23:09','2023-01-02 21:23:09'),(4606,1,'vi','plugins/payment/payment','mm_yy','MM/YY','2023-01-02 21:23:09','2023-01-02 21:23:09'),(4607,1,'vi','plugins/payment/payment','cvc','CVC','2023-01-02 21:23:09','2023-01-02 21:23:09'),(4608,1,'vi','plugins/payment/payment','details','Chi tiết','2023-01-02 21:23:09','2023-01-02 21:23:09'),(4609,1,'vi','plugins/payment/payment','payer_name','Tên người mua','2023-01-02 21:23:09','2023-01-02 21:23:09'),(4610,1,'vi','plugins/payment/payment','email','Email','2023-01-02 21:23:09','2023-01-02 21:23:09'),(4611,1,'vi','plugins/payment/payment','phone','Điện thoại','2023-01-02 21:23:09','2023-01-02 21:23:09'),(4612,1,'vi','plugins/payment/payment','country','Quốc gia','2023-01-02 21:23:09','2023-01-02 21:23:09'),(4613,1,'vi','plugins/payment/payment','shipping_address','Địa chỉ giao hàng','2023-01-02 21:23:09','2023-01-02 21:23:09'),(4614,1,'vi','plugins/payment/payment','payment_details','Chi tiết thanh toán','2023-01-02 21:23:09','2023-01-02 21:23:09'),(4615,1,'vi','plugins/payment/payment','card','Thẻ','2023-01-02 21:23:09','2023-01-02 21:23:09'),(4616,1,'vi','plugins/payment/payment','address','Địa chỉ','2023-01-02 21:23:09','2023-01-02 21:23:09'),(4617,1,'vi','plugins/payment/payment','could_not_get_stripe_token','Không thể lấy mã Stripe để thanh toán.','2023-01-02 21:23:09','2023-01-02 21:23:09'),(4618,1,'vi','plugins/payment/payment','payment_id','Mã thanh toán','2023-01-02 21:23:09','2023-01-02 21:23:09'),(4619,1,'vi','plugins/payment/payment','payment_methods','Phương thức thanh toán','2023-01-02 21:23:09','2023-01-02 21:23:09'),(4620,1,'vi','plugins/payment/payment','transactions','Lịch sử giao dịch','2023-01-02 21:23:10','2023-01-02 21:23:10'),(4621,1,'vi','plugins/payment/payment','payment_methods_description','Cài đặt các phương thức thanh toán cho website','2023-01-02 21:23:10','2023-01-02 21:23:10'),(4622,1,'vi','plugins/payment/payment','paypal_description','Khách hàng có thể mua hàng và thanh toán trực tiếp thông qua cổng thanh toán PayPal','2023-01-02 21:23:10','2023-01-02 21:23:10'),(4623,1,'vi','plugins/payment/payment','use','Dùng','2023-01-02 21:23:10','2023-01-02 21:23:10'),(4624,1,'vi','plugins/payment/payment','stripe_description','Khách hàng có thể mua hàng và thanh toán bằng Visa, Credit card thông qua cổng thanh toán Stripe','2023-01-02 21:23:10','2023-01-02 21:23:10'),(4625,1,'vi','plugins/payment/payment','edit','Chỉnh sửa','2023-01-02 21:23:10','2023-01-02 21:23:10'),(4626,1,'vi','plugins/payment/payment','settings','Cài đặt','2023-01-02 21:23:10','2023-01-02 21:23:10'),(4627,1,'vi','plugins/payment/payment','activate','Kích hoạt','2023-01-02 21:23:10','2023-01-02 21:23:10'),(4628,1,'vi','plugins/payment/payment','deactivate','Huỷ kích hoạt','2023-01-02 21:23:10','2023-01-02 21:23:10'),(4629,1,'vi','plugins/payment/payment','update','Cập nhật','2023-01-02 21:23:10','2023-01-02 21:23:10'),(4630,1,'vi','plugins/payment/payment','configuration_instruction','Hướng dẫn cấu hình :name','2023-01-02 21:23:10','2023-01-02 21:23:10'),(4631,1,'vi','plugins/payment/payment','configuration_requirement','Để sử dụng :name bạn cần','2023-01-02 21:23:10','2023-01-02 21:23:10'),(4632,1,'vi','plugins/payment/payment','service_registration','Đăng ký dịch vụ với :name','2023-01-02 21:23:10','2023-01-02 21:23:10'),(4633,1,'vi','plugins/payment/payment','after_service_registration_msg','Sau khi hoàn tất các bước đăng ký tại :name, bạn sẽ có các thông số Client ID, Client Secret','2023-01-02 21:23:10','2023-01-02 21:23:10'),(4634,1,'vi','plugins/payment/payment','enter_client_id_and_secret','Nhập các thông số Client ID, Secret vào ô bên phải','2023-01-02 21:23:10','2023-01-02 21:23:10'),(4635,1,'vi','plugins/payment/payment','method_name','Tên phương thức','2023-01-02 21:23:10','2023-01-02 21:23:10'),(4636,1,'vi','plugins/payment/payment','please_provide_information','Xin vui lòng cung cấp thông tin','2023-01-02 21:23:10','2023-01-02 21:23:10'),(4637,1,'vi','plugins/payment/payment','client_id','Client ID','2023-01-02 21:23:10','2023-01-02 21:23:10'),(4638,1,'vi','plugins/payment/payment','client_secret','Client Secret','2023-01-02 21:23:10','2023-01-02 21:23:10'),(4639,1,'vi','plugins/payment/payment','stripe_key','Stripe Key','2023-01-02 21:23:10','2023-01-02 21:23:10'),(4640,1,'vi','plugins/payment/payment','stripe_secret','Stripe Secret','2023-01-02 21:23:10','2023-01-02 21:23:10'),(4641,1,'vi','plugins/payment/payment','stripe_after_service_registration_msg','After registration at :name, you will have Public, Secret keys','2023-01-02 21:23:10','2023-01-02 21:23:10'),(4642,1,'vi','plugins/payment/payment','stripe_enter_client_id_and_secret','Enter Public, Secret keys into the box in right hand','2023-01-02 21:23:10','2023-01-02 21:23:10'),(4643,1,'vi','plugins/payment/payment','secret','Secret','2023-01-02 21:23:10','2023-01-02 21:23:10'),(4644,1,'vi','plugins/payment/payment','pay_online_via','Thanh toán online qua :name','2023-01-02 21:23:10','2023-01-02 21:23:10'),(4645,1,'vi','plugins/payment/payment','sandbox_mode','Chế độ thử nghiệm','2023-01-02 21:23:10','2023-01-02 21:23:10'),(4646,1,'vi','plugins/payment/payment','deactivate_payment_method','Huỷ kích hoạt phương thức','2023-01-02 21:23:10','2023-01-02 21:23:10'),(4647,1,'vi','plugins/payment/payment','deactivate_payment_method_description','Bạn có chắc chắn muốn huỷ phương thức thành toán này?','2023-01-02 21:23:10','2023-01-02 21:23:10'),(4648,1,'vi','plugins/payment/payment','agree','Đồng ý','2023-01-02 21:23:10','2023-01-02 21:23:10'),(4649,1,'vi','plugins/payment/payment','name','Thanh toán','2023-01-02 21:23:10','2023-01-02 21:23:10'),(4650,1,'vi','plugins/payment/payment','create','Thêm thanh toán mới','2023-01-02 21:23:10','2023-01-02 21:23:10'),(4651,1,'vi','plugins/payment/payment','go_back','Trở lại','2023-01-02 21:23:10','2023-01-02 21:23:10'),(4652,1,'vi','plugins/payment/payment','information','Thông tin','2023-01-02 21:23:10','2023-01-02 21:23:10'),(4653,1,'vi','plugins/payment/payment','methods.paypal','PayPal','2023-01-02 21:23:10','2023-01-02 21:23:10'),(4654,1,'vi','plugins/payment/payment','methods.cod','Thanh toán khi giao hàng (COD)','2023-01-02 21:23:10','2023-01-02 21:23:10'),(4655,1,'vi','plugins/payment/payment','methods.bank_transfer','Chuyển khoản qua ngân hàng','2023-01-02 21:23:10','2023-01-02 21:23:10'),(4656,1,'vi','plugins/payment/payment','statuses.pending','Chưa hoàn tất','2023-01-02 21:23:10','2023-01-02 21:23:10'),(4657,1,'vi','plugins/payment/payment','statuses.completed','Đã hoàn thành','2023-01-02 21:23:10','2023-01-02 21:23:10'),(4658,1,'vi','plugins/payment/payment','statuses.refunding','Đang hoàn tiền','2023-01-02 21:23:10','2023-01-02 21:23:10'),(4659,1,'vi','plugins/payment/payment','statuses.refunded','Đã hoàn tiền','2023-01-02 21:23:10','2023-01-02 21:23:10'),(4660,1,'vi','plugins/payment/payment','statuses.fraud','Gian lận','2023-01-02 21:23:10','2023-01-02 21:23:10'),(4661,1,'vi','plugins/payment/payment','statuses.failed','Thất bại','2023-01-02 21:23:10','2023-01-02 21:23:10'),(4662,1,'vi','plugins/payment/payment','payment_methods_instruction','Hướng dẫn khách hàng thanh toán trực tiếp. Có thể chọn thanh toán khi giao hàng hoặc chuyển khoản','2023-01-02 21:23:10','2023-01-02 21:23:10'),(4663,1,'vi','plugins/payment/payment','payment_method_description','Hướng dẫn thanh toán – (Hiển thị ở trang thông báo mua hàng thành công và trang thanh toán)','2023-01-02 21:23:10','2023-01-02 21:23:10'),(4664,1,'vi','plugins/payment/payment','payment_via_cod','Thanh toán khi nhận hàng (COD)','2023-01-02 21:23:10','2023-01-02 21:23:10'),(4665,1,'vi','plugins/payment/payment','payment_via_bank_transfer','Chuyển khoản qua ngân hàng','2023-01-02 21:23:10','2023-01-02 21:23:10'),(4666,1,'vi','plugins/payment/payment','payment_pending','Thực hiện thành công. Thanh toán của bạn đang được xử lý và sẽ được xác nhận bởi nhân viên.','2023-01-02 21:23:10','2023-01-02 21:23:10'),(4667,1,'vi','plugins/payment/payment','created_at','Ngày tạo','2023-01-02 21:23:10','2023-01-02 21:23:10'),(4668,1,'vi','plugins/payment/payment','payment_channel','Phương thức thanh toán','2023-01-02 21:23:10','2023-01-02 21:23:10'),(4669,1,'vi','plugins/payment/payment','total','Tổng cộng','2023-01-02 21:23:10','2023-01-02 21:23:10'),(4670,1,'vi','plugins/payment/payment','status','Trạng thái','2023-01-02 21:23:10','2023-01-02 21:23:10'),(4671,1,'vi','plugins/payment/payment','default_payment_method','Phương thức thanh toán mặc định','2023-01-02 21:23:10','2023-01-02 21:23:10'),(4672,1,'en','plugins/simple-slider/simple-slider','create','New slider','2023-01-02 21:23:10','2023-01-02 21:23:10'),(4673,1,'en','plugins/simple-slider/simple-slider','edit','Edit slider','2023-01-02 21:23:10','2023-01-02 21:23:10'),(4674,1,'en','plugins/simple-slider/simple-slider','menu','Simple sliders','2023-01-02 21:23:10','2023-01-02 21:23:10'),(4675,1,'en','plugins/simple-slider/simple-slider','settings.title','Simple sliders','2023-01-02 21:23:10','2023-01-02 21:23:10'),(4676,1,'en','plugins/simple-slider/simple-slider','settings.description','Settings for Simple sliders','2023-01-02 21:23:10','2023-01-02 21:23:10'),(4677,1,'en','plugins/simple-slider/simple-slider','settings.using_assets','Using default assets?','2023-01-02 21:23:10','2023-01-02 21:23:10'),(4678,1,'en','plugins/simple-slider/simple-slider','settings.using_assets_description','If using assets option is enabled then below scripts will be auto added to front site.','2023-01-02 21:23:10','2023-01-02 21:23:10'),(4679,1,'en','plugins/simple-slider/simple-slider','add_new','Add new','2023-01-02 21:23:10','2023-01-02 21:23:10'),(4680,1,'en','plugins/simple-slider/simple-slider','save_sorting','Save sorting','2023-01-02 21:23:10','2023-01-02 21:23:10'),(4681,1,'en','plugins/simple-slider/simple-slider','key','Key','2023-01-02 21:23:10','2023-01-02 21:23:10'),(4682,1,'en','plugins/simple-slider/simple-slider','slide_items','Slide Items','2023-01-02 21:23:10','2023-01-02 21:23:10'),(4683,1,'en','plugins/simple-slider/simple-slider','update_slide_position_success','Updated slide position successfully!','2023-01-02 21:23:10','2023-01-02 21:23:10'),(4684,1,'en','plugins/simple-slider/simple-slider','create_new_slide','Create a new slide','2023-01-02 21:23:10','2023-01-02 21:23:10'),(4685,1,'en','plugins/simple-slider/simple-slider','edit_slide','Edit slide #:id','2023-01-02 21:23:10','2023-01-02 21:23:10'),(4686,1,'en','plugins/simple-slider/simple-slider','simple_slider_shortcode_name','Simple Slider','2023-01-02 21:23:10','2023-01-02 21:23:10'),(4687,1,'en','plugins/simple-slider/simple-slider','simple_slider_shortcode_description','Add a simple slider','2023-01-02 21:23:10','2023-01-02 21:23:10'),(4688,1,'en','plugins/simple-slider/simple-slider','select_slider','Select a slider','2023-01-02 21:23:10','2023-01-02 21:23:10'),(4689,1,'vi','plugins/simple-slider/simple-slider','create','Thêm mới slider','2023-01-02 21:23:10','2023-01-02 21:23:10'),(4690,1,'vi','plugins/simple-slider/simple-slider','edit','Sửa slider','2023-01-02 21:23:10','2023-01-02 21:23:10'),(4691,1,'vi','plugins/simple-slider/simple-slider','menu','Sliders','2023-01-02 21:23:10','2023-01-02 21:23:10'),(4692,1,'vi','plugins/simple-slider/simple-slider','settings.description','Cài đặt cho Simple Sliders','2023-01-02 21:23:10','2023-01-02 21:23:10'),(4693,1,'vi','plugins/simple-slider/simple-slider','settings.title','Simple sliders','2023-01-02 21:23:10','2023-01-02 21:23:10'),(4694,1,'vi','plugins/simple-slider/simple-slider','settings.using_assets','Sử dụng assets mặc định?','2023-01-02 21:23:10','2023-01-02 21:23:10'),(4695,1,'vi','plugins/simple-slider/simple-slider','settings.using_assets_description','Nếu tùy chọn này được bật, những scripts bên dưới sẽ được thêm vào website của bạn.','2023-01-02 21:23:10','2023-01-02 21:23:10'),(4696,1,'en','plugins/social-login/social-login','settings.title','Social Login settings','2023-01-02 21:23:10','2023-01-02 21:23:10'),(4697,1,'en','plugins/social-login/social-login','settings.description','Configure social login options','2023-01-02 21:23:10','2023-01-02 21:23:10'),(4698,1,'en','plugins/social-login/social-login','settings.facebook.title','Facebook login settings','2023-01-02 21:23:10','2023-01-02 21:23:10'),(4699,1,'en','plugins/social-login/social-login','settings.facebook.description','Enable/disable & configure app credentials for Facebook login','2023-01-02 21:23:10','2023-01-02 21:23:10'),(4700,1,'en','plugins/social-login/social-login','settings.facebook.app_id','App ID','2023-01-02 21:23:10','2023-01-02 21:23:10'),(4701,1,'en','plugins/social-login/social-login','settings.facebook.app_secret','App Secret','2023-01-02 21:23:10','2023-01-02 21:23:10'),(4702,1,'en','plugins/social-login/social-login','settings.facebook.helper','Please go to https://developers.facebook.com to create new app update App ID, App Secret. Callback URL is :callback','2023-01-02 21:23:10','2023-01-02 21:23:10'),(4703,1,'en','plugins/social-login/social-login','settings.google.title','Google login settings','2023-01-02 21:23:10','2023-01-02 21:23:10'),(4704,1,'en','plugins/social-login/social-login','settings.google.description','Enable/disable & configure app credentials for Google login','2023-01-02 21:23:10','2023-01-02 21:23:10'),(4705,1,'en','plugins/social-login/social-login','settings.google.app_id','App ID','2023-01-02 21:23:10','2023-01-02 21:23:10'),(4706,1,'en','plugins/social-login/social-login','settings.google.app_secret','App Secret','2023-01-02 21:23:10','2023-01-02 21:23:10'),(4707,1,'en','plugins/social-login/social-login','settings.google.helper','Please go to https://console.developers.google.com/apis/dashboard to create new app update App ID, App Secret. Callback URL is :callback','2023-01-02 21:23:10','2023-01-02 21:23:10'),(4708,1,'en','plugins/social-login/social-login','settings.github.title','Github login settings','2023-01-02 21:23:10','2023-01-02 21:23:10'),(4709,1,'en','plugins/social-login/social-login','settings.github.description','Enable/disable & configure app credentials for Github login','2023-01-02 21:23:10','2023-01-02 21:23:10'),(4710,1,'en','plugins/social-login/social-login','settings.github.app_id','App ID','2023-01-02 21:23:10','2023-01-02 21:23:10'),(4711,1,'en','plugins/social-login/social-login','settings.github.app_secret','App Secret','2023-01-02 21:23:10','2023-01-02 21:23:10'),(4712,1,'en','plugins/social-login/social-login','settings.github.helper','Please go to https://github.com/settings/developers to create new app update App ID, App Secret. Callback URL is :callback','2023-01-02 21:23:10','2023-01-02 21:23:10'),(4713,1,'en','plugins/social-login/social-login','settings.linkedin.title','Linkedin login settings','2023-01-02 21:23:10','2023-01-02 21:23:10'),(4714,1,'en','plugins/social-login/social-login','settings.linkedin.description','Enable/disable & configure app credentials for Linkedin login','2023-01-02 21:23:10','2023-01-02 21:23:10'),(4715,1,'en','plugins/social-login/social-login','settings.linkedin.app_id','App ID','2023-01-02 21:23:10','2023-01-02 21:23:10'),(4716,1,'en','plugins/social-login/social-login','settings.linkedin.app_secret','App Secret','2023-01-02 21:23:10','2023-01-02 21:23:10'),(4717,1,'en','plugins/social-login/social-login','settings.linkedin.helper','Please go to https://www.linkedin.com/developers/apps/new to create new app update App ID, App Secret. Callback URL is :callback','2023-01-02 21:23:10','2023-01-02 21:23:10'),(4718,1,'en','plugins/social-login/social-login','settings.enable','Enable?','2023-01-02 21:23:10','2023-01-02 21:23:10'),(4719,1,'en','plugins/social-login/social-login','menu','Social Login','2023-01-02 21:23:10','2023-01-02 21:23:10'),(4720,1,'vi','plugins/social-login/social-login','settings.title','Social Login settings','2023-01-02 21:23:10','2023-01-02 21:23:10'),(4721,1,'vi','plugins/social-login/social-login','settings.description','Cấu hình tùy chọn đăng nhập thông qua mạng xã hội','2023-01-02 21:23:10','2023-01-02 21:23:10'),(4722,1,'vi','plugins/social-login/social-login','settings.facebook.title','Facebook login settings','2023-01-02 21:23:10','2023-01-02 21:23:10'),(4723,1,'vi','plugins/social-login/social-login','settings.facebook.description','Enable/disable & configure app credentials for Facebook login','2023-01-02 21:23:10','2023-01-02 21:23:10'),(4724,1,'vi','plugins/social-login/social-login','settings.facebook.app_id','App ID','2023-01-02 21:23:10','2023-01-02 21:23:10'),(4725,1,'vi','plugins/social-login/social-login','settings.facebook.app_secret','App Secret','2023-01-02 21:23:10','2023-01-02 21:23:10'),(4726,1,'vi','plugins/social-login/social-login','settings.facebook.helper','Please go to https://developers.facebook.com to create new app update App ID, App Secret. Callback URL is :callback','2023-01-02 21:23:10','2023-01-02 21:23:10'),(4727,1,'vi','plugins/social-login/social-login','settings.google.title','Google login settings','2023-01-02 21:23:11','2023-01-02 21:23:11'),(4728,1,'vi','plugins/social-login/social-login','settings.google.description','Enable/disable & configure app credentials for Google login','2023-01-02 21:23:11','2023-01-02 21:23:11'),(4729,1,'vi','plugins/social-login/social-login','settings.google.app_id','App ID','2023-01-02 21:23:11','2023-01-02 21:23:11'),(4730,1,'vi','plugins/social-login/social-login','settings.google.app_secret','App Secret','2023-01-02 21:23:11','2023-01-02 21:23:11'),(4731,1,'vi','plugins/social-login/social-login','settings.google.helper','Please go to https://console.developers.google.com/apis/dashboard to create new app update App ID, App Secret. Callback URL is :callback','2023-01-02 21:23:11','2023-01-02 21:23:11'),(4732,1,'vi','plugins/social-login/social-login','settings.github.title','Github login settings','2023-01-02 21:23:11','2023-01-02 21:23:11'),(4733,1,'vi','plugins/social-login/social-login','settings.github.description','Enable/disable & configure app credentials for Github login','2023-01-02 21:23:11','2023-01-02 21:23:11'),(4734,1,'vi','plugins/social-login/social-login','settings.github.app_id','App ID','2023-01-02 21:23:11','2023-01-02 21:23:11'),(4735,1,'vi','plugins/social-login/social-login','settings.github.app_secret','App Secret','2023-01-02 21:23:11','2023-01-02 21:23:11'),(4736,1,'vi','plugins/social-login/social-login','settings.github.helper','Please go to https://github.com/settings/developers to create new app update App ID, App Secret. Callback URL is :callback','2023-01-02 21:23:11','2023-01-02 21:23:11'),(4737,1,'vi','plugins/social-login/social-login','settings.linkedin.title','Linkedin login settings','2023-01-02 21:23:11','2023-01-02 21:23:11'),(4738,1,'vi','plugins/social-login/social-login','settings.linkedin.description','Enable/disable & configure app credentials for Linkedin login','2023-01-02 21:23:11','2023-01-02 21:23:11'),(4739,1,'vi','plugins/social-login/social-login','settings.linkedin.app_id','App ID','2023-01-02 21:23:11','2023-01-02 21:23:11'),(4740,1,'vi','plugins/social-login/social-login','settings.linkedin.app_secret','App Secret','2023-01-02 21:23:11','2023-01-02 21:23:11'),(4741,1,'vi','plugins/social-login/social-login','settings.linkedin.helper','Please go to https://www.linkedin.com/developers/apps/new to create new app update App ID, App Secret. Callback URL is :callback','2023-01-02 21:23:11','2023-01-02 21:23:11'),(4742,1,'vi','plugins/social-login/social-login','settings.enable','Bật?','2023-01-02 21:23:11','2023-01-02 21:23:11'),(4743,1,'vi','plugins/social-login/social-login','menu','Đăng nhập mạng xã hội','2023-01-02 21:23:11','2023-01-02 21:23:11'),(4744,1,'en','plugins/translation/translation','translations','Translations','2023-01-02 21:23:11','2023-01-02 21:23:11'),(4745,1,'en','plugins/translation/translation','translations_description','Translate all words in system.','2023-01-02 21:23:11','2023-01-02 21:23:11'),(4746,1,'en','plugins/translation/translation','export_warning','Warning, translations are not visible until they are exported back to the :lang_path file, using \'php artisan cms:translations:export\' command or publish button.','2023-01-02 21:23:11','2023-01-02 21:23:11'),(4747,1,'en','plugins/translation/translation','import_done','Done importing, processed :counter items! Reload this page to refresh the groups!','2023-01-02 21:23:11','2023-01-02 21:23:11'),(4748,1,'en','plugins/translation/translation','translation_manager','Translations Manager','2023-01-02 21:23:11','2023-01-02 21:23:11'),(4749,1,'en','plugins/translation/translation','done_publishing','Done publishing the translations for group','2023-01-02 21:23:11','2023-01-02 21:23:11'),(4750,1,'en','plugins/translation/translation','append_translation','Append new translations','2023-01-02 21:23:11','2023-01-02 21:23:11'),(4751,1,'en','plugins/translation/translation','replace_translation','Replace existing translations','2023-01-02 21:23:11','2023-01-02 21:23:11'),(4752,1,'en','plugins/translation/translation','import_group','Import group','2023-01-02 21:23:11','2023-01-02 21:23:11'),(4753,1,'en','plugins/translation/translation','confirm_publish_group','Are you sure you want to publish the translations group \":group\"? This will overwrite existing language files.','2023-01-02 21:23:11','2023-01-02 21:23:11'),(4754,1,'en','plugins/translation/translation','publish_translations','Publish translations','2023-01-02 21:23:11','2023-01-02 21:23:11'),(4755,1,'en','plugins/translation/translation','back','Back','2023-01-02 21:23:11','2023-01-02 21:23:11'),(4756,1,'en','plugins/translation/translation','edit_title','Enter translation','2023-01-02 21:23:11','2023-01-02 21:23:11'),(4757,1,'en','plugins/translation/translation','choose_group_msg','Choose a group to display the group translations. If no groups are visible, make sure you have imported the translations.','2023-01-02 21:23:11','2023-01-02 21:23:11'),(4758,1,'en','plugins/translation/translation','choose_a_group','Choose a group','2023-01-02 21:23:11','2023-01-02 21:23:11'),(4759,1,'en','plugins/translation/translation','locales','Locales','2023-01-02 21:23:11','2023-01-02 21:23:11'),(4760,1,'en','plugins/translation/translation','theme-translations','Theme translations','2023-01-02 21:23:11','2023-01-02 21:23:11'),(4761,1,'en','plugins/translation/translation','admin-translations','Other translations','2023-01-02 21:23:11','2023-01-02 21:23:11'),(4762,1,'en','plugins/translation/translation','translate_from','Translate from','2023-01-02 21:23:11','2023-01-02 21:23:11'),(4763,1,'en','plugins/translation/translation','to','to','2023-01-02 21:23:11','2023-01-02 21:23:11'),(4764,1,'en','plugins/translation/translation','no_other_languages','No other language to translate!','2023-01-02 21:23:11','2023-01-02 21:23:11'),(4765,1,'en','plugins/translation/translation','edit','Edit','2023-01-02 21:23:11','2023-01-02 21:23:11'),(4766,1,'en','plugins/translation/translation','locale','Locale','2023-01-02 21:23:11','2023-01-02 21:23:11'),(4767,1,'en','plugins/translation/translation','locale_placeholder','Ex: en','2023-01-02 21:23:11','2023-01-02 21:23:11'),(4768,1,'en','plugins/translation/translation','name','Name','2023-01-02 21:23:11','2023-01-02 21:23:11'),(4769,1,'en','plugins/translation/translation','default_locale','Default locale?','2023-01-02 21:23:11','2023-01-02 21:23:11'),(4770,1,'en','plugins/translation/translation','actions','Actions','2023-01-02 21:23:11','2023-01-02 21:23:11'),(4771,1,'en','plugins/translation/translation','choose_language','Choose language','2023-01-02 21:23:11','2023-01-02 21:23:11'),(4772,1,'en','plugins/translation/translation','add_new_language','Add new language','2023-01-02 21:23:11','2023-01-02 21:23:11'),(4773,1,'en','plugins/translation/translation','select_language','Select language','2023-01-02 21:23:11','2023-01-02 21:23:11'),(4774,1,'en','plugins/translation/translation','flag','Flag','2023-01-02 21:23:11','2023-01-02 21:23:11'),(4775,1,'en','plugins/translation/translation','folder_is_not_writeable','Cannot write files! Folder :lang_path is not writable. Please chmod to make it writable!','2023-01-02 21:23:11','2023-01-02 21:23:11'),(4776,1,'en','plugins/translation/translation','delete','Delete','2023-01-02 21:23:11','2023-01-02 21:23:11'),(4777,1,'en','plugins/translation/translation','confirm_delete_message','Do you really want to delete this locale? It will delete all files/folders for this local in :lang_path!','2023-01-02 21:23:11','2023-01-02 21:23:11'),(4778,1,'en','plugins/translation/translation','download','Download','2023-01-02 21:23:11','2023-01-02 21:23:11'),(4779,1,'en','plugins/translation/translation','select_locale','Select locale','2023-01-02 21:23:11','2023-01-02 21:23:11'),(4780,1,'en','plugins/translation/translation','theme_translations_instruction','Click on text to translate. Do NOT translate variables, Eg. :username, :query, :link...','2023-01-02 21:23:11','2023-01-02 21:23:11'),(4781,1,'en','plugins/translation/translation','import_available_locale','Or import available locale from our GitHub repository','2023-01-02 21:23:11','2023-01-02 21:23:11'),(4782,1,'en','plugins/translation/translation','add_new_locale','Add new locale','2023-01-02 21:23:11','2023-01-02 21:23:11'),(4783,1,'en','plugins/translation/translation','download_locale','Download locale','2023-01-02 21:23:11','2023-01-02 21:23:11'),(4784,1,'en','plugins/translation/translation','import_available_locale_confirmation','Download locale from GitHub','2023-01-02 21:23:11','2023-01-02 21:23:11'),(4785,1,'en','plugins/translation/translation','import_available_locale_confirmation_content','Are you sure you want to download this locale? It will be downloaded into :lang_path, you can delete it later if you want.','2023-01-02 21:23:11','2023-01-02 21:23:11'),(4786,1,'en','plugins/translation/translation','is_default','Is default?','2023-01-02 21:23:11','2023-01-02 21:23:11'),(4787,1,'vi','plugins/translation/translation','append_translation','Tiếp nối bản dịch','2023-01-02 21:23:11','2023-01-02 21:23:11'),(4788,1,'vi','plugins/translation/translation','back','Quay lại','2023-01-02 21:23:11','2023-01-02 21:23:11'),(4789,1,'vi','plugins/translation/translation','choose_a_group','Chọn một nhóm','2023-01-02 21:23:11','2023-01-02 21:23:11'),(4790,1,'vi','plugins/translation/translation','choose_group_msg','Chọn một nhóm để hiển thị nhóm dịch thuật. Nếu nhóm không có sẵn, hãy chắc chắn là bạn đã chạy migrations và nhập dữ liệu dịch thuật.','2023-01-02 21:23:11','2023-01-02 21:23:11'),(4791,1,'vi','plugins/translation/translation','confirm_publish_group','Bạn có chắc muốn xuất bản nhóm \":group\"? Điều này sẽ ghi đè tập tin ngôn ngữ hiện tại.','2023-01-02 21:23:11','2023-01-02 21:23:11'),(4792,1,'vi','plugins/translation/translation','done_publishing','Xuất bản nhóm dịch thuật thành công','2023-01-02 21:23:11','2023-01-02 21:23:11'),(4793,1,'vi','plugins/translation/translation','edit_title','Nhập nội dung dịch','2023-01-02 21:23:11','2023-01-02 21:23:11'),(4794,1,'vi','plugins/translation/translation','export_warning','Cảnh báo, bản dịch sẽ không có sẵn cho đến khi chúng được xuất bản lại vào thư mục :lang_path, sử dụng lệnh \'php artisan cms:translations:export\' hoặc sử dụng nút xuất bản','2023-01-02 21:23:11','2023-01-02 21:23:11'),(4795,1,'vi','plugins/translation/translation','import_done','Nhập hoàn thành, đã xử lý :counter bản ghi!  ','2023-01-02 21:23:11','2023-01-02 21:23:11'),(4796,1,'vi','plugins/translation/translation','import_group','Nhập nhóm','2023-01-02 21:23:11','2023-01-02 21:23:11'),(4797,1,'vi','plugins/translation/translation','publish_translations','Xuất bản dịch thuật','2023-01-02 21:23:11','2023-01-02 21:23:11'),(4798,1,'vi','plugins/translation/translation','replace_translation','Thay thế bản dịch hiện tại','2023-01-02 21:23:11','2023-01-02 21:23:11'),(4799,1,'vi','plugins/translation/translation','translation_manager','Quản lý dịch thuật','2023-01-02 21:23:11','2023-01-02 21:23:11'),(4800,1,'vi','plugins/translation/translation','translations','Dịch thuật','2023-01-02 21:23:11','2023-01-02 21:23:11'),(4801,1,'vi','plugins/translation/translation','translations_description','Dịch tất cả các từ trong hệ thống','2023-01-02 21:23:11','2023-01-02 21:23:11'),(4802,1,'vi','plugins/translation/translation','actions','Hành động','2023-01-02 21:23:11','2023-01-02 21:23:11'),(4803,1,'vi','plugins/translation/translation','add_new_language','Thêm ngôn ngữ mới','2023-01-02 21:23:11','2023-01-02 21:23:11'),(4804,1,'vi','plugins/translation/translation','admin-translations','Dịch các mục khác','2023-01-02 21:23:11','2023-01-02 21:23:11'),(4805,1,'vi','plugins/translation/translation','choose_language','Chọn ngôn ngữ','2023-01-02 21:23:11','2023-01-02 21:23:11'),(4806,1,'vi','plugins/translation/translation','default_locale','Ngôn ngữ mặc định','2023-01-02 21:23:11','2023-01-02 21:23:11'),(4807,1,'vi','plugins/translation/translation','delete','Xóa','2023-01-02 21:23:11','2023-01-02 21:23:11'),(4808,1,'vi','plugins/translation/translation','edit','Sửa','2023-01-02 21:23:11','2023-01-02 21:23:11'),(4809,1,'vi','plugins/translation/translation','flag','Cờ','2023-01-02 21:23:11','2023-01-02 21:23:11'),(4810,1,'vi','plugins/translation/translation','locale','Ngôn ngữ','2023-01-02 21:23:11','2023-01-02 21:23:11'),(4811,1,'vi','plugins/translation/translation','locales','Ngôn ngữ','2023-01-02 21:23:11','2023-01-02 21:23:11'),(4812,1,'vi','plugins/translation/translation','name','Tên','2023-01-02 21:23:11','2023-01-02 21:23:11'),(4813,1,'vi','plugins/translation/translation','no_other_languages','Không còn ngôn ngữ nào khác để dịch!','2023-01-02 21:23:11','2023-01-02 21:23:11'),(4814,1,'vi','plugins/translation/translation','select_language','Lựa chọn ngôn ngữ','2023-01-02 21:23:12','2023-01-02 21:23:12'),(4815,1,'vi','plugins/translation/translation','theme-translations','Dịch giao diện','2023-01-02 21:23:12','2023-01-02 21:23:12'),(4816,1,'vi','plugins/translation/translation','to','sang','2023-01-02 21:23:12','2023-01-02 21:23:12'),(4817,1,'vi','plugins/translation/translation','translate_from','Dịch từ','2023-01-02 21:23:12','2023-01-02 21:23:12'),(4818,1,'vi','auth','failed','Không tìm thấy thông tin đăng nhập hợp lệ.','2023-01-02 21:23:12','2023-01-02 21:23:12'),(4819,1,'vi','auth','throttle','Đăng nhập không đúng quá nhiều lần. Vui lòng thử lại sau :seconds giây.','2023-01-02 21:23:12','2023-01-02 21:23:12'),(4820,1,'vi','auth','password','Mật khẩu không chính xác','2023-01-02 21:23:12','2023-01-02 21:23:12'),(4821,1,'vi','pagination','previous','&laquo; Trước','2023-01-02 21:23:12','2023-01-02 21:23:12'),(4822,1,'vi','pagination','next','Sau &raquo;','2023-01-02 21:23:12','2023-01-02 21:23:12'),(4823,1,'vi','passwords','reset','Mật khẩu đã được cập nhật!','2023-01-02 21:23:12','2023-01-02 21:23:12'),(4824,1,'vi','passwords','sent','Chúng tôi đã gửi cho bạn đường dẫn thay đổi mật khẩu!','2023-01-02 21:23:12','2023-01-02 21:23:12'),(4825,1,'vi','passwords','token','Mã xác nhận mật khẩu không hợp lệ.','2023-01-02 21:23:12','2023-01-02 21:23:12'),(4826,1,'vi','passwords','user','Không tìm thấy thành viên với địa chỉ email này.','2023-01-02 21:23:12','2023-01-02 21:23:12'),(4827,1,'vi','validation','accepted','Trường :attribute phải được chấp nhận.','2023-01-02 21:23:12','2023-01-02 21:23:12'),(4828,1,'vi','validation','active_url','Trường :attribute không phải là một URL hợp lệ.','2023-01-02 21:23:12','2023-01-02 21:23:12'),(4829,1,'vi','validation','after','Trường :attribute phải là một ngày sau ngày :date.','2023-01-02 21:23:12','2023-01-02 21:23:12'),(4830,1,'vi','validation','after_or_equal','Trường :attribute phải là thời gian bắt đầu sau hoặc đúng bằng :date.','2023-01-02 21:23:12','2023-01-02 21:23:12'),(4831,1,'vi','validation','alpha','Trường :attribute chỉ có thể chứa các chữ cái.','2023-01-02 21:23:12','2023-01-02 21:23:12'),(4832,1,'vi','validation','alpha_dash','Trường :attribute chỉ có thể chứa chữ cái, số và dấu gạch ngang.','2023-01-02 21:23:12','2023-01-02 21:23:12'),(4833,1,'vi','validation','alpha_num','Trường :attribute chỉ có thể chứa chữ cái và số.','2023-01-02 21:23:12','2023-01-02 21:23:12'),(4834,1,'vi','validation','array','Trường :attribute phải là dạng mảng.','2023-01-02 21:23:12','2023-01-02 21:23:12'),(4835,1,'vi','validation','before','Trường :attribute phải là một ngày trước ngày :date.','2023-01-02 21:23:12','2023-01-02 21:23:12'),(4836,1,'vi','validation','before_or_equal','Trường :attribute phải là thời gian bắt đầu trước hoặc đúng bằng :date.','2023-01-02 21:23:12','2023-01-02 21:23:12'),(4837,1,'vi','validation','between.array','Trường :attribute phải có từ :min - :max phần tử.','2023-01-02 21:23:12','2023-01-02 21:23:12'),(4838,1,'vi','validation','between.file','Dung lượng tập tin trong trường :attribute phải từ :min - :max kB.','2023-01-02 21:23:12','2023-01-02 21:23:12'),(4839,1,'vi','validation','between.numeric','Trường :attribute phải nằm trong khoảng :min - :max.','2023-01-02 21:23:12','2023-01-02 21:23:12'),(4840,1,'vi','validation','between.string','Trường :attribute phải từ :min - :max kí tự.','2023-01-02 21:23:12','2023-01-02 21:23:12'),(4841,1,'vi','validation','boolean','Trường :attribute phải là true hoặc false.','2023-01-02 21:23:12','2023-01-02 21:23:12'),(4842,1,'vi','validation','confirmed','Giá trị xác nhận trong trường :attribute không khớp.','2023-01-02 21:23:12','2023-01-02 21:23:12'),(4843,1,'vi','validation','date','Trường :attribute không phải là định dạng của ngày-tháng.','2023-01-02 21:23:12','2023-01-02 21:23:12'),(4844,1,'vi','validation','date_equals','Trường :attribute phải là một ngày bằng với :date.','2023-01-02 21:23:12','2023-01-02 21:23:12'),(4845,1,'vi','validation','date_format','Trường :attribute không giống với định dạng :format.','2023-01-02 21:23:12','2023-01-02 21:23:12'),(4846,1,'vi','validation','different','Trường :attribute và :other phải khác nhau.','2023-01-02 21:23:12','2023-01-02 21:23:12'),(4847,1,'vi','validation','digits','Độ dài của trường :attribute phải gồm :digits chữ số.','2023-01-02 21:23:12','2023-01-02 21:23:12'),(4848,1,'vi','validation','digits_between','Độ dài của trường :attribute phải nằm trong khoảng :min and :max chữ số.','2023-01-02 21:23:12','2023-01-02 21:23:12'),(4849,1,'vi','validation','dimensions','Trường :attribute có kích thước không hợp lệ.','2023-01-02 21:23:12','2023-01-02 21:23:12'),(4850,1,'vi','validation','distinct','Trường :attribute có giá trị trùng lặp.','2023-01-02 21:23:12','2023-01-02 21:23:12'),(4851,1,'vi','validation','email','Trường :attribute phải là một địa chỉ email hợp lệ.','2023-01-02 21:23:12','2023-01-02 21:23:12'),(4852,1,'vi','validation','ends_with','Trường :attribute phải kết thúc bằng một trong những giá trị sau: :values','2023-01-02 21:23:12','2023-01-02 21:23:12'),(4853,1,'vi','validation','exists','Giá trị đã chọn trong trường :attribute không hợp lệ.','2023-01-02 21:23:12','2023-01-02 21:23:12'),(4854,1,'vi','validation','file','Trường :attribute phải là một tệp tin.','2023-01-02 21:23:12','2023-01-02 21:23:12'),(4855,1,'vi','validation','filled','Trường :attribute không được bỏ trống.','2023-01-02 21:23:12','2023-01-02 21:23:12'),(4856,1,'vi','validation','gt.array','Mảng :attribute phải có nhiều hơn :value phần tử.','2023-01-02 21:23:12','2023-01-02 21:23:12'),(4857,1,'vi','validation','gt.file','Dung lượng trường :attribute phải lớn hơn :value kilobytes.','2023-01-02 21:23:12','2023-01-02 21:23:12'),(4858,1,'vi','validation','gt.numeric','Giá trị trường :attribute phải lớn hơn :value.','2023-01-02 21:23:12','2023-01-02 21:23:12'),(4859,1,'vi','validation','gt.string','Độ dài trường :attribute phải nhiều hơn :value kí tự.','2023-01-02 21:23:12','2023-01-02 21:23:12'),(4860,1,'vi','validation','gte.array','Mảng :attribute phải có ít nhất :value phần tử.','2023-01-02 21:23:12','2023-01-02 21:23:12'),(4861,1,'vi','validation','gte.file','Dung lượng trường :attribute phải lớn hơn hoặc bằng :value kilobytes.','2023-01-02 21:23:12','2023-01-02 21:23:12'),(4862,1,'vi','validation','gte.numeric','Giá trị trường :attribute phải lớn hơn hoặc bằng :value.','2023-01-02 21:23:12','2023-01-02 21:23:12'),(4863,1,'vi','validation','gte.string','Độ dài trường :attribute phải lớn hơn hoặc bằng :value kí tự.','2023-01-02 21:23:12','2023-01-02 21:23:12'),(4864,1,'vi','validation','image','Trường :attribute phải là định dạng hình ảnh.','2023-01-02 21:23:12','2023-01-02 21:23:12'),(4865,1,'vi','validation','in','Giá trị đã chọn trong trường :attribute không hợp lệ.','2023-01-02 21:23:12','2023-01-02 21:23:12'),(4866,1,'vi','validation','in_array','Trường :attribute phải thuộc tập cho phép: :other.','2023-01-02 21:23:12','2023-01-02 21:23:12'),(4867,1,'vi','validation','integer','Trường :attribute phải là một số nguyên.','2023-01-02 21:23:12','2023-01-02 21:23:12'),(4868,1,'vi','validation','ip','Trường :attribute phải là một địa chỉ IP.','2023-01-02 21:23:12','2023-01-02 21:23:12'),(4869,1,'vi','validation','ipv4','Trường :attribute phải là một địa chỉ IPv4.','2023-01-02 21:23:12','2023-01-02 21:23:12'),(4870,1,'vi','validation','ipv6','Trường :attribute phải là một địa chỉ IPv6.','2023-01-02 21:23:12','2023-01-02 21:23:12'),(4871,1,'vi','validation','json','Trường :attribute phải là một chuỗi JSON.','2023-01-02 21:23:12','2023-01-02 21:23:12'),(4872,1,'vi','validation','lt.array','Mảng :attribute phải có ít hơn :value phần tử.','2023-01-02 21:23:12','2023-01-02 21:23:12'),(4873,1,'vi','validation','lt.file','Dung lượng trường :attribute phải nhỏ hơn :value kilobytes.','2023-01-02 21:23:12','2023-01-02 21:23:12'),(4874,1,'vi','validation','lt.numeric','Giá trị trường :attribute phải nhỏ hơn :value.','2023-01-02 21:23:12','2023-01-02 21:23:12'),(4875,1,'vi','validation','lt.string','Độ dài trường :attribute phải nhỏ hơn :value kí tự.','2023-01-02 21:23:12','2023-01-02 21:23:12'),(4876,1,'vi','validation','lte.array','Mảng :attribute không được có nhiều hơn :value phần tử.','2023-01-02 21:23:12','2023-01-02 21:23:12'),(4877,1,'vi','validation','lte.file','Dung lượng trường :attribute phải nhỏ hơn hoặc bằng :value kilobytes.','2023-01-02 21:23:12','2023-01-02 21:23:12'),(4878,1,'vi','validation','lte.numeric','Giá trị trường :attribute phải nhỏ hơn hoặc bằng :value.','2023-01-02 21:23:12','2023-01-02 21:23:12'),(4879,1,'vi','validation','lte.string','Độ dài trường :attribute phải nhỏ hơn hoặc bằng :value kí tự.','2023-01-02 21:23:12','2023-01-02 21:23:12'),(4880,1,'vi','validation','max.array','Trường :attribute không được lớn hơn :max phần tử.','2023-01-02 21:23:12','2023-01-02 21:23:12'),(4881,1,'vi','validation','max.file','Dung lượng tập tin trong trường :attribute không được lớn hơn :max kB.','2023-01-02 21:23:12','2023-01-02 21:23:12'),(4882,1,'vi','validation','max.numeric','Trường :attribute không được lớn hơn :max.','2023-01-02 21:23:12','2023-01-02 21:23:12'),(4883,1,'vi','validation','max.string','Trường :attribute không được lớn hơn :max kí tự.','2023-01-02 21:23:12','2023-01-02 21:23:12'),(4884,1,'vi','validation','mimes','Trường :attribute phải là một tập tin có định dạng: :values.','2023-01-02 21:23:12','2023-01-02 21:23:12'),(4885,1,'vi','validation','mimetypes','Trường :attribute phải là một tập tin có định dạng: :values.','2023-01-02 21:23:12','2023-01-02 21:23:12'),(4886,1,'vi','validation','min.array','Trường :attribute phải có tối thiểu :min phần tử.','2023-01-02 21:23:12','2023-01-02 21:23:12'),(4887,1,'vi','validation','min.file','Dung lượng tập tin trong trường :attribute phải tối thiểu :min kB.','2023-01-02 21:23:12','2023-01-02 21:23:12'),(4888,1,'vi','validation','min.numeric','Trường :attribute phải tối thiểu là :min.','2023-01-02 21:23:12','2023-01-02 21:23:12'),(4889,1,'vi','validation','min.string','Trường :attribute phải có tối thiểu :min kí tự.','2023-01-02 21:23:12','2023-01-02 21:23:12'),(4890,1,'vi','validation','multiple_of','Trường :attribute phải là bội số của :value','2023-01-02 21:23:12','2023-01-02 21:23:12'),(4891,1,'vi','validation','not_in','Giá trị đã chọn trong trường :attribute không hợp lệ.','2023-01-02 21:23:12','2023-01-02 21:23:12'),(4892,1,'vi','validation','not_regex','Trường :attribute có định dạng không hợp lệ.','2023-01-02 21:23:12','2023-01-02 21:23:12'),(4893,1,'vi','validation','numeric','Trường :attribute phải là một số.','2023-01-02 21:23:12','2023-01-02 21:23:12'),(4894,1,'vi','validation','password','Mật khẩu không đúng.','2023-01-02 21:23:13','2023-01-02 21:23:13'),(4895,1,'vi','validation','present','Trường :attribute phải được cung cấp.','2023-01-02 21:23:13','2023-01-02 21:23:13'),(4896,1,'vi','validation','prohibited','Trường :attribute bị cấm.','2023-01-02 21:23:13','2023-01-02 21:23:13'),(4897,1,'vi','validation','prohibited_if','Trường :attribute bị cấm khi :other là :value.','2023-01-02 21:23:13','2023-01-02 21:23:13'),(4898,1,'vi','validation','prohibited_unless','Trường :attribute bị cấm trừ khi :other là một trong :values.','2023-01-02 21:23:13','2023-01-02 21:23:13'),(4899,1,'vi','validation','regex','Trường :attribute có định dạng không hợp lệ.','2023-01-02 21:23:13','2023-01-02 21:23:13'),(4900,1,'vi','validation','required','Trường :attribute không được bỏ trống.','2023-01-02 21:23:13','2023-01-02 21:23:13'),(4901,1,'vi','validation','required_if','Trường :attribute không được bỏ trống khi trường :other là :value.','2023-01-02 21:23:13','2023-01-02 21:23:13'),(4902,1,'vi','validation','required_unless','Trường :attribute không được bỏ trống trừ khi :other là :values.','2023-01-02 21:23:13','2023-01-02 21:23:13'),(4903,1,'vi','validation','required_with','Trường :attribute không được bỏ trống khi một trong :values có giá trị.','2023-01-02 21:23:13','2023-01-02 21:23:13'),(4904,1,'vi','validation','required_with_all','Trường :attribute không được bỏ trống khi tất cả :values có giá trị.','2023-01-02 21:23:13','2023-01-02 21:23:13'),(4905,1,'vi','validation','required_without','Trường :attribute không được bỏ trống khi một trong :values không có giá trị.','2023-01-02 21:23:13','2023-01-02 21:23:13'),(4906,1,'vi','validation','required_without_all','Trường :attribute không được bỏ trống khi tất cả :values không có giá trị.','2023-01-02 21:23:13','2023-01-02 21:23:13'),(4907,1,'vi','validation','same','Trường :attribute và :other phải giống nhau.','2023-01-02 21:23:13','2023-01-02 21:23:13'),(4908,1,'vi','validation','size.array','Trường :attribute phải chứa :size phần tử.','2023-01-02 21:23:13','2023-01-02 21:23:13'),(4909,1,'vi','validation','size.file','Dung lượng tập tin trong trường :attribute phải bằng :size kB.','2023-01-02 21:23:13','2023-01-02 21:23:13'),(4910,1,'vi','validation','size.numeric','Trường :attribute phải bằng :size.','2023-01-02 21:23:13','2023-01-02 21:23:13'),(4911,1,'vi','validation','size.string','Trường :attribute phải chứa :size kí tự.','2023-01-02 21:23:13','2023-01-02 21:23:13'),(4912,1,'vi','validation','starts_with','Trường :attribute phải được bắt đầu bằng một trong những giá trị sau: :values','2023-01-02 21:23:13','2023-01-02 21:23:13'),(4913,1,'vi','validation','string','Trường :attribute phải là một chuỗi kí tự.','2023-01-02 21:23:13','2023-01-02 21:23:13'),(4914,1,'vi','validation','timezone','Trường :attribute phải là một múi giờ hợp lệ.','2023-01-02 21:23:13','2023-01-02 21:23:13'),(4915,1,'vi','validation','unique','Trường :attribute đã có trong cơ sở dữ liệu.','2023-01-02 21:23:13','2023-01-02 21:23:13'),(4916,1,'vi','validation','uploaded','Trường :attribute tải lên thất bại.','2023-01-02 21:23:13','2023-01-02 21:23:13'),(4917,1,'vi','validation','url','Trường :attribute không giống với định dạng một URL.','2023-01-02 21:23:13','2023-01-02 21:23:13'),(4918,1,'vi','validation','uuid','Trường :attribute phải là một chuỗi UUID hợp lệ.','2023-01-02 21:23:13','2023-01-02 21:23:13'),(4919,1,'vi','validation','custom.attribute-name.rule-name','custom-message','2023-01-02 21:23:13','2023-01-02 21:23:13');
/*!40000 ALTER TABLE `translations` ENABLE KEYS */;
UNLOCK TABLES;

--
-- Table structure for table `user_meta`
--

DROP TABLE IF EXISTS `user_meta`;
/*!40101 SET @saved_cs_client     = @@character_set_client */;
/*!50503 SET character_set_client = utf8mb4 */;
CREATE TABLE `user_meta` (
  `id` bigint unsigned NOT NULL AUTO_INCREMENT,
  `key` varchar(191) COLLATE utf8mb4_unicode_ci DEFAULT NULL,
  `value` varchar(191) COLLATE utf8mb4_unicode_ci DEFAULT NULL,
  `user_id` int unsigned NOT NULL,
  `created_at` timestamp NULL DEFAULT NULL,
  `updated_at` timestamp NULL DEFAULT NULL,
  PRIMARY KEY (`id`),
  KEY `user_meta_user_id_index` (`user_id`)
) ENGINE=InnoDB DEFAULT CHARSET=utf8mb4 COLLATE=utf8mb4_unicode_ci;
/*!40101 SET character_set_client = @saved_cs_client */;

--
-- Dumping data for table `user_meta`
--

LOCK TABLES `user_meta` WRITE;
/*!40000 ALTER TABLE `user_meta` DISABLE KEYS */;
/*!40000 ALTER TABLE `user_meta` ENABLE KEYS */;
UNLOCK TABLES;

--
-- Table structure for table `users`
--

DROP TABLE IF EXISTS `users`;
/*!40101 SET @saved_cs_client     = @@character_set_client */;
/*!50503 SET character_set_client = utf8mb4 */;
CREATE TABLE `users` (
  `id` bigint unsigned NOT NULL AUTO_INCREMENT,
  `email` varchar(191) COLLATE utf8mb4_unicode_ci NOT NULL,
  `email_verified_at` timestamp NULL DEFAULT NULL,
  `password` varchar(191) CHARACTER SET utf8mb4 COLLATE utf8mb4_unicode_ci DEFAULT NULL,
  `remember_token` varchar(100) COLLATE utf8mb4_unicode_ci DEFAULT NULL,
  `created_at` timestamp NULL DEFAULT NULL,
  `updated_at` timestamp NULL DEFAULT NULL,
  `first_name` varchar(191) COLLATE utf8mb4_unicode_ci DEFAULT NULL,
  `last_name` varchar(191) COLLATE utf8mb4_unicode_ci DEFAULT NULL,
  `username` varchar(60) COLLATE utf8mb4_unicode_ci DEFAULT NULL,
  `avatar_id` int unsigned DEFAULT NULL,
  `super_user` tinyint(1) NOT NULL DEFAULT '0',
  `manage_supers` tinyint(1) NOT NULL DEFAULT '0',
  `permissions` text COLLATE utf8mb4_unicode_ci,
  `last_login` timestamp NULL DEFAULT NULL,
  PRIMARY KEY (`id`),
  UNIQUE KEY `users_email_unique` (`email`),
  UNIQUE KEY `users_username_unique` (`username`)
) ENGINE=InnoDB AUTO_INCREMENT=2 DEFAULT CHARSET=utf8mb4 COLLATE=utf8mb4_unicode_ci;
/*!40101 SET character_set_client = @saved_cs_client */;

--
-- Dumping data for table `users`
--

LOCK TABLES `users` WRITE;
/*!40000 ALTER TABLE `users` DISABLE KEYS */;
INSERT INTO `users` VALUES (1,'admin@botble.com',NULL,'$2y$10$ZnyjzSUuNtXa9pd.pNHlyejyR1hFwyzrneBrg7VH9nuSzAoWDhbAW',NULL,'2023-01-02 21:22:37','2023-01-02 21:22:37','System','Admin','botble',NULL,1,1,NULL,NULL);
/*!40000 ALTER TABLE `users` ENABLE KEYS */;
UNLOCK TABLES;

--
-- Table structure for table `widgets`
--

DROP TABLE IF EXISTS `widgets`;
/*!40101 SET @saved_cs_client     = @@character_set_client */;
/*!50503 SET character_set_client = utf8mb4 */;
CREATE TABLE `widgets` (
  `id` bigint unsigned NOT NULL AUTO_INCREMENT,
  `widget_id` varchar(120) COLLATE utf8mb4_unicode_ci NOT NULL,
  `sidebar_id` varchar(120) COLLATE utf8mb4_unicode_ci NOT NULL,
  `theme` varchar(120) COLLATE utf8mb4_unicode_ci NOT NULL,
  `position` tinyint unsigned NOT NULL DEFAULT '0',
  `data` text COLLATE utf8mb4_unicode_ci,
  `created_at` timestamp NULL DEFAULT NULL,
  `updated_at` timestamp NULL DEFAULT NULL,
  PRIMARY KEY (`id`)
) ENGINE=InnoDB AUTO_INCREMENT=25 DEFAULT CHARSET=utf8mb4 COLLATE=utf8mb4_unicode_ci;
/*!40101 SET character_set_client = @saved_cs_client */;

--
-- Dumping data for table `widgets`
--

LOCK TABLES `widgets` WRITE;
/*!40000 ALTER TABLE `widgets` DISABLE KEYS */;
INSERT INTO `widgets` VALUES (1,'NewsletterWidget','top_footer_sidebar','wowy',1,'{\"id\":\"NewsletterWidget\",\"name\":\"Sign up to Newsletter\",\"subtitle\":\"...and receive $25 coupon for first shopping.\"}','2023-01-02 21:22:38','2023-01-02 21:22:38'),(2,'SiteInfoWidget','footer_sidebar','wowy',0,'{\"id\":\"SiteInfoWidget\",\"name\":\"Site information\"}','2023-01-02 21:22:38','2023-01-02 21:22:38'),(3,'CustomMenuWidget','footer_sidebar','wowy',1,'{\"id\":\"CustomMenuWidget\",\"name\":\"Categories\",\"menu_id\":\"product-categories\"}','2023-01-02 21:22:38','2023-01-02 21:22:38'),(4,'CustomMenuWidget','footer_sidebar','wowy',2,'{\"id\":\"CustomMenuWidget\",\"name\":\"Information\",\"menu_id\":\"information\"}','2023-01-02 21:22:38','2023-01-02 21:22:38'),(5,'PaymentMethodsWidget','footer_sidebar','wowy',3,'{\"id\":\"PaymentMethodsWidget\",\"name\":\"Payments\",\"description\":\"Secured Payment Gateways\",\"image\":\"general\\/payment-methods.png\"}','2023-01-02 21:22:38','2023-01-02 21:22:38'),(6,'BlogSearchWidget','primary_sidebar','wowy',0,'{\"id\":\"BlogSearchWidget\",\"name\":\"Search\"}','2023-01-02 21:22:38','2023-01-02 21:22:38'),(7,'BlogCategoriesWidget','primary_sidebar','wowy',1,'{\"id\":\"BlogCategoriesWidget\",\"name\":\"Categories\"}','2023-01-02 21:22:38','2023-01-02 21:22:38'),(8,'RecentPostsWidget','primary_sidebar','wowy',2,'{\"id\":\"RecentPostsWidget\",\"name\":\"Recent Posts\"}','2023-01-02 21:22:38','2023-01-02 21:22:38'),(9,'TagsWidget','primary_sidebar','wowy',4,'{\"id\":\"TagsWidget\",\"name\":\"Popular Tags\"}','2023-01-02 21:22:38','2023-01-02 21:22:38'),(10,'ProductCategoriesWidget','product_sidebar','wowy',1,'{\"id\":\"ProductCategoriesWidget\",\"name\":\"Categories\"}','2023-01-02 21:22:38','2023-01-02 21:22:38'),(11,'FeaturedProductsWidget','product_sidebar','wowy',2,'{\"id\":\"FeaturedProductsWidget\",\"name\":\"Featured Products\"}','2023-01-02 21:22:38','2023-01-02 21:22:38'),(12,'FeaturedBrandsWidget','product_sidebar','wowy',3,'{\"id\":\"FeaturedBrandsWidget\",\"name\":\"Manufacturers\"}','2023-01-02 21:22:38','2023-01-02 21:22:38'),(13,'NewsletterWidget','top_footer_sidebar','wowy-vi',1,'{\"id\":\"NewsletterWidget\",\"name\":\"\\u0110\\u0103ng k\\u00fd nh\\u1eadn b\\u1ea3n tin\",\"subtitle\":\"...v\\u00e0 nh\\u1eadn m\\u00e3 gi\\u1ea3m gi\\u00e1 $25 cho l\\u1ea7n \\u0111\\u1ea7u mua s\\u1eafm.\"}','2023-01-02 21:22:38','2023-01-02 21:22:38'),(14,'SiteInfoWidget','footer_sidebar','wowy-vi',0,'{\"id\":\"SiteInfoWidget\",\"name\":\"V\\u1ec1 ch\\u00fang t\\u00f4i\"}','2023-01-02 21:22:38','2023-01-02 21:22:38'),(15,'CustomMenuWidget','footer_sidebar','wowy-vi',1,'{\"id\":\"CustomMenuWidget\",\"name\":\"Danh m\\u1ee5c s\\u1ea3n ph\\u1ea9m\",\"menu_id\":\"danh-muc-san-pham\"}','2023-01-02 21:22:38','2023-01-02 21:22:38'),(16,'CustomMenuWidget','footer_sidebar','wowy-vi',2,'{\"id\":\"CustomMenuWidget\",\"name\":\"Th\\u00f4ng tin\",\"menu_id\":\"thong-tin\"}','2023-01-02 21:22:38','2023-01-02 21:22:38'),(17,'PaymentMethodsWidget','footer_sidebar','wowy-vi',3,'{\"id\":\"PaymentMethodsWidget\",\"name\":\"Thanh to\\u00e1n\",\"description\":\"C\\u1ed5ng thanh to\\u00e1n an to\\u00e0n\",\"image\":\"general\\/payment-methods.png\"}','2023-01-02 21:22:38','2023-01-02 21:22:38'),(18,'BlogSearchWidget','primary_sidebar','wowy-vi',0,'{\"id\":\"BlogSearchWidget\",\"name\":\"T\\u00ecm ki\\u1ebfm\"}','2023-01-02 21:22:38','2023-01-02 21:22:38'),(19,'BlogCategoriesWidget','primary_sidebar','wowy-vi',1,'{\"id\":\"BlogCategoriesWidget\",\"name\":\"Danh m\\u1ee5c\"}','2023-01-02 21:22:38','2023-01-02 21:22:38'),(20,'RecentPostsWidget','primary_sidebar','wowy-vi',2,'{\"id\":\"RecentPostsWidget\",\"name\":\"B\\u00e0i vi\\u1ebft g\\u1ea7n \\u0111\\u00e2y\"}','2023-01-02 21:22:38','2023-01-02 21:22:38'),(21,'TagsWidget','primary_sidebar','wowy-vi',4,'{\"id\":\"TagsWidget\",\"name\":\"Tags ph\\u1ed5 bi\\u1ebfn\"}','2023-01-02 21:22:38','2023-01-02 21:22:38'),(22,'ProductCategoriesWidget','product_sidebar','wowy-vi',1,'{\"id\":\"ProductCategoriesWidget\",\"name\":\"Danh m\\u1ee5c s\\u1ea3n ph\\u1ea9m\"}','2023-01-02 21:22:38','2023-01-02 21:22:38'),(23,'FeaturedProductsWidget','product_sidebar','wowy-vi',2,'{\"id\":\"FeaturedProductsWidget\",\"name\":\"S\\u1ea3n ph\\u1ea9m n\\u1ed5i b\\u1eadt\"}','2023-01-02 21:22:38','2023-01-02 21:22:38'),(24,'FeaturedBrandsWidget','product_sidebar','wowy-vi',3,'{\"id\":\"FeaturedBrandsWidget\",\"name\":\"Nh\\u00e0 cung c\\u1ea5p\"}','2023-01-02 21:22:38','2023-01-02 21:22:38');
/*!40000 ALTER TABLE `widgets` ENABLE KEYS */;
UNLOCK TABLES;
/*!40103 SET TIME_ZONE=@OLD_TIME_ZONE */;

/*!40101 SET SQL_MODE=@OLD_SQL_MODE */;
/*!40014 SET FOREIGN_KEY_CHECKS=@OLD_FOREIGN_KEY_CHECKS */;
/*!40014 SET UNIQUE_CHECKS=@OLD_UNIQUE_CHECKS */;
/*!40101 SET CHARACTER_SET_CLIENT=@OLD_CHARACTER_SET_CLIENT */;
/*!40101 SET CHARACTER_SET_RESULTS=@OLD_CHARACTER_SET_RESULTS */;
/*!40101 SET COLLATION_CONNECTION=@OLD_COLLATION_CONNECTION */;
/*!40111 SET SQL_NOTES=@OLD_SQL_NOTES */;

-- Dump completed on 2023-01-03 11:23:17
